10/08/2026 - [10:45:52][INFO]: package: mysql.connector.plugins
10/08/2026 - [10:45:52][INFO]: plugin_name: caching_sha2_password
10/08/2026 - [10:45:52][INFO]: AUTHENTICATION_PLUGIN_CLASS: MySQLCachingSHA2PasswordAuthPlugin
10/08/2026 - [10:45:52][INFO]: package: mysql.connector.plugins
10/08/2026 - [10:45:52][INFO]: plugin_name: mysql_native_password
10/08/2026 - [10:45:52][INFO]: AUTHENTICATION_PLUGIN_CLASS: MySQLNativePasswordAuthPlugin
10/08/2026 - [10:45:52][INFO]: O banco de dados foi conectado!!!
10/08/2026 - [10:47:04][INFO]: package: mysql.connector.plugins
10/08/2026 - [10:47:04][INFO]: plugin_name: caching_sha2_password
10/08/2026 - [10:47:04][INFO]: AUTHENTICATION_PLUGIN_CLASS: MySQLCachingSHA2PasswordAuthPlugin
10/08/2026 - [10:47:04][INFO]: package: mysql.connector.plugins
10/08/2026 - [10:47:04][INFO]: plugin_name: mysql_native_password
10/08/2026 - [10:47:04][INFO]: AUTHENTICATION_PLUGIN_CLASS: MySQLNativePasswordAuthPlugin
10/08/2026 - [10:47:04][INFO]: O banco de dados foi conectado!!!
10/08/2026 - [10:47:45][INFO]: package: mysql.connector.plugins
10/08/2026 - [10:47:45][INFO]: plugin_name: caching_sha2_password
10/08/2026 - [10:47:45][INFO]: AUTHENTICATION_PLUGIN_CLASS: MySQLCachingSHA2PasswordAuthPlugin
10/08/2026 - [10:47:45][INFO]: package: mysql.connector.plugins
10/08/2026 - [10:47:45][INFO]: plugin_name: mysql_native_password
10/08/2026 - [10:47:45][INFO]: AUTHENTICATION_PLUGIN_CLASS: MySQLNativePasswordAuthPlugin
10/08/2026 - [10:47:45][INFO]: O banco de dados foi conectado!!!
10/08/2026 - [10:48:21][INFO]: package: mysql.connector.plugins
10/08/2026 - [10:48:21][INFO]: plugin_name: caching_sha2_password
10/08/2026 - [10:48:21][INFO]: AUTHENTICATION_PLUGIN_CLASS: MySQLCachingSHA2PasswordAuthPlugin
10/08/2026 - [10:48:21][INFO]: package: mysql.connector.plugins
10/08/2026 - [10:48:21][INFO]: plugin_name: mysql_native_password
10/08/2026 - [10:48:21][INFO]: AUTHENTICATION_PLUGIN_CLASS: MySQLNativePasswordAuthPlugin
10/08/2026 - [10:48:21][INFO]: O banco de dados foi conectado!!!
10/08/2026 - [10:48:54][ERROR]: Aconteceu um erro inesperado ao tentar consultar dados do banco de dados: 'NoneType' object has no attribute 'execute'
Traceback (most recent call last):
  File "/home/jeremias/Documentos/pasta_de_projetos/Automatizacao _pagamentos_internacionais/manipulacao_dados/banco_dados.py", line 65, in clientes_pendentes
    self.cursor.execute(
    ^^^^^^^^^^^^^^^^^^^
AttributeError: 'NoneType' object has no attribute 'execute'
10/08/2026 - [10:48:54][INFO]: package: mysql.connector.plugins
10/08/2026 - [10:48:54][INFO]: plugin_name: caching_sha2_password
10/08/2026 - [10:48:54][INFO]: AUTHENTICATION_PLUGIN_CLASS: MySQLCachingSHA2PasswordAuthPlugin
10/08/2026 - [10:48:54][INFO]: package: mysql.connector.plugins
10/08/2026 - [10:48:54][INFO]: plugin_name: mysql_native_password
10/08/2026 - [10:48:54][INFO]: AUTHENTICATION_PLUGIN_CLASS: MySQLNativePasswordAuthPlugin
10/08/2026 - [10:48:54][INFO]: O banco de dados foi conectado!!!
10/08/2026 - [10:50:37][ERROR]: Aconteceu um erro inesperado ao tentar consultar dados do banco de dados: 'NoneType' object has no attribute 'execute'
Traceback (most recent call last):
  File "/home/jeremias/Documentos/pasta_de_projetos/Automatizacao _pagamentos_internacionais/manipulacao_dados/banco_dados.py", line 65, in clientes_pendentes
    self.cursor.execute(
    ^^^^^^^^^^^^^^^^^^^
AttributeError: 'NoneType' object has no attribute 'execute'
10/08/2026 - [10:52:43][INFO]: package: mysql.connector.plugins
10/08/2026 - [10:52:43][INFO]: plugin_name: caching_sha2_password
10/08/2026 - [10:52:43][INFO]: AUTHENTICATION_PLUGIN_CLASS: MySQLCachingSHA2PasswordAuthPlugin
10/08/2026 - [10:52:43][INFO]: package: mysql.connector.plugins
10/08/2026 - [10:52:43][INFO]: plugin_name: mysql_native_password
10/08/2026 - [10:52:43][INFO]: AUTHENTICATION_PLUGIN_CLASS: MySQLNativePasswordAuthPlugin
10/08/2026 - [10:52:43][INFO]: O banco de dados foi conectado!!!
10/08/2026 - [10:52:53][INFO]: package: mysql.connector.plugins
10/08/2026 - [10:52:53][INFO]: plugin_name: caching_sha2_password
10/08/2026 - [10:52:53][INFO]: AUTHENTICATION_PLUGIN_CLASS: MySQLCachingSHA2PasswordAuthPlugin
10/08/2026 - [10:52:53][INFO]: package: mysql.connector.plugins
10/08/2026 - [10:52:53][INFO]: plugin_name: mysql_native_password
10/08/2026 - [10:52:53][INFO]: AUTHENTICATION_PLUGIN_CLASS: MySQLNativePasswordAuthPlugin
10/08/2026 - [10:52:53][INFO]: O banco de dados foi conectado!!!
10/08/2026 - [10:52:53][INFO]: Banco de dados desconectado
10/08/2026 - [10:53:04][INFO]: package: mysql.connector.plugins
10/08/2026 - [10:53:04][INFO]: plugin_name: caching_sha2_password
10/08/2026 - [10:53:04][INFO]: AUTHENTICATION_PLUGIN_CLASS: MySQLCachingSHA2PasswordAuthPlugin
10/08/2026 - [10:53:04][INFO]: package: mysql.connector.plugins
10/08/2026 - [10:53:04][INFO]: plugin_name: mysql_native_password
10/08/2026 - [10:53:04][INFO]: AUTHENTICATION_PLUGIN_CLASS: MySQLNativePasswordAuthPlugin
10/08/2026 - [10:53:04][INFO]: O banco de dados foi conectado!!!
10/08/2026 - [10:53:04][INFO]: Banco de dados desconectado
10/08/2026 - [10:53:18][INFO]: package: mysql.connector.plugins
10/08/2026 - [10:53:18][INFO]: plugin_name: caching_sha2_password
10/08/2026 - [10:53:18][INFO]: AUTHENTICATION_PLUGIN_CLASS: MySQLCachingSHA2PasswordAuthPlugin
10/08/2026 - [10:53:18][INFO]: package: mysql.connector.plugins
10/08/2026 - [10:53:18][INFO]: plugin_name: mysql_native_password
10/08/2026 - [10:53:18][INFO]: AUTHENTICATION_PLUGIN_CLASS: MySQLNativePasswordAuthPlugin
10/08/2026 - [10:53:18][INFO]: O banco de dados foi conectado!!!
10/08/2026 - [10:53:18][INFO]: Banco de dados desconectado
10/08/2026 - [10:53:25][INFO]: package: mysql.connector.plugins
10/08/2026 - [10:53:25][INFO]: plugin_name: caching_sha2_password
10/08/2026 - [10:53:25][INFO]: AUTHENTICATION_PLUGIN_CLASS: MySQLCachingSHA2PasswordAuthPlugin
10/08/2026 - [10:53:25][INFO]: package: mysql.connector.plugins
10/08/2026 - [10:53:25][INFO]: plugin_name: mysql_native_password
10/08/2026 - [10:53:25][INFO]: AUTHENTICATION_PLUGIN_CLASS: MySQLNativePasswordAuthPlugin
10/08/2026 - [10:53:25][INFO]: O banco de dados foi conectado!!!
10/08/2026 - [10:53:25][INFO]: Banco de dados desconectado
10/08/2026 - [10:58:29][INFO]: package: mysql.connector.plugins
10/08/2026 - [10:58:29][INFO]: plugin_name: caching_sha2_password
10/08/2026 - [10:58:29][INFO]: AUTHENTICATION_PLUGIN_CLASS: MySQLCachingSHA2PasswordAuthPlugin
10/08/2026 - [10:58:29][INFO]: package: mysql.connector.plugins
10/08/2026 - [10:58:29][INFO]: plugin_name: mysql_native_password
10/08/2026 - [10:58:29][INFO]: AUTHENTICATION_PLUGIN_CLASS: MySQLNativePasswordAuthPlugin
10/08/2026 - [10:58:29][INFO]: O banco de dados foi conectado!!!
10/08/2026 - [11:04:31][INFO]: package: mysql.connector.plugins
10/08/2026 - [11:04:31][INFO]: plugin_name: caching_sha2_password
10/08/2026 - [11:04:31][INFO]: AUTHENTICATION_PLUGIN_CLASS: MySQLCachingSHA2PasswordAuthPlugin
10/08/2026 - [11:04:31][INFO]: package: mysql.connector.plugins
10/08/2026 - [11:04:31][INFO]: plugin_name: mysql_native_password
10/08/2026 - [11:04:31][INFO]: AUTHENTICATION_PLUGIN_CLASS: MySQLNativePasswordAuthPlugin
10/08/2026 - [11:04:31][INFO]: O banco de dados foi conectado!!!
10/08/2026 - [11:04:31][INFO]: Banco de dados desconectado
10/08/2026 - [11:05:17][INFO]: package: mysql.connector.plugins
10/08/2026 - [11:05:17][INFO]: plugin_name: caching_sha2_password
10/08/2026 - [11:05:17][INFO]: AUTHENTICATION_PLUGIN_CLASS: MySQLCachingSHA2PasswordAuthPlugin
10/08/2026 - [11:05:17][INFO]: package: mysql.connector.plugins
10/08/2026 - [11:05:17][INFO]: plugin_name: mysql_native_password
10/08/2026 - [11:05:17][INFO]: AUTHENTICATION_PLUGIN_CLASS: MySQLNativePasswordAuthPlugin
10/08/2026 - [11:05:17][INFO]: O banco de dados foi conectado!!!
10/08/2026 - [11:05:17][INFO]: Banco de dados desconectado
10/08/2026 - [11:06:15][INFO]: package: mysql.connector.plugins
10/08/2026 - [11:06:15][INFO]: plugin_name: caching_sha2_password
10/08/2026 - [11:06:15][INFO]: AUTHENTICATION_PLUGIN_CLASS: MySQLCachingSHA2PasswordAuthPlugin
10/08/2026 - [11:06:15][INFO]: package: mysql.connector.plugins
10/08/2026 - [11:06:15][INFO]: plugin_name: mysql_native_password
10/08/2026 - [11:06:15][INFO]: AUTHENTICATION_PLUGIN_CLASS: MySQLNativePasswordAuthPlugin
10/08/2026 - [11:06:15][INFO]: O banco de dados foi conectado!!!
10/08/2026 - [11:06:15][INFO]: O banco de dados foi conectado!!!
10/08/2026 - [11:06:15][INFO]: Banco de dados desconectado
10/08/2026 - [13:19:34][INFO]: package: mysql.connector.plugins
10/08/2026 - [13:19:34][INFO]: plugin_name: caching_sha2_password
10/08/2026 - [13:19:34][INFO]: AUTHENTICATION_PLUGIN_CLASS: MySQLCachingSHA2PasswordAuthPlugin
10/08/2026 - [13:19:34][INFO]: package: mysql.connector.plugins
10/08/2026 - [13:19:34][INFO]: plugin_name: mysql_native_password
10/08/2026 - [13:19:34][INFO]: AUTHENTICATION_PLUGIN_CLASS: MySQLNativePasswordAuthPlugin
10/08/2026 - [13:19:34][INFO]: O banco de dados foi conectado!!!
10/08/2026 - [13:19:35][INFO]: Banco de dados desconectado
10/08/2026 - [13:20:11][INFO]: package: mysql.connector.plugins
10/08/2026 - [13:20:11][INFO]: plugin_name: caching_sha2_password
10/08/2026 - [13:20:11][INFO]: AUTHENTICATION_PLUGIN_CLASS: MySQLCachingSHA2PasswordAuthPlugin
10/08/2026 - [13:20:11][INFO]: package: mysql.connector.plugins
10/08/2026 - [13:20:11][INFO]: plugin_name: mysql_native_password
10/08/2026 - [13:20:11][INFO]: AUTHENTICATION_PLUGIN_CLASS: MySQLNativePasswordAuthPlugin
10/08/2026 - [13:20:11][INFO]: O banco de dados foi conectado!!!
10/08/2026 - [13:20:11][INFO]: Banco de dados desconectado
10/08/2026 - [13:28:48][INFO]: package: mysql.connector.plugins
10/08/2026 - [13:28:48][INFO]: plugin_name: caching_sha2_password
10/08/2026 - [13:28:48][INFO]: AUTHENTICATION_PLUGIN_CLASS: MySQLCachingSHA2PasswordAuthPlugin
10/08/2026 - [13:28:48][INFO]: package: mysql.connector.plugins
10/08/2026 - [13:28:48][INFO]: plugin_name: mysql_native_password
10/08/2026 - [13:28:48][INFO]: AUTHENTICATION_PLUGIN_CLASS: MySQLNativePasswordAuthPlugin
10/08/2026 - [13:28:48][INFO]: O banco de dados foi conectado!!!
10/08/2026 - [13:29:14][INFO]: package: mysql.connector.plugins
10/08/2026 - [13:29:14][INFO]: plugin_name: caching_sha2_password
10/08/2026 - [13:29:14][INFO]: AUTHENTICATION_PLUGIN_CLASS: MySQLCachingSHA2PasswordAuthPlugin
10/08/2026 - [13:29:14][INFO]: package: mysql.connector.plugins
10/08/2026 - [13:29:14][INFO]: plugin_name: mysql_native_password
10/08/2026 - [13:29:14][INFO]: AUTHENTICATION_PLUGIN_CLASS: MySQLNativePasswordAuthPlugin
10/08/2026 - [13:29:14][INFO]: O banco de dados foi conectado!!!
10/08/2026 - [13:30:57][INFO]: package: mysql.connector.plugins
10/08/2026 - [13:30:57][INFO]: plugin_name: caching_sha2_password
10/08/2026 - [13:30:57][INFO]: AUTHENTICATION_PLUGIN_CLASS: MySQLCachingSHA2PasswordAuthPlugin
10/08/2026 - [13:30:57][INFO]: package: mysql.connector.plugins
10/08/2026 - [13:30:57][INFO]: plugin_name: mysql_native_password
10/08/2026 - [13:30:57][INFO]: AUTHENTICATION_PLUGIN_CLASS: MySQLNativePasswordAuthPlugin
10/08/2026 - [13:30:57][INFO]: O banco de dados foi conectado!!!
10/08/2026 - [13:33:44][INFO]: package: mysql.connector.plugins
10/08/2026 - [13:33:44][INFO]: plugin_name: caching_sha2_password
10/08/2026 - [13:33:44][INFO]: AUTHENTICATION_PLUGIN_CLASS: MySQLCachingSHA2PasswordAuthPlugin
10/08/2026 - [13:33:44][INFO]: package: mysql.connector.plugins
10/08/2026 - [13:33:44][INFO]: plugin_name: mysql_native_password
10/08/2026 - [13:33:44][INFO]: AUTHENTICATION_PLUGIN_CLASS: MySQLNativePasswordAuthPlugin
10/08/2026 - [13:33:44][INFO]: O banco de dados foi conectado!!!
10/08/2026 - [13:34:26][INFO]: package: mysql.connector.plugins
10/08/2026 - [13:34:26][INFO]: plugin_name: caching_sha2_password
10/08/2026 - [13:34:26][INFO]: AUTHENTICATION_PLUGIN_CLASS: MySQLCachingSHA2PasswordAuthPlugin
10/08/2026 - [13:34:26][INFO]: package: mysql.connector.plugins
10/08/2026 - [13:34:26][INFO]: plugin_name: mysql_native_password
10/08/2026 - [13:34:26][INFO]: AUTHENTICATION_PLUGIN_CLASS: MySQLNativePasswordAuthPlugin
10/08/2026 - [13:34:26][INFO]: O banco de dados foi conectado!!!
10/08/2026 - [13:34:42][INFO]: package: mysql.connector.plugins
10/08/2026 - [13:34:42][INFO]: plugin_name: caching_sha2_password
10/08/2026 - [13:34:42][INFO]: AUTHENTICATION_PLUGIN_CLASS: MySQLCachingSHA2PasswordAuthPlugin
10/08/2026 - [13:34:42][INFO]: package: mysql.connector.plugins
10/08/2026 - [13:34:42][INFO]: plugin_name: mysql_native_password
10/08/2026 - [13:34:42][INFO]: AUTHENTICATION_PLUGIN_CLASS: MySQLNativePasswordAuthPlugin
10/08/2026 - [13:34:42][INFO]: O banco de dados foi conectado!!!
10/08/2026 - [13:34:50][INFO]: package: mysql.connector.plugins
10/08/2026 - [13:34:50][INFO]: plugin_name: caching_sha2_password
10/08/2026 - [13:34:50][INFO]: AUTHENTICATION_PLUGIN_CLASS: MySQLCachingSHA2PasswordAuthPlugin
10/08/2026 - [13:34:50][INFO]: package: mysql.connector.plugins
10/08/2026 - [13:34:50][INFO]: plugin_name: mysql_native_password
10/08/2026 - [13:34:50][INFO]: AUTHENTICATION_PLUGIN_CLASS: MySQLNativePasswordAuthPlugin
10/08/2026 - [13:34:50][INFO]: O banco de dados foi conectado!!!
10/08/2026 - [13:35:33][INFO]: package: mysql.connector.plugins
10/08/2026 - [13:35:33][INFO]: plugin_name: caching_sha2_password
10/08/2026 - [13:35:33][INFO]: AUTHENTICATION_PLUGIN_CLASS: MySQLCachingSHA2PasswordAuthPlugin
10/08/2026 - [13:35:33][INFO]: package: mysql.connector.plugins
10/08/2026 - [13:35:33][INFO]: plugin_name: mysql_native_password
10/08/2026 - [13:35:33][INFO]: AUTHENTICATION_PLUGIN_CLASS: MySQLNativePasswordAuthPlugin
10/08/2026 - [13:35:33][INFO]: O banco de dados foi conectado!!!
11/08/2026 - [01:28:18][INFO]: package: mysql.connector.plugins
11/08/2026 - [01:28:18][INFO]: plugin_name: caching_sha2_password
11/08/2026 - [01:28:18][INFO]: AUTHENTICATION_PLUGIN_CLASS: MySQLCachingSHA2PasswordAuthPlugin
11/08/2026 - [01:28:18][INFO]: package: mysql.connector.plugins
11/08/2026 - [01:28:18][INFO]: plugin_name: mysql_native_password
11/08/2026 - [01:28:18][INFO]: AUTHENTICATION_PLUGIN_CLASS: MySQLNativePasswordAuthPlugin
11/08/2026 - [01:28:18][INFO]: O banco de dados foi conectado!!!
11/08/2026 - [01:28:18][INFO]: Banco de dados desconectado
11/08/2026 - [10:41:41][INFO]: package: mysql.connector.plugins
11/08/2026 - [10:41:41][INFO]: plugin_name: caching_sha2_password
11/08/2026 - [10:41:41][INFO]: AUTHENTICATION_PLUGIN_CLASS: MySQLCachingSHA2PasswordAuthPlugin
11/08/2026 - [10:41:41][INFO]: package: mysql.connector.plugins
11/08/2026 - [10:41:41][INFO]: plugin_name: mysql_native_password
11/08/2026 - [10:41:41][INFO]: AUTHENTICATION_PLUGIN_CLASS: MySQLNativePasswordAuthPlugin
11/08/2026 - [10:41:41][INFO]: O banco de dados foi conectado!!!
11/08/2026 - [10:41:41][INFO]: Banco de dados desconectado
11/08/2026 - [10:42:23][INFO]: package: mysql.connector.plugins
11/08/2026 - [10:42:23][INFO]: plugin_name: caching_sha2_password
11/08/2026 - [10:42:23][INFO]: AUTHENTICATION_PLUGIN_CLASS: MySQLCachingSHA2PasswordAuthPlugin
11/08/2026 - [10:42:23][INFO]: package: mysql.connector.plugins
11/08/2026 - [10:42:23][INFO]: plugin_name: mysql_native_password
11/08/2026 - [10:42:23][INFO]: AUTHENTICATION_PLUGIN_CLASS: MySQLNativePasswordAuthPlugin
11/08/2026 - [10:42:23][INFO]: O banco de dados foi conectado!!!
11/08/2026 - [10:42:24][INFO]: Banco de dados desconectado
11/08/2026 - [10:53:05][INFO]: package: mysql.connector.plugins
11/08/2026 - [10:53:05][INFO]: plugin_name: caching_sha2_password
11/08/2026 - [10:53:05][INFO]: AUTHENTICATION_PLUGIN_CLASS: MySQLCachingSHA2PasswordAuthPlugin
11/08/2026 - [10:53:05][INFO]: package: mysql.connector.plugins
11/08/2026 - [10:53:05][INFO]: plugin_name: mysql_native_password
11/08/2026 - [10:53:05][INFO]: AUTHENTICATION_PLUGIN_CLASS: MySQLNativePasswordAuthPlugin
11/08/2026 - [10:53:05][INFO]: O banco de dados foi conectado!!!
11/08/2026 - [10:53:23][INFO]: package: mysql.connector.plugins
11/08/2026 - [10:53:23][INFO]: plugin_name: caching_sha2_password
11/08/2026 - [10:53:23][INFO]: AUTHENTICATION_PLUGIN_CLASS: MySQLCachingSHA2PasswordAuthPlugin
11/08/2026 - [10:53:23][INFO]: package: mysql.connector.plugins
11/08/2026 - [10:53:23][INFO]: plugin_name: mysql_native_password
11/08/2026 - [10:53:23][INFO]: AUTHENTICATION_PLUGIN_CLASS: MySQLNativePasswordAuthPlugin
11/08/2026 - [10:53:23][INFO]: O banco de dados foi conectado!!!
11/08/2026 - [10:57:04][INFO]: package: mysql.connector.plugins
11/08/2026 - [10:57:04][INFO]: plugin_name: caching_sha2_password
11/08/2026 - [10:57:04][INFO]: AUTHENTICATION_PLUGIN_CLASS: MySQLCachingSHA2PasswordAuthPlugin
11/08/2026 - [10:57:04][INFO]: package: mysql.connector.plugins
11/08/2026 - [10:57:04][INFO]: plugin_name: mysql_native_password
11/08/2026 - [10:57:04][INFO]: AUTHENTICATION_PLUGIN_CLASS: MySQLNativePasswordAuthPlugin
11/08/2026 - [10:57:04][INFO]: O banco de dados foi conectado!!!
11/08/2026 - [10:57:14][INFO]: package: mysql.connector.plugins
11/08/2026 - [10:57:14][INFO]: plugin_name: caching_sha2_password
11/08/2026 - [10:57:14][INFO]: AUTHENTICATION_PLUGIN_CLASS: MySQLCachingSHA2PasswordAuthPlugin
11/08/2026 - [10:57:14][INFO]: package: mysql.connector.plugins
11/08/2026 - [10:57:14][INFO]: plugin_name: mysql_native_password
11/08/2026 - [10:57:14][INFO]: AUTHENTICATION_PLUGIN_CLASS: MySQLNativePasswordAuthPlugin
11/08/2026 - [10:57:14][INFO]: O banco de dados foi conectado!!!
11/08/2026 - [10:58:49][INFO]: package: mysql.connector.plugins
11/08/2026 - [10:58:49][INFO]: plugin_name: caching_sha2_password
11/08/2026 - [10:58:49][INFO]: AUTHENTICATION_PLUGIN_CLASS: MySQLCachingSHA2PasswordAuthPlugin
11/08/2026 - [10:58:49][INFO]: package: mysql.connector.plugins
11/08/2026 - [10:58:49][INFO]: plugin_name: mysql_native_password
11/08/2026 - [10:58:49][INFO]: AUTHENTICATION_PLUGIN_CLASS: MySQLNativePasswordAuthPlugin
11/08/2026 - [10:58:49][INFO]: O banco de dados foi conectado!!!
11/08/2026 - [10:59:30][INFO]: package: mysql.connector.plugins
11/08/2026 - [10:59:30][INFO]: plugin_name: caching_sha2_password
11/08/2026 - [10:59:30][INFO]: AUTHENTICATION_PLUGIN_CLASS: MySQLCachingSHA2PasswordAuthPlugin
11/08/2026 - [10:59:30][INFO]: package: mysql.connector.plugins
11/08/2026 - [10:59:30][INFO]: plugin_name: mysql_native_password
11/08/2026 - [10:59:30][INFO]: AUTHENTICATION_PLUGIN_CLASS: MySQLNativePasswordAuthPlugin
11/08/2026 - [10:59:30][INFO]: O banco de dados foi conectado!!!
11/08/2026 - [11:00:45][INFO]: package: mysql.connector.plugins
11/08/2026 - [11:00:45][INFO]: plugin_name: caching_sha2_password
11/08/2026 - [11:00:45][INFO]: AUTHENTICATION_PLUGIN_CLASS: MySQLCachingSHA2PasswordAuthPlugin
11/08/2026 - [11:00:45][INFO]: package: mysql.connector.plugins
11/08/2026 - [11:00:45][INFO]: plugin_name: mysql_native_password
11/08/2026 - [11:00:45][INFO]: AUTHENTICATION_PLUGIN_CLASS: MySQLNativePasswordAuthPlugin
11/08/2026 - [11:00:45][INFO]: O banco de dados foi conectado!!!
11/08/2026 - [11:03:04][INFO]: package: mysql.connector.plugins
11/08/2026 - [11:03:04][INFO]: plugin_name: caching_sha2_password
11/08/2026 - [11:03:04][INFO]: AUTHENTICATION_PLUGIN_CLASS: MySQLCachingSHA2PasswordAuthPlugin
11/08/2026 - [11:03:04][INFO]: package: mysql.connector.plugins
11/08/2026 - [11:03:04][INFO]: plugin_name: mysql_native_password
11/08/2026 - [11:03:04][INFO]: AUTHENTICATION_PLUGIN_CLASS: MySQLNativePasswordAuthPlugin
11/08/2026 - [11:03:04][INFO]: O banco de dados foi conectado!!!
11/08/2026 - [11:03:08][INFO]: package: mysql.connector.plugins
11/08/2026 - [11:03:08][INFO]: plugin_name: caching_sha2_password
11/08/2026 - [11:03:08][INFO]: AUTHENTICATION_PLUGIN_CLASS: MySQLCachingSHA2PasswordAuthPlugin
11/08/2026 - [11:03:08][INFO]: package: mysql.connector.plugins
11/08/2026 - [11:03:08][INFO]: plugin_name: mysql_native_password
11/08/2026 - [11:03:08][INFO]: AUTHENTICATION_PLUGIN_CLASS: MySQLNativePasswordAuthPlugin
11/08/2026 - [11:03:08][INFO]: O banco de dados foi conectado!!!
11/08/2026 - [11:03:42][INFO]: package: mysql.connector.plugins
11/08/2026 - [11:03:42][INFO]: plugin_name: caching_sha2_password
11/08/2026 - [11:03:42][INFO]: AUTHENTICATION_PLUGIN_CLASS: MySQLCachingSHA2PasswordAuthPlugin
11/08/2026 - [11:03:42][INFO]: package: mysql.connector.plugins
11/08/2026 - [11:03:42][INFO]: plugin_name: mysql_native_password
11/08/2026 - [11:03:42][INFO]: AUTHENTICATION_PLUGIN_CLASS: MySQLNativePasswordAuthPlugin
11/08/2026 - [11:03:42][INFO]: O banco de dados foi conectado!!!
11/08/2026 - [11:04:07][INFO]: package: mysql.connector.plugins
11/08/2026 - [11:04:07][INFO]: plugin_name: caching_sha2_password
11/08/2026 - [11:04:07][INFO]: AUTHENTICATION_PLUGIN_CLASS: MySQLCachingSHA2PasswordAuthPlugin
11/08/2026 - [11:04:07][INFO]: package: mysql.connector.plugins
11/08/2026 - [11:04:07][INFO]: plugin_name: mysql_native_password
11/08/2026 - [11:04:07][INFO]: AUTHENTICATION_PLUGIN_CLASS: MySQLNativePasswordAuthPlugin
11/08/2026 - [11:04:07][INFO]: O banco de dados foi conectado!!!
11/08/2026 - [11:04:55][INFO]: package: mysql.connector.plugins
11/08/2026 - [11:04:55][INFO]: plugin_name: caching_sha2_password
11/08/2026 - [11:04:55][INFO]: AUTHENTICATION_PLUGIN_CLASS: MySQLCachingSHA2PasswordAuthPlugin
11/08/2026 - [11:04:55][INFO]: package: mysql.connector.plugins
11/08/2026 - [11:04:55][INFO]: plugin_name: mysql_native_password
11/08/2026 - [11:04:55][INFO]: AUTHENTICATION_PLUGIN_CLASS: MySQLNativePasswordAuthPlugin
11/08/2026 - [11:04:55][INFO]: O banco de dados foi conectado!!!
11/08/2026 - [11:18:05][INFO]: package: mysql.connector.plugins
11/08/2026 - [11:18:05][INFO]: plugin_name: caching_sha2_password
11/08/2026 - [11:18:05][INFO]: AUTHENTICATION_PLUGIN_CLASS: MySQLCachingSHA2PasswordAuthPlugin
11/08/2026 - [11:18:05][INFO]: package: mysql.connector.plugins
11/08/2026 - [11:18:05][INFO]: plugin_name: mysql_native_password
11/08/2026 - [11:18:05][INFO]: AUTHENTICATION_PLUGIN_CLASS: MySQLNativePasswordAuthPlugin
11/08/2026 - [11:18:05][INFO]: O banco de dados foi conectado!!!
11/08/2026 - [11:18:46][INFO]: package: mysql.connector.plugins
11/08/2026 - [11:18:46][INFO]: plugin_name: caching_sha2_password
11/08/2026 - [11:18:46][INFO]: AUTHENTICATION_PLUGIN_CLASS: MySQLCachingSHA2PasswordAuthPlugin
11/08/2026 - [11:18:46][INFO]: package: mysql.connector.plugins
11/08/2026 - [11:18:46][INFO]: plugin_name: mysql_native_password
11/08/2026 - [11:18:46][INFO]: AUTHENTICATION_PLUGIN_CLASS: MySQLNativePasswordAuthPlugin
11/08/2026 - [11:18:46][INFO]: O banco de dados foi conectado!!!
11/08/2026 - [11:18:46][INFO]: Banco de dados desconectado
11/08/2026 - [11:20:06][INFO]: package: mysql.connector.plugins
11/08/2026 - [11:20:06][INFO]: plugin_name: caching_sha2_password
11/08/2026 - [11:20:06][INFO]: AUTHENTICATION_PLUGIN_CLASS: MySQLCachingSHA2PasswordAuthPlugin
11/08/2026 - [11:20:06][INFO]: package: mysql.connector.plugins
11/08/2026 - [11:20:06][INFO]: plugin_name: mysql_native_password
11/08/2026 - [11:20:06][INFO]: AUTHENTICATION_PLUGIN_CLASS: MySQLNativePasswordAuthPlugin
11/08/2026 - [11:20:06][INFO]: O banco de dados foi conectado!!!
11/08/2026 - [11:20:33][INFO]: package: mysql.connector.plugins
11/08/2026 - [11:20:33][INFO]: plugin_name: caching_sha2_password
11/08/2026 - [11:20:33][INFO]: AUTHENTICATION_PLUGIN_CLASS: MySQLCachingSHA2PasswordAuthPlugin
11/08/2026 - [11:20:33][INFO]: package: mysql.connector.plugins
11/08/2026 - [11:20:33][INFO]: plugin_name: mysql_native_password
11/08/2026 - [11:20:33][INFO]: AUTHENTICATION_PLUGIN_CLASS: MySQLNativePasswordAuthPlugin
11/08/2026 - [11:20:33][INFO]: O banco de dados foi conectado!!!
11/08/2026 - [11:24:33][INFO]: package: mysql.connector.plugins
11/08/2026 - [11:24:33][INFO]: plugin_name: caching_sha2_password
11/08/2026 - [11:24:33][INFO]: AUTHENTICATION_PLUGIN_CLASS: MySQLCachingSHA2PasswordAuthPlugin
11/08/2026 - [11:24:33][INFO]: package: mysql.connector.plugins
11/08/2026 - [11:24:33][INFO]: plugin_name: mysql_native_password
11/08/2026 - [11:24:33][INFO]: AUTHENTICATION_PLUGIN_CLASS: MySQLNativePasswordAuthPlugin
11/08/2026 - [11:24:33][INFO]: O banco de dados foi conectado!!!
11/08/2026 - [11:24:34][INFO]: Banco de dados desconectado
12/08/2026 - [11:36:17][INFO]: package: mysql.connector.plugins
12/08/2026 - [11:36:17][INFO]: plugin_name: caching_sha2_password
12/08/2026 - [11:36:17][INFO]: AUTHENTICATION_PLUGIN_CLASS: MySQLCachingSHA2PasswordAuthPlugin
12/08/2026 - [11:36:17][INFO]: package: mysql.connector.plugins
12/08/2026 - [11:36:17][INFO]: plugin_name: mysql_native_password
12/08/2026 - [11:36:17][INFO]: AUTHENTICATION_PLUGIN_CLASS: MySQLNativePasswordAuthPlugin
12/08/2026 - [11:36:17][INFO]: O banco de dados foi conectado!!!
12/08/2026 - [11:36:52][INFO]: package: mysql.connector.plugins
12/08/2026 - [11:36:52][INFO]: plugin_name: caching_sha2_password
12/08/2026 - [11:36:52][INFO]: AUTHENTICATION_PLUGIN_CLASS: MySQLCachingSHA2PasswordAuthPlugin
12/08/2026 - [11:36:52][INFO]: package: mysql.connector.plugins
12/08/2026 - [11:36:52][INFO]: plugin_name: mysql_native_password
12/08/2026 - [11:36:52][INFO]: AUTHENTICATION_PLUGIN_CLASS: MySQLNativePasswordAuthPlugin
12/08/2026 - [11:36:52][INFO]: O banco de dados foi conectado!!!
12/08/2026 - [11:59:33][INFO]: package: mysql.connector.plugins
12/08/2026 - [11:59:33][INFO]: plugin_name: caching_sha2_password
12/08/2026 - [11:59:33][INFO]: AUTHENTICATION_PLUGIN_CLASS: MySQLCachingSHA2PasswordAuthPlugin
12/08/2026 - [11:59:33][INFO]: package: mysql.connector.plugins
12/08/2026 - [11:59:33][INFO]: plugin_name: mysql_native_password
12/08/2026 - [11:59:33][INFO]: AUTHENTICATION_PLUGIN_CLASS: MySQLNativePasswordAuthPlugin
12/08/2026 - [11:59:33][INFO]: O banco de dados foi conectado!!!
12/08/2026 - [11:59:43][INFO]: package: mysql.connector.plugins
12/08/2026 - [11:59:43][INFO]: plugin_name: caching_sha2_password
12/08/2026 - [11:59:43][INFO]: AUTHENTICATION_PLUGIN_CLASS: MySQLCachingSHA2PasswordAuthPlugin
12/08/2026 - [11:59:43][INFO]: package: mysql.connector.plugins
12/08/2026 - [11:59:43][INFO]: plugin_name: mysql_native_password
12/08/2026 - [11:59:43][INFO]: AUTHENTICATION_PLUGIN_CLASS: MySQLNativePasswordAuthPlugin
12/08/2026 - [11:59:43][INFO]: O banco de dados foi conectado!!!
12/08/2026 - [12:00:09][INFO]: package: mysql.connector.plugins
12/08/2026 - [12:00:09][INFO]: plugin_name: caching_sha2_password
12/08/2026 - [12:00:09][INFO]: AUTHENTICATION_PLUGIN_CLASS: MySQLCachingSHA2PasswordAuthPlugin
12/08/2026 - [12:00:09][INFO]: package: mysql.connector.plugins
12/08/2026 - [12:00:09][INFO]: plugin_name: mysql_native_password
12/08/2026 - [12:00:09][INFO]: AUTHENTICATION_PLUGIN_CLASS: MySQLNativePasswordAuthPlugin
12/08/2026 - [12:00:09][INFO]: O banco de dados foi conectado!!!
12/08/2026 - [12:00:48][INFO]: package: mysql.connector.plugins
12/08/2026 - [12:00:48][INFO]: plugin_name: caching_sha2_password
12/08/2026 - [12:00:48][INFO]: AUTHENTICATION_PLUGIN_CLASS: MySQLCachingSHA2PasswordAuthPlugin
12/08/2026 - [12:00:48][INFO]: package: mysql.connector.plugins
12/08/2026 - [12:00:48][INFO]: plugin_name: mysql_native_password
12/08/2026 - [12:00:48][INFO]: AUTHENTICATION_PLUGIN_CLASS: MySQLNativePasswordAuthPlugin
12/08/2026 - [12:00:48][INFO]: O banco de dados foi conectado!!!
12/08/2026 - [12:01:12][INFO]: package: mysql.connector.plugins
12/08/2026 - [12:01:12][INFO]: plugin_name: caching_sha2_password
12/08/2026 - [12:01:12][INFO]: AUTHENTICATION_PLUGIN_CLASS: MySQLCachingSHA2PasswordAuthPlugin
12/08/2026 - [12:01:12][INFO]: package: mysql.connector.plugins
12/08/2026 - [12:01:12][INFO]: plugin_name: mysql_native_password
12/08/2026 - [12:01:12][INFO]: AUTHENTICATION_PLUGIN_CLASS: MySQLNativePasswordAuthPlugin
12/08/2026 - [12:01:12][INFO]: O banco de dados foi conectado!!!
12/08/2026 - [12:01:24][INFO]: package: mysql.connector.plugins
12/08/2026 - [12:01:24][INFO]: plugin_name: caching_sha2_password
12/08/2026 - [12:01:24][INFO]: AUTHENTICATION_PLUGIN_CLASS: MySQLCachingSHA2PasswordAuthPlugin
12/08/2026 - [12:01:24][INFO]: package: mysql.connector.plugins
12/08/2026 - [12:01:24][INFO]: plugin_name: mysql_native_password
12/08/2026 - [12:01:24][INFO]: AUTHENTICATION_PLUGIN_CLASS: MySQLNativePasswordAuthPlugin
12/08/2026 - [12:01:24][INFO]: O banco de dados foi conectado!!!
12/08/2026 - [12:08:05][INFO]: package: mysql.connector.plugins
12/08/2026 - [12:08:05][INFO]: plugin_name: caching_sha2_password
12/08/2026 - [12:08:05][INFO]: AUTHENTICATION_PLUGIN_CLASS: MySQLCachingSHA2PasswordAuthPlugin
12/08/2026 - [12:08:05][INFO]: package: mysql.connector.plugins
12/08/2026 - [12:08:05][INFO]: plugin_name: mysql_native_password
12/08/2026 - [12:08:05][INFO]: AUTHENTICATION_PLUGIN_CLASS: MySQLNativePasswordAuthPlugin
12/08/2026 - [12:08:05][INFO]: O banco de dados foi conectado!!!
12/08/2026 - [12:08:54][INFO]: package: mysql.connector.plugins
12/08/2026 - [12:08:54][INFO]: plugin_name: caching_sha2_password
12/08/2026 - [12:08:54][INFO]: AUTHENTICATION_PLUGIN_CLASS: MySQLCachingSHA2PasswordAuthPlugin
12/08/2026 - [12:08:54][INFO]: package: mysql.connector.plugins
12/08/2026 - [12:08:54][INFO]: plugin_name: mysql_native_password
12/08/2026 - [12:08:54][INFO]: AUTHENTICATION_PLUGIN_CLASS: MySQLNativePasswordAuthPlugin
12/08/2026 - [12:08:54][INFO]: O banco de dados foi conectado!!!
12/08/2026 - [12:09:46][INFO]: package: mysql.connector.plugins
12/08/2026 - [12:09:46][INFO]: plugin_name: caching_sha2_password
12/08/2026 - [12:09:46][INFO]: AUTHENTICATION_PLUGIN_CLASS: MySQLCachingSHA2PasswordAuthPlugin
12/08/2026 - [12:09:46][INFO]: package: mysql.connector.plugins
12/08/2026 - [12:09:46][INFO]: plugin_name: mysql_native_password
12/08/2026 - [12:09:46][INFO]: AUTHENTICATION_PLUGIN_CLASS: MySQLNativePasswordAuthPlugin
12/08/2026 - [12:09:46][INFO]: O banco de dados foi conectado!!!
12/08/2026 - [12:10:59][INFO]: package: mysql.connector.plugins
12/08/2026 - [12:10:59][INFO]: plugin_name: caching_sha2_password
12/08/2026 - [12:10:59][INFO]: AUTHENTICATION_PLUGIN_CLASS: MySQLCachingSHA2PasswordAuthPlugin
12/08/2026 - [12:10:59][INFO]: package: mysql.connector.plugins
12/08/2026 - [12:10:59][INFO]: plugin_name: mysql_native_password
12/08/2026 - [12:10:59][INFO]: AUTHENTICATION_PLUGIN_CLASS: MySQLNativePasswordAuthPlugin
12/08/2026 - [12:10:59][INFO]: O banco de dados foi conectado!!!
12/08/2026 - [12:11:45][INFO]: package: mysql.connector.plugins
12/08/2026 - [12:11:45][INFO]: plugin_name: caching_sha2_password
12/08/2026 - [12:11:45][INFO]: AUTHENTICATION_PLUGIN_CLASS: MySQLCachingSHA2PasswordAuthPlugin
12/08/2026 - [12:11:45][INFO]: package: mysql.connector.plugins
12/08/2026 - [12:11:45][INFO]: plugin_name: mysql_native_password
12/08/2026 - [12:11:45][INFO]: AUTHENTICATION_PLUGIN_CLASS: MySQLNativePasswordAuthPlugin
12/08/2026 - [12:11:45][INFO]: O banco de dados foi conectado!!!
12/08/2026 - [12:13:01][INFO]: package: mysql.connector.plugins
12/08/2026 - [12:13:01][INFO]: plugin_name: caching_sha2_password
12/08/2026 - [12:13:01][INFO]: AUTHENTICATION_PLUGIN_CLASS: MySQLCachingSHA2PasswordAuthPlugin
12/08/2026 - [12:13:01][INFO]: package: mysql.connector.plugins
12/08/2026 - [12:13:01][INFO]: plugin_name: mysql_native_password
12/08/2026 - [12:13:01][INFO]: AUTHENTICATION_PLUGIN_CLASS: MySQLNativePasswordAuthPlugin
12/08/2026 - [12:13:01][INFO]: O banco de dados foi conectado!!!
12/08/2026 - [13:08:32][INFO]: package: mysql.connector.plugins
12/08/2026 - [13:08:33][INFO]: plugin_name: caching_sha2_password
12/08/2026 - [13:08:33][INFO]: AUTHENTICATION_PLUGIN_CLASS: MySQLCachingSHA2PasswordAuthPlugin
12/08/2026 - [13:08:33][INFO]: package: mysql.connector.plugins
12/08/2026 - [13:08:33][INFO]: plugin_name: mysql_native_password
12/08/2026 - [13:08:33][INFO]: AUTHENTICATION_PLUGIN_CLASS: MySQLNativePasswordAuthPlugin
12/08/2026 - [13:08:33][INFO]: O banco de dados foi conectado!!!
12/08/2026 - [13:09:00][INFO]: package: mysql.connector.plugins
12/08/2026 - [13:09:00][INFO]: plugin_name: caching_sha2_password
12/08/2026 - [13:09:00][INFO]: AUTHENTICATION_PLUGIN_CLASS: MySQLCachingSHA2PasswordAuthPlugin
12/08/2026 - [13:09:00][INFO]: package: mysql.connector.plugins
12/08/2026 - [13:09:00][INFO]: plugin_name: mysql_native_password
12/08/2026 - [13:09:00][INFO]: AUTHENTICATION_PLUGIN_CLASS: MySQLNativePasswordAuthPlugin
12/08/2026 - [13:09:00][INFO]: O banco de dados foi conectado!!!
12/08/2026 - [13:09:51][INFO]: package: mysql.connector.plugins
12/08/2026 - [13:09:51][INFO]: plugin_name: caching_sha2_password
12/08/2026 - [13:09:51][INFO]: AUTHENTICATION_PLUGIN_CLASS: MySQLCachingSHA2PasswordAuthPlugin
12/08/2026 - [13:09:51][INFO]: package: mysql.connector.plugins
12/08/2026 - [13:09:51][INFO]: plugin_name: mysql_native_password
12/08/2026 - [13:09:51][INFO]: AUTHENTICATION_PLUGIN_CLASS: MySQLNativePasswordAuthPlugin
12/08/2026 - [13:09:51][INFO]: O banco de dados foi conectado!!!
12/08/2026 - [13:10:14][INFO]: package: mysql.connector.plugins
12/08/2026 - [13:10:14][INFO]: plugin_name: caching_sha2_password
12/08/2026 - [13:10:14][INFO]: AUTHENTICATION_PLUGIN_CLASS: MySQLCachingSHA2PasswordAuthPlugin
12/08/2026 - [13:10:14][INFO]: package: mysql.connector.plugins
12/08/2026 - [13:10:14][INFO]: plugin_name: mysql_native_password
12/08/2026 - [13:10:14][INFO]: AUTHENTICATION_PLUGIN_CLASS: MySQLNativePasswordAuthPlugin
12/08/2026 - [13:10:14][INFO]: O banco de dados foi conectado!!!
12/08/2026 - [13:10:43][INFO]: package: mysql.connector.plugins
12/08/2026 - [13:10:43][INFO]: plugin_name: caching_sha2_password
12/08/2026 - [13:10:43][INFO]: AUTHENTICATION_PLUGIN_CLASS: MySQLCachingSHA2PasswordAuthPlugin
12/08/2026 - [13:10:43][INFO]: package: mysql.connector.plugins
12/08/2026 - [13:10:43][INFO]: plugin_name: mysql_native_password
12/08/2026 - [13:10:43][INFO]: AUTHENTICATION_PLUGIN_CLASS: MySQLNativePasswordAuthPlugin
12/08/2026 - [13:10:43][INFO]: O banco de dados foi conectado!!!
12/08/2026 - [13:11:17][INFO]: package: mysql.connector.plugins
12/08/2026 - [13:11:17][INFO]: plugin_name: caching_sha2_password
12/08/2026 - [13:11:17][INFO]: AUTHENTICATION_PLUGIN_CLASS: MySQLCachingSHA2PasswordAuthPlugin
12/08/2026 - [13:11:17][INFO]: package: mysql.connector.plugins
12/08/2026 - [13:11:17][INFO]: plugin_name: mysql_native_password
12/08/2026 - [13:11:17][INFO]: AUTHENTICATION_PLUGIN_CLASS: MySQLNativePasswordAuthPlugin
12/08/2026 - [13:11:17][INFO]: O banco de dados foi conectado!!!
12/08/2026 - [13:11:29][INFO]: package: mysql.connector.plugins
12/08/2026 - [13:11:29][INFO]: plugin_name: caching_sha2_password
12/08/2026 - [13:11:29][INFO]: AUTHENTICATION_PLUGIN_CLASS: MySQLCachingSHA2PasswordAuthPlugin
12/08/2026 - [13:11:29][INFO]: package: mysql.connector.plugins
12/08/2026 - [13:11:29][INFO]: plugin_name: mysql_native_password
12/08/2026 - [13:11:29][INFO]: AUTHENTICATION_PLUGIN_CLASS: MySQLNativePasswordAuthPlugin
12/08/2026 - [13:11:29][INFO]: O banco de dados foi conectado!!!
12/08/2026 - [13:12:02][INFO]: package: mysql.connector.plugins
12/08/2026 - [13:12:02][INFO]: plugin_name: caching_sha2_password
12/08/2026 - [13:12:02][INFO]: AUTHENTICATION_PLUGIN_CLASS: MySQLCachingSHA2PasswordAuthPlugin
12/08/2026 - [13:12:02][INFO]: package: mysql.connector.plugins
12/08/2026 - [13:12:02][INFO]: plugin_name: mysql_native_password
12/08/2026 - [13:12:02][INFO]: AUTHENTICATION_PLUGIN_CLASS: MySQLNativePasswordAuthPlugin
12/08/2026 - [13:12:02][INFO]: O banco de dados foi conectado!!!
12/08/2026 - [13:12:16][INFO]: package: mysql.connector.plugins
12/08/2026 - [13:12:16][INFO]: plugin_name: caching_sha2_password
12/08/2026 - [13:12:16][INFO]: AUTHENTICATION_PLUGIN_CLASS: MySQLCachingSHA2PasswordAuthPlugin
12/08/2026 - [13:12:16][INFO]: package: mysql.connector.plugins
12/08/2026 - [13:12:16][INFO]: plugin_name: mysql_native_password
12/08/2026 - [13:12:16][INFO]: AUTHENTICATION_PLUGIN_CLASS: MySQLNativePasswordAuthPlugin
12/08/2026 - [13:12:16][INFO]: O banco de dados foi conectado!!!
12/08/2026 - [13:12:31][INFO]: package: mysql.connector.plugins
12/08/2026 - [13:12:31][INFO]: plugin_name: caching_sha2_password
12/08/2026 - [13:12:31][INFO]: AUTHENTICATION_PLUGIN_CLASS: MySQLCachingSHA2PasswordAuthPlugin
12/08/2026 - [13:12:31][INFO]: package: mysql.connector.plugins
12/08/2026 - [13:12:31][INFO]: plugin_name: mysql_native_password
12/08/2026 - [13:12:31][INFO]: AUTHENTICATION_PLUGIN_CLASS: MySQLNativePasswordAuthPlugin
12/08/2026 - [13:12:31][INFO]: O banco de dados foi conectado!!!
12/08/2026 - [13:13:19][INFO]: package: mysql.connector.plugins
12/08/2026 - [13:13:19][INFO]: plugin_name: caching_sha2_password
12/08/2026 - [13:13:19][INFO]: AUTHENTICATION_PLUGIN_CLASS: MySQLCachingSHA2PasswordAuthPlugin
12/08/2026 - [13:13:19][INFO]: package: mysql.connector.plugins
12/08/2026 - [13:13:19][INFO]: plugin_name: mysql_native_password
12/08/2026 - [13:13:19][INFO]: AUTHENTICATION_PLUGIN_CLASS: MySQLNativePasswordAuthPlugin
12/08/2026 - [13:13:19][INFO]: O banco de dados foi conectado!!!
12/08/2026 - [13:16:10][INFO]: package: mysql.connector.plugins
12/08/2026 - [13:16:10][INFO]: plugin_name: caching_sha2_password
12/08/2026 - [13:16:10][INFO]: AUTHENTICATION_PLUGIN_CLASS: MySQLCachingSHA2PasswordAuthPlugin
12/08/2026 - [13:16:10][INFO]: package: mysql.connector.plugins
12/08/2026 - [13:16:10][INFO]: plugin_name: mysql_native_password
12/08/2026 - [13:16:10][INFO]: AUTHENTICATION_PLUGIN_CLASS: MySQLNativePasswordAuthPlugin
12/08/2026 - [13:16:10][INFO]: O banco de dados foi conectado!!!
12/08/2026 - [13:16:23][INFO]: package: mysql.connector.plugins
12/08/2026 - [13:16:23][INFO]: plugin_name: caching_sha2_password
12/08/2026 - [13:16:23][INFO]: AUTHENTICATION_PLUGIN_CLASS: MySQLCachingSHA2PasswordAuthPlugin
12/08/2026 - [13:16:23][INFO]: package: mysql.connector.plugins
12/08/2026 - [13:16:23][INFO]: plugin_name: mysql_native_password
12/08/2026 - [13:16:23][INFO]: AUTHENTICATION_PLUGIN_CLASS: MySQLNativePasswordAuthPlugin
12/08/2026 - [13:16:23][INFO]: O banco de dados foi conectado!!!
12/08/2026 - [13:16:57][INFO]: package: mysql.connector.plugins
12/08/2026 - [13:16:57][INFO]: plugin_name: caching_sha2_password
12/08/2026 - [13:16:57][INFO]: AUTHENTICATION_PLUGIN_CLASS: MySQLCachingSHA2PasswordAuthPlugin
12/08/2026 - [13:16:57][INFO]: package: mysql.connector.plugins
12/08/2026 - [13:16:57][INFO]: plugin_name: mysql_native_password
12/08/2026 - [13:16:57][INFO]: AUTHENTICATION_PLUGIN_CLASS: MySQLNativePasswordAuthPlugin
12/08/2026 - [13:16:57][INFO]: O banco de dados foi conectado!!!
12/08/2026 - [13:18:11][INFO]: package: mysql.connector.plugins
12/08/2026 - [13:18:11][INFO]: plugin_name: caching_sha2_password
12/08/2026 - [13:18:11][INFO]: AUTHENTICATION_PLUGIN_CLASS: MySQLCachingSHA2PasswordAuthPlugin
12/08/2026 - [13:18:11][INFO]: package: mysql.connector.plugins
12/08/2026 - [13:18:11][INFO]: plugin_name: mysql_native_password
12/08/2026 - [13:18:11][INFO]: AUTHENTICATION_PLUGIN_CLASS: MySQLNativePasswordAuthPlugin
12/08/2026 - [13:18:11][INFO]: O banco de dados foi conectado!!!
12/08/2026 - [13:29:42][INFO]: package: mysql.connector.plugins
12/08/2026 - [13:29:42][INFO]: plugin_name: caching_sha2_password
12/08/2026 - [13:29:42][INFO]: AUTHENTICATION_PLUGIN_CLASS: MySQLCachingSHA2PasswordAuthPlugin
12/08/2026 - [13:29:42][INFO]: package: mysql.connector.plugins
12/08/2026 - [13:29:42][INFO]: plugin_name: mysql_native_password
12/08/2026 - [13:29:42][INFO]: AUTHENTICATION_PLUGIN_CLASS: MySQLNativePasswordAuthPlugin
12/08/2026 - [13:29:42][INFO]: O banco de dados foi conectado!!!
12/08/2026 - [13:30:25][INFO]: package: mysql.connector.plugins
12/08/2026 - [13:30:25][INFO]: plugin_name: caching_sha2_password
12/08/2026 - [13:30:25][INFO]: AUTHENTICATION_PLUGIN_CLASS: MySQLCachingSHA2PasswordAuthPlugin
12/08/2026 - [13:30:25][INFO]: package: mysql.connector.plugins
12/08/2026 - [13:30:25][INFO]: plugin_name: mysql_native_password
12/08/2026 - [13:30:25][INFO]: AUTHENTICATION_PLUGIN_CLASS: MySQLNativePasswordAuthPlugin
12/08/2026 - [13:30:25][INFO]: O banco de dados foi conectado!!!
13/08/2026 - [10:40:48][INFO]: package: mysql.connector.plugins
13/08/2026 - [10:40:48][INFO]: plugin_name: caching_sha2_password
13/08/2026 - [10:40:48][INFO]: AUTHENTICATION_PLUGIN_CLASS: MySQLCachingSHA2PasswordAuthPlugin
13/08/2026 - [10:40:48][INFO]: package: mysql.connector.plugins
13/08/2026 - [10:40:48][INFO]: plugin_name: mysql_native_password
13/08/2026 - [10:40:48][INFO]: AUTHENTICATION_PLUGIN_CLASS: MySQLNativePasswordAuthPlugin
13/08/2026 - [10:40:48][INFO]: O banco de dados foi conectado!!!
13/08/2026 - [10:41:31][INFO]: package: mysql.connector.plugins
13/08/2026 - [10:41:31][INFO]: plugin_name: caching_sha2_password
13/08/2026 - [10:41:31][INFO]: AUTHENTICATION_PLUGIN_CLASS: MySQLCachingSHA2PasswordAuthPlugin
13/08/2026 - [10:41:31][INFO]: package: mysql.connector.plugins
13/08/2026 - [10:41:31][INFO]: plugin_name: mysql_native_password
13/08/2026 - [10:41:31][INFO]: AUTHENTICATION_PLUGIN_CLASS: MySQLNativePasswordAuthPlugin
13/08/2026 - [10:41:31][INFO]: O banco de dados foi conectado!!!
13/08/2026 - [10:42:05][INFO]: package: mysql.connector.plugins
13/08/2026 - [10:42:05][INFO]: plugin_name: caching_sha2_password
13/08/2026 - [10:42:05][INFO]: AUTHENTICATION_PLUGIN_CLASS: MySQLCachingSHA2PasswordAuthPlugin
13/08/2026 - [10:42:05][INFO]: package: mysql.connector.plugins
13/08/2026 - [10:42:05][INFO]: plugin_name: mysql_native_password
13/08/2026 - [10:42:05][INFO]: AUTHENTICATION_PLUGIN_CLASS: MySQLNativePasswordAuthPlugin
13/08/2026 - [10:42:05][INFO]: O banco de dados foi conectado!!!
13/08/2026 - [10:43:35][INFO]: package: mysql.connector.plugins
13/08/2026 - [10:43:35][INFO]: plugin_name: caching_sha2_password
13/08/2026 - [10:43:35][INFO]: AUTHENTICATION_PLUGIN_CLASS: MySQLCachingSHA2PasswordAuthPlugin
13/08/2026 - [10:43:35][INFO]: package: mysql.connector.plugins
13/08/2026 - [10:43:35][INFO]: plugin_name: mysql_native_password
13/08/2026 - [10:43:35][INFO]: AUTHENTICATION_PLUGIN_CLASS: MySQLNativePasswordAuthPlugin
13/08/2026 - [10:43:35][INFO]: O banco de dados foi conectado!!!
13/08/2026 - [10:44:21][INFO]: package: mysql.connector.plugins
13/08/2026 - [10:44:21][INFO]: plugin_name: caching_sha2_password
13/08/2026 - [10:44:21][INFO]: AUTHENTICATION_PLUGIN_CLASS: MySQLCachingSHA2PasswordAuthPlugin
13/08/2026 - [10:44:21][INFO]: package: mysql.connector.plugins
13/08/2026 - [10:44:21][INFO]: plugin_name: mysql_native_password
13/08/2026 - [10:44:21][INFO]: AUTHENTICATION_PLUGIN_CLASS: MySQLNativePasswordAuthPlugin
13/08/2026 - [10:44:21][INFO]: O banco de dados foi conectado!!!
13/08/2026 - [10:45:33][INFO]: package: mysql.connector.plugins
13/08/2026 - [10:45:33][INFO]: plugin_name: caching_sha2_password
13/08/2026 - [10:45:33][INFO]: AUTHENTICATION_PLUGIN_CLASS: MySQLCachingSHA2PasswordAuthPlugin
13/08/2026 - [10:45:33][INFO]: package: mysql.connector.plugins
13/08/2026 - [10:45:33][INFO]: plugin_name: mysql_native_password
13/08/2026 - [10:45:33][INFO]: AUTHENTICATION_PLUGIN_CLASS: MySQLNativePasswordAuthPlugin
13/08/2026 - [10:45:33][INFO]: O banco de dados foi conectado!!!
13/08/2026 - [10:45:56][INFO]: package: mysql.connector.plugins
13/08/2026 - [10:45:56][INFO]: plugin_name: caching_sha2_password
13/08/2026 - [10:45:56][INFO]: AUTHENTICATION_PLUGIN_CLASS: MySQLCachingSHA2PasswordAuthPlugin
13/08/2026 - [10:45:56][INFO]: package: mysql.connector.plugins
13/08/2026 - [10:45:56][INFO]: plugin_name: mysql_native_password
13/08/2026 - [10:45:56][INFO]: AUTHENTICATION_PLUGIN_CLASS: MySQLNativePasswordAuthPlugin
13/08/2026 - [10:45:56][INFO]: O banco de dados foi conectado!!!
13/08/2026 - [10:46:41][INFO]: package: mysql.connector.plugins
13/08/2026 - [10:46:41][INFO]: plugin_name: caching_sha2_password
13/08/2026 - [10:46:41][INFO]: AUTHENTICATION_PLUGIN_CLASS: MySQLCachingSHA2PasswordAuthPlugin
13/08/2026 - [10:46:41][INFO]: package: mysql.connector.plugins
13/08/2026 - [10:46:41][INFO]: plugin_name: mysql_native_password
13/08/2026 - [10:46:41][INFO]: AUTHENTICATION_PLUGIN_CLASS: MySQLNativePasswordAuthPlugin
13/08/2026 - [10:46:41][INFO]: O banco de dados foi conectado!!!
13/08/2026 - [10:47:24][INFO]: package: mysql.connector.plugins
13/08/2026 - [10:47:24][INFO]: plugin_name: caching_sha2_password
13/08/2026 - [10:47:24][INFO]: AUTHENTICATION_PLUGIN_CLASS: MySQLCachingSHA2PasswordAuthPlugin
13/08/2026 - [10:47:24][INFO]: package: mysql.connector.plugins
13/08/2026 - [10:47:24][INFO]: plugin_name: mysql_native_password
13/08/2026 - [10:47:24][INFO]: AUTHENTICATION_PLUGIN_CLASS: MySQLNativePasswordAuthPlugin
13/08/2026 - [10:47:24][INFO]: O banco de dados foi conectado!!!
13/08/2026 - [10:48:45][INFO]: package: mysql.connector.plugins
13/08/2026 - [10:48:45][INFO]: plugin_name: caching_sha2_password
13/08/2026 - [10:48:45][INFO]: AUTHENTICATION_PLUGIN_CLASS: MySQLCachingSHA2PasswordAuthPlugin
13/08/2026 - [10:48:45][INFO]: package: mysql.connector.plugins
13/08/2026 - [10:48:45][INFO]: plugin_name: mysql_native_password
13/08/2026 - [10:48:45][INFO]: AUTHENTICATION_PLUGIN_CLASS: MySQLNativePasswordAuthPlugin
13/08/2026 - [10:48:45][INFO]: O banco de dados foi conectado!!!
13/08/2026 - [10:49:23][INFO]: package: mysql.connector.plugins
13/08/2026 - [10:49:23][INFO]: plugin_name: caching_sha2_password
13/08/2026 - [10:49:23][INFO]: AUTHENTICATION_PLUGIN_CLASS: MySQLCachingSHA2PasswordAuthPlugin
13/08/2026 - [10:49:23][INFO]: package: mysql.connector.plugins
13/08/2026 - [10:49:23][INFO]: plugin_name: mysql_native_password
13/08/2026 - [10:49:23][INFO]: AUTHENTICATION_PLUGIN_CLASS: MySQLNativePasswordAuthPlugin
13/08/2026 - [10:49:23][INFO]: O banco de dados foi conectado!!!
13/08/2026 - [10:49:57][INFO]: package: mysql.connector.plugins
13/08/2026 - [10:49:57][INFO]: plugin_name: caching_sha2_password
13/08/2026 - [10:49:57][INFO]: AUTHENTICATION_PLUGIN_CLASS: MySQLCachingSHA2PasswordAuthPlugin
13/08/2026 - [10:49:57][INFO]: package: mysql.connector.plugins
13/08/2026 - [10:49:57][INFO]: plugin_name: mysql_native_password
13/08/2026 - [10:49:57][INFO]: AUTHENTICATION_PLUGIN_CLASS: MySQLNativePasswordAuthPlugin
13/08/2026 - [10:49:57][INFO]: O banco de dados foi conectado!!!
13/08/2026 - [10:50:21][INFO]: package: mysql.connector.plugins
13/08/2026 - [10:50:21][INFO]: plugin_name: caching_sha2_password
13/08/2026 - [10:50:21][INFO]: AUTHENTICATION_PLUGIN_CLASS: MySQLCachingSHA2PasswordAuthPlugin
13/08/2026 - [10:50:21][INFO]: package: mysql.connector.plugins
13/08/2026 - [10:50:21][INFO]: plugin_name: mysql_native_password
13/08/2026 - [10:50:21][INFO]: AUTHENTICATION_PLUGIN_CLASS: MySQLNativePasswordAuthPlugin
13/08/2026 - [10:50:21][INFO]: O banco de dados foi conectado!!!
13/08/2026 - [11:48:27][INFO]: package: mysql.connector.plugins
13/08/2026 - [11:48:27][INFO]: plugin_name: caching_sha2_password
13/08/2026 - [11:48:27][INFO]: AUTHENTICATION_PLUGIN_CLASS: MySQLCachingSHA2PasswordAuthPlugin
13/08/2026 - [11:48:27][INFO]: package: mysql.connector.plugins
13/08/2026 - [11:48:27][INFO]: plugin_name: mysql_native_password
13/08/2026 - [11:48:27][INFO]: AUTHENTICATION_PLUGIN_CLASS: MySQLNativePasswordAuthPlugin
13/08/2026 - [11:48:27][INFO]: O banco de dados foi conectado!!!
13/08/2026 - [11:48:54][INFO]: package: mysql.connector.plugins
13/08/2026 - [11:48:54][INFO]: plugin_name: caching_sha2_password
13/08/2026 - [11:48:54][INFO]: AUTHENTICATION_PLUGIN_CLASS: MySQLCachingSHA2PasswordAuthPlugin
13/08/2026 - [11:48:54][INFO]: package: mysql.connector.plugins
13/08/2026 - [11:48:54][INFO]: plugin_name: mysql_native_password
13/08/2026 - [11:48:54][INFO]: AUTHENTICATION_PLUGIN_CLASS: MySQLNativePasswordAuthPlugin
13/08/2026 - [11:48:54][INFO]: O banco de dados foi conectado!!!
13/08/2026 - [11:49:12][ERROR]: Erro ao tentar se conectar a API: ('Connection aborted.', ConnectionResetError(104, 'Connection reset by peer'))
13/08/2026 - [11:49:44][INFO]: package: mysql.connector.plugins
13/08/2026 - [11:49:44][INFO]: plugin_name: caching_sha2_password
13/08/2026 - [11:49:44][INFO]: AUTHENTICATION_PLUGIN_CLASS: MySQLCachingSHA2PasswordAuthPlugin
13/08/2026 - [11:49:44][INFO]: package: mysql.connector.plugins
13/08/2026 - [11:49:44][INFO]: plugin_name: mysql_native_password
13/08/2026 - [11:49:44][INFO]: AUTHENTICATION_PLUGIN_CLASS: MySQLNativePasswordAuthPlugin
13/08/2026 - [11:49:44][INFO]: O banco de dados foi conectado!!!
13/08/2026 - [11:49:59][INFO]: package: mysql.connector.plugins
13/08/2026 - [11:49:59][INFO]: plugin_name: caching_sha2_password
13/08/2026 - [11:49:59][INFO]: AUTHENTICATION_PLUGIN_CLASS: MySQLCachingSHA2PasswordAuthPlugin
13/08/2026 - [11:49:59][INFO]: package: mysql.connector.plugins
13/08/2026 - [11:49:59][INFO]: plugin_name: mysql_native_password
13/08/2026 - [11:49:59][INFO]: AUTHENTICATION_PLUGIN_CLASS: MySQLNativePasswordAuthPlugin
13/08/2026 - [11:49:59][INFO]: O banco de dados foi conectado!!!
13/08/2026 - [12:03:22][INFO]: package: mysql.connector.plugins
13/08/2026 - [12:03:22][INFO]: plugin_name: caching_sha2_password
13/08/2026 - [12:03:22][INFO]: AUTHENTICATION_PLUGIN_CLASS: MySQLCachingSHA2PasswordAuthPlugin
13/08/2026 - [12:03:22][INFO]: package: mysql.connector.plugins
13/08/2026 - [12:03:22][INFO]: plugin_name: mysql_native_password
13/08/2026 - [12:03:22][INFO]: AUTHENTICATION_PLUGIN_CLASS: MySQLNativePasswordAuthPlugin
13/08/2026 - [12:03:22][INFO]: O banco de dados foi conectado!!!
13/08/2026 - [12:03:22][INFO]: Banco de dados desconectado
13/08/2026 - [13:06:37][INFO]: package: mysql.connector.plugins
13/08/2026 - [13:06:37][INFO]: plugin_name: caching_sha2_password
13/08/2026 - [13:06:37][INFO]: AUTHENTICATION_PLUGIN_CLASS: MySQLCachingSHA2PasswordAuthPlugin
13/08/2026 - [13:06:37][INFO]: package: mysql.connector.plugins
13/08/2026 - [13:06:37][INFO]: plugin_name: mysql_native_password
13/08/2026 - [13:06:37][INFO]: AUTHENTICATION_PLUGIN_CLASS: MySQLNativePasswordAuthPlugin
13/08/2026 - [13:06:37][INFO]: O banco de dados foi conectado!!!
13/08/2026 - [13:06:37][INFO]: Banco de dados desconectado
14/08/2026 - [20:23:26][INFO]: package: mysql.connector.plugins
14/08/2026 - [20:23:26][INFO]: plugin_name: caching_sha2_password
14/08/2026 - [20:23:26][INFO]: AUTHENTICATION_PLUGIN_CLASS: MySQLCachingSHA2PasswordAuthPlugin
14/08/2026 - [20:23:26][INFO]: package: mysql.connector.plugins
14/08/2026 - [20:23:26][INFO]: plugin_name: mysql_native_password
14/08/2026 - [20:23:26][INFO]: AUTHENTICATION_PLUGIN_CLASS: MySQLNativePasswordAuthPlugin
14/08/2026 - [20:23:26][INFO]: O banco de dados foi conectado!!!
14/08/2026 - [20:27:26][INFO]: package: mysql.connector.plugins
14/08/2026 - [20:27:26][INFO]: plugin_name: caching_sha2_password
14/08/2026 - [20:27:26][INFO]: AUTHENTICATION_PLUGIN_CLASS: MySQLCachingSHA2PasswordAuthPlugin
14/08/2026 - [20:27:26][INFO]: package: mysql.connector.plugins
14/08/2026 - [20:27:26][INFO]: plugin_name: mysql_native_password
14/08/2026 - [20:27:26][INFO]: AUTHENTICATION_PLUGIN_CLASS: MySQLNativePasswordAuthPlugin
14/08/2026 - [20:27:26][INFO]: O banco de dados foi conectado!!!
14/08/2026 - [20:27:26][INFO]: Banco de dados desconectado
14/08/2026 - [20:27:42][INFO]: package: mysql.connector.plugins
14/08/2026 - [20:27:42][INFO]: plugin_name: caching_sha2_password
14/08/2026 - [20:27:42][INFO]: AUTHENTICATION_PLUGIN_CLASS: MySQLCachingSHA2PasswordAuthPlugin
14/08/2026 - [20:27:42][INFO]: package: mysql.connector.plugins
14/08/2026 - [20:27:42][INFO]: plugin_name: mysql_native_password
14/08/2026 - [20:27:42][INFO]: AUTHENTICATION_PLUGIN_CLASS: MySQLNativePasswordAuthPlugin
14/08/2026 - [20:27:42][INFO]: O banco de dados foi conectado!!!
14/08/2026 - [20:27:42][INFO]: Banco de dados desconectado
14/08/2026 - [20:35:05][INFO]: package: mysql.connector.plugins
14/08/2026 - [20:35:05][INFO]: plugin_name: caching_sha2_password
14/08/2026 - [20:35:05][INFO]: AUTHENTICATION_PLUGIN_CLASS: MySQLCachingSHA2PasswordAuthPlugin
14/08/2026 - [20:35:05][INFO]: package: mysql.connector.plugins
14/08/2026 - [20:35:05][INFO]: plugin_name: mysql_native_password
14/08/2026 - [20:35:05][INFO]: AUTHENTICATION_PLUGIN_CLASS: MySQLNativePasswordAuthPlugin
14/08/2026 - [20:35:05][INFO]: O banco de dados foi conectado!!!
14/08/2026 - [20:35:05][INFO]: Banco de dados desconectado
14/08/2026 - [20:49:37][INFO]: package: mysql.connector.plugins
14/08/2026 - [20:49:37][INFO]: plugin_name: caching_sha2_password
14/08/2026 - [20:49:37][INFO]: AUTHENTICATION_PLUGIN_CLASS: MySQLCachingSHA2PasswordAuthPlugin
14/08/2026 - [20:49:37][INFO]: package: mysql.connector.plugins
14/08/2026 - [20:49:37][INFO]: plugin_name: mysql_native_password
14/08/2026 - [20:49:37][INFO]: AUTHENTICATION_PLUGIN_CLASS: MySQLNativePasswordAuthPlugin
14/08/2026 - [20:49:37][INFO]: O banco de dados foi conectado!!!
14/08/2026 - [20:50:02][INFO]: package: mysql.connector.plugins
14/08/2026 - [20:50:02][INFO]: plugin_name: caching_sha2_password
14/08/2026 - [20:50:02][INFO]: AUTHENTICATION_PLUGIN_CLASS: MySQLCachingSHA2PasswordAuthPlugin
14/08/2026 - [20:50:02][INFO]: package: mysql.connector.plugins
14/08/2026 - [20:50:02][INFO]: plugin_name: mysql_native_password
14/08/2026 - [20:50:02][INFO]: AUTHENTICATION_PLUGIN_CLASS: MySQLNativePasswordAuthPlugin
14/08/2026 - [20:50:02][INFO]: O banco de dados foi conectado!!!
14/08/2026 - [20:50:32][INFO]: package: mysql.connector.plugins
14/08/2026 - [20:50:32][INFO]: plugin_name: caching_sha2_password
14/08/2026 - [20:50:32][INFO]: AUTHENTICATION_PLUGIN_CLASS: MySQLCachingSHA2PasswordAuthPlugin
14/08/2026 - [20:50:32][INFO]: package: mysql.connector.plugins
14/08/2026 - [20:50:32][INFO]: plugin_name: mysql_native_password
14/08/2026 - [20:50:32][INFO]: AUTHENTICATION_PLUGIN_CLASS: MySQLNativePasswordAuthPlugin
14/08/2026 - [20:50:32][INFO]: O banco de dados foi conectado!!!
14/08/2026 - [20:50:33][INFO]: Banco de dados desconectado
14/08/2026 - [20:52:32][INFO]: package: mysql.connector.plugins
14/08/2026 - [20:52:32][INFO]: plugin_name: caching_sha2_password
14/08/2026 - [20:52:32][INFO]: AUTHENTICATION_PLUGIN_CLASS: MySQLCachingSHA2PasswordAuthPlugin
14/08/2026 - [20:52:32][INFO]: package: mysql.connector.plugins
14/08/2026 - [20:52:32][INFO]: plugin_name: mysql_native_password
14/08/2026 - [20:52:32][INFO]: AUTHENTICATION_PLUGIN_CLASS: MySQLNativePasswordAuthPlugin
14/08/2026 - [20:52:32][INFO]: O banco de dados foi conectado!!!
14/08/2026 - [20:52:32][INFO]: Banco de dados desconectado
14/08/2026 - [20:52:41][INFO]: package: mysql.connector.plugins
14/08/2026 - [20:52:41][INFO]: plugin_name: caching_sha2_password
14/08/2026 - [20:52:41][INFO]: AUTHENTICATION_PLUGIN_CLASS: MySQLCachingSHA2PasswordAuthPlugin
14/08/2026 - [20:52:41][INFO]: package: mysql.connector.plugins
14/08/2026 - [20:52:41][INFO]: plugin_name: mysql_native_password
14/08/2026 - [20:52:41][INFO]: AUTHENTICATION_PLUGIN_CLASS: MySQLNativePasswordAuthPlugin
14/08/2026 - [20:52:41][INFO]: O banco de dados foi conectado!!!
14/08/2026 - [20:52:41][INFO]: Banco de dados desconectado
14/08/2026 - [20:55:06][INFO]: package: mysql.connector.plugins
14/08/2026 - [20:55:06][INFO]: plugin_name: caching_sha2_password
14/08/2026 - [20:55:06][INFO]: AUTHENTICATION_PLUGIN_CLASS: MySQLCachingSHA2PasswordAuthPlugin
14/08/2026 - [20:55:06][INFO]: package: mysql.connector.plugins
14/08/2026 - [20:55:06][INFO]: plugin_name: mysql_native_password
14/08/2026 - [20:55:06][INFO]: AUTHENTICATION_PLUGIN_CLASS: MySQLNativePasswordAuthPlugin
14/08/2026 - [20:55:06][INFO]: O banco de dados foi conectado!!!
14/08/2026 - [20:55:06][ERROR]: Houve um erro inesperado no codigo: 'NoneType' object has no attribute 'execute'
Traceback (most recent call last):
  File "/home/jeremias/Documentos/pasta_de_projetos/Automatizacao _pagamentos_internacionais/tratamento_api/busca_api.py", line 19, in cotacao_moeda
    self.banco_dados.cursor.execute(
    ^^^^^^^^^^^^^^^^^^^^^^^^^^^^^^^
AttributeError: 'NoneType' object has no attribute 'execute'
14/08/2026 - [21:01:09][INFO]: package: mysql.connector.plugins
14/08/2026 - [21:01:09][INFO]: plugin_name: caching_sha2_password
14/08/2026 - [21:01:09][INFO]: AUTHENTICATION_PLUGIN_CLASS: MySQLCachingSHA2PasswordAuthPlugin
14/08/2026 - [21:01:09][INFO]: package: mysql.connector.plugins
14/08/2026 - [21:01:09][INFO]: plugin_name: mysql_native_password
14/08/2026 - [21:01:09][INFO]: AUTHENTICATION_PLUGIN_CLASS: MySQLNativePasswordAuthPlugin
14/08/2026 - [21:01:09][INFO]: O banco de dados foi conectado!!!
14/08/2026 - [21:01:09][ERROR]: Houve um erro inesperado no codigo: 'NoneType' object has no attribute 'execute'
Traceback (most recent call last):
  File "/home/jeremias/Documentos/pasta_de_projetos/Automatizacao _pagamentos_internacionais/tratamento_api/busca_api.py", line 19, in cotacao_moeda
    self.banco_dados.cursor.execute(
    ^^^^^^^^^^^^^^^^^^^^^^^^^^^^^^^
AttributeError: 'NoneType' object has no attribute 'execute'
14/08/2026 - [21:02:04][INFO]: package: mysql.connector.plugins
14/08/2026 - [21:02:04][INFO]: plugin_name: caching_sha2_password
14/08/2026 - [21:02:04][INFO]: AUTHENTICATION_PLUGIN_CLASS: MySQLCachingSHA2PasswordAuthPlugin
14/08/2026 - [21:02:04][INFO]: package: mysql.connector.plugins
14/08/2026 - [21:02:04][INFO]: plugin_name: mysql_native_password
14/08/2026 - [21:02:04][INFO]: AUTHENTICATION_PLUGIN_CLASS: MySQLNativePasswordAuthPlugin
14/08/2026 - [21:02:04][INFO]: O banco de dados foi conectado!!!
14/08/2026 - [21:02:04][ERROR]: Houve um erro inesperado no codigo: 'NoneType' object has no attribute 'execute'
Traceback (most recent call last):
  File "/home/jeremias/Documentos/pasta_de_projetos/Automatizacao _pagamentos_internacionais/tratamento_api/busca_api.py", line 19, in cotacao_moeda
    self.banco_dados.cursor.execute(
    ^^^^^^^^^^^^^^^^^^^^^^^^^^^^^^^
AttributeError: 'NoneType' object has no attribute 'execute'
14/08/2026 - [21:03:27][INFO]: package: mysql.connector.plugins
14/08/2026 - [21:03:27][INFO]: plugin_name: caching_sha2_password
14/08/2026 - [21:03:27][INFO]: AUTHENTICATION_PLUGIN_CLASS: MySQLCachingSHA2PasswordAuthPlugin
14/08/2026 - [21:03:27][INFO]: package: mysql.connector.plugins
14/08/2026 - [21:03:27][INFO]: plugin_name: mysql_native_password
14/08/2026 - [21:03:27][INFO]: AUTHENTICATION_PLUGIN_CLASS: MySQLNativePasswordAuthPlugin
14/08/2026 - [21:03:27][INFO]: O banco de dados foi conectado!!!
14/08/2026 - [21:03:27][ERROR]: Houve um erro inesperado no codigo: 'NoneType' object has no attribute 'execute'
Traceback (most recent call last):
  File "/home/jeremias/Documentos/pasta_de_projetos/Automatizacao _pagamentos_internacionais/tratamento_api/busca_api.py", line 19, in cotacao_moeda
    self.banco_dados.cursor.execute(
    ^^^^^^^^^^^^^^^^^^^^^^^^^^^^^^^
AttributeError: 'NoneType' object has no attribute 'execute'
14/08/2026 - [21:05:03][INFO]: package: mysql.connector.plugins
14/08/2026 - [21:05:03][INFO]: plugin_name: caching_sha2_password
14/08/2026 - [21:05:03][INFO]: AUTHENTICATION_PLUGIN_CLASS: MySQLCachingSHA2PasswordAuthPlugin
14/08/2026 - [21:05:03][INFO]: package: mysql.connector.plugins
14/08/2026 - [21:05:03][INFO]: plugin_name: mysql_native_password
14/08/2026 - [21:05:03][INFO]: AUTHENTICATION_PLUGIN_CLASS: MySQLNativePasswordAuthPlugin
14/08/2026 - [21:05:03][INFO]: O banco de dados foi conectado!!!
14/08/2026 - [21:05:04][ERROR]: Houve um erro inesperado no codigo: 'NoneType' object has no attribute 'execute'
Traceback (most recent call last):
  File "/home/jeremias/Documentos/pasta_de_projetos/Automatizacao _pagamentos_internacionais/tratamento_api/busca_api.py", line 19, in cotacao_moeda
    self.banco_dados.cursor.execute(
    ^^^^^^^^^^^^^^^^^^^^^^^^^^^^^^^
AttributeError: 'NoneType' object has no attribute 'execute'
14/08/2026 - [21:05:31][INFO]: package: mysql.connector.plugins
14/08/2026 - [21:05:31][INFO]: plugin_name: caching_sha2_password
14/08/2026 - [21:05:31][INFO]: AUTHENTICATION_PLUGIN_CLASS: MySQLCachingSHA2PasswordAuthPlugin
14/08/2026 - [21:05:31][INFO]: package: mysql.connector.plugins
14/08/2026 - [21:05:31][INFO]: plugin_name: mysql_native_password
14/08/2026 - [21:05:31][INFO]: AUTHENTICATION_PLUGIN_CLASS: MySQLNativePasswordAuthPlugin
14/08/2026 - [21:05:31][INFO]: O banco de dados foi conectado!!!
14/08/2026 - [21:05:31][ERROR]: Houve um erro inesperado no codigo: 'NoneType' object has no attribute 'execute'
Traceback (most recent call last):
  File "/home/jeremias/Documentos/pasta_de_projetos/Automatizacao _pagamentos_internacionais/tratamento_api/busca_api.py", line 19, in cotacao_moeda
    self.banco_dados.cursor.execute(
    ^^^^^^^^^^^^^^^^^^^^^^^^^^^^^^^
AttributeError: 'NoneType' object has no attribute 'execute'
14/08/2026 - [21:05:38][INFO]: package: mysql.connector.plugins
14/08/2026 - [21:05:38][INFO]: plugin_name: caching_sha2_password
14/08/2026 - [21:05:38][INFO]: AUTHENTICATION_PLUGIN_CLASS: MySQLCachingSHA2PasswordAuthPlugin
14/08/2026 - [21:05:38][INFO]: package: mysql.connector.plugins
14/08/2026 - [21:05:38][INFO]: plugin_name: mysql_native_password
14/08/2026 - [21:05:38][INFO]: AUTHENTICATION_PLUGIN_CLASS: MySQLNativePasswordAuthPlugin
14/08/2026 - [21:05:38][INFO]: O banco de dados foi conectado!!!
14/08/2026 - [21:05:39][ERROR]: Houve um erro inesperado no codigo: 'NoneType' object has no attribute 'execute'
Traceback (most recent call last):
  File "/home/jeremias/Documentos/pasta_de_projetos/Automatizacao _pagamentos_internacionais/tratamento_api/busca_api.py", line 19, in cotacao_moeda
    self.banco_dados.cursor.execute(
    ^^^^^^^^^^^^^^^^^^^^^^^^^^^^^^^
AttributeError: 'NoneType' object has no attribute 'execute'
14/08/2026 - [21:06:12][INFO]: package: mysql.connector.plugins
14/08/2026 - [21:06:12][INFO]: plugin_name: caching_sha2_password
14/08/2026 - [21:06:12][INFO]: AUTHENTICATION_PLUGIN_CLASS: MySQLCachingSHA2PasswordAuthPlugin
14/08/2026 - [21:06:12][INFO]: package: mysql.connector.plugins
14/08/2026 - [21:06:12][INFO]: plugin_name: mysql_native_password
14/08/2026 - [21:06:12][INFO]: AUTHENTICATION_PLUGIN_CLASS: MySQLNativePasswordAuthPlugin
14/08/2026 - [21:06:12][INFO]: O banco de dados foi conectado!!!
14/08/2026 - [21:06:13][ERROR]: Houve um erro inesperado no codigo: 'NoneType' object has no attribute 'execute'
Traceback (most recent call last):
  File "/home/jeremias/Documentos/pasta_de_projetos/Automatizacao _pagamentos_internacionais/tratamento_api/busca_api.py", line 19, in cotacao_moeda
    self.banco_dados.cursor.execute(
    ^^^^^^^^^^^^^^^^^^^^^^^^^^^^^^^
AttributeError: 'NoneType' object has no attribute 'execute'
14/08/2026 - [21:08:38][INFO]: package: mysql.connector.plugins
14/08/2026 - [21:08:38][INFO]: plugin_name: caching_sha2_password
14/08/2026 - [21:08:38][INFO]: AUTHENTICATION_PLUGIN_CLASS: MySQLCachingSHA2PasswordAuthPlugin
14/08/2026 - [21:08:38][INFO]: package: mysql.connector.plugins
14/08/2026 - [21:08:38][INFO]: plugin_name: mysql_native_password
14/08/2026 - [21:08:38][INFO]: AUTHENTICATION_PLUGIN_CLASS: MySQLNativePasswordAuthPlugin
14/08/2026 - [21:08:38][INFO]: O banco de dados foi conectado!!!
14/08/2026 - [21:08:38][ERROR]: Houve um erro inesperado no codigo: 'NoneType' object has no attribute 'execute'
Traceback (most recent call last):
  File "/home/jeremias/Documentos/pasta_de_projetos/Automatizacao _pagamentos_internacionais/tratamento_api/busca_api.py", line 19, in cotacao_moeda
    self.banco_dados.cursor.execute(
    ^^^^^^^^^^^^^^^^^^^^^^^^^^^^^^^
AttributeError: 'NoneType' object has no attribute 'execute'
14/08/2026 - [21:10:07][INFO]: package: mysql.connector.plugins
14/08/2026 - [21:10:07][INFO]: plugin_name: caching_sha2_password
14/08/2026 - [21:10:07][INFO]: AUTHENTICATION_PLUGIN_CLASS: MySQLCachingSHA2PasswordAuthPlugin
14/08/2026 - [21:10:07][INFO]: package: mysql.connector.plugins
14/08/2026 - [21:10:07][INFO]: plugin_name: mysql_native_password
14/08/2026 - [21:10:07][INFO]: AUTHENTICATION_PLUGIN_CLASS: MySQLNativePasswordAuthPlugin
14/08/2026 - [21:10:07][INFO]: O banco de dados foi conectado!!!
14/08/2026 - [21:10:07][ERROR]: Houve um erro inesperado no codigo: 'NoneType' object has no attribute 'execute'
Traceback (most recent call last):
  File "/home/jeremias/Documentos/pasta_de_projetos/Automatizacao _pagamentos_internacionais/tratamento_api/busca_api.py", line 19, in cotacao_moeda
    self.banco_dados.cursor.execute(
    ^^^^^^^^^^^^^^^^^^^^^^^^^^^^^^^
AttributeError: 'NoneType' object has no attribute 'execute'
14/08/2026 - [21:10:07][INFO]: Banco de dados desconectado
14/08/2026 - [21:10:26][INFO]: package: mysql.connector.plugins
14/08/2026 - [21:10:26][INFO]: plugin_name: caching_sha2_password
14/08/2026 - [21:10:26][INFO]: AUTHENTICATION_PLUGIN_CLASS: MySQLCachingSHA2PasswordAuthPlugin
14/08/2026 - [21:10:26][INFO]: package: mysql.connector.plugins
14/08/2026 - [21:10:26][INFO]: plugin_name: mysql_native_password
14/08/2026 - [21:10:26][INFO]: AUTHENTICATION_PLUGIN_CLASS: MySQLNativePasswordAuthPlugin
14/08/2026 - [21:10:26][INFO]: O banco de dados foi conectado!!!
14/08/2026 - [21:10:26][INFO]: Banco de dados desconectado
14/08/2026 - [21:10:38][INFO]: package: mysql.connector.plugins
14/08/2026 - [21:10:38][INFO]: plugin_name: caching_sha2_password
14/08/2026 - [21:10:38][INFO]: AUTHENTICATION_PLUGIN_CLASS: MySQLCachingSHA2PasswordAuthPlugin
14/08/2026 - [21:10:38][INFO]: package: mysql.connector.plugins
14/08/2026 - [21:10:38][INFO]: plugin_name: mysql_native_password
14/08/2026 - [21:10:38][INFO]: AUTHENTICATION_PLUGIN_CLASS: MySQLNativePasswordAuthPlugin
14/08/2026 - [21:10:38][INFO]: O banco de dados foi conectado!!!
14/08/2026 - [21:10:38][ERROR]: Houve um erro inesperado no codigo: 'NoneType' object has no attribute 'execute'
Traceback (most recent call last):
  File "/home/jeremias/Documentos/pasta_de_projetos/Automatizacao _pagamentos_internacionais/tratamento_api/busca_api.py", line 19, in cotacao_moeda
    self.banco_dados.cursor.execute(
    ^^^^^^^^^^^^^^^^^^^^^^^^^^^^^^^
AttributeError: 'NoneType' object has no attribute 'execute'
14/08/2026 - [21:10:38][INFO]: Banco de dados desconectado
14/08/2026 - [21:12:23][ERROR]: Houve um erro inesperado no codigo: 'NoneType' object has no attribute 'execute'
Traceback (most recent call last):
  File "/home/jeremias/Documentos/pasta_de_projetos/Automatizacao _pagamentos_internacionais/tratamento_api/busca_api.py", line 19, in cotacao_moeda
    self.banco_dados.cursor.execute(
    ^^^^^^^^^^^^^^^^^^^^^^^^^^^^^^^
AttributeError: 'NoneType' object has no attribute 'execute'
14/08/2026 - [21:12:35][ERROR]: Houve um erro inesperado no codigo: 'NoneType' object has no attribute 'execute'
Traceback (most recent call last):
  File "/home/jeremias/Documentos/pasta_de_projetos/Automatizacao _pagamentos_internacionais/tratamento_api/busca_api.py", line 19, in cotacao_moeda
    self.banco_dados.cursor.execute(
    ^^^^^^^^^^^^^^^^^^^^^^^^^^^^^^^
AttributeError: 'NoneType' object has no attribute 'execute'
14/08/2026 - [21:12:59][ERROR]: Houve um erro inesperado no codigo: 'NoneType' object has no attribute 'execute'
Traceback (most recent call last):
  File "/home/jeremias/Documentos/pasta_de_projetos/Automatizacao _pagamentos_internacionais/tratamento_api/busca_api.py", line 19, in cotacao_moeda
    self.banco_dados.cursor.execute(
    ^^^^^^^^^^^^^^^^^^^^^^^^^^^^^^^
AttributeError: 'NoneType' object has no attribute 'execute'
14/08/2026 - [21:14:17][ERROR]: Houve um erro inesperado no codigo: 'NoneType' object has no attribute 'execute'
Traceback (most recent call last):
  File "/home/jeremias/Documentos/pasta_de_projetos/Automatizacao _pagamentos_internacionais/tratamento_api/busca_api.py", line 19, in cotacao_moeda
    self.banco_dados.cursor.execute(
    ^^^^^^^^^^^^^^^^^^^^^^^^^^^^^^^
AttributeError: 'NoneType' object has no attribute 'execute'
15/08/2026 - [01:38:39][ERROR]: Houve um erro inesperado no codigo: 'NoneType' object has no attribute 'execute'
Traceback (most recent call last):
  File "/home/jeremias/Documentos/pasta_de_projetos/Automatizacao _pagamentos_internacionais/tratamento_api/busca_api.py", line 19, in cotacao_moeda
    self.banco_dados.cursor.execute(
    ^^^^^^^^^^^^^^^^^^^^^^^^^^^^^^^
AttributeError: 'NoneType' object has no attribute 'execute'
15/08/2026 - [01:39:21][ERROR]: Houve um erro inesperado no codigo: 'NoneType' object has no attribute 'execute'
Traceback (most recent call last):
  File "/home/jeremias/Documentos/pasta_de_projetos/Automatizacao _pagamentos_internacionais/tratamento_api/busca_api.py", line 19, in cotacao_moeda
    self.banco_dados.cursor.execute(
    ^^^^^^^^^^^^^^^^^^^^^^^^^^^^^^^
AttributeError: 'NoneType' object has no attribute 'execute'
15/08/2026 - [01:39:32][ERROR]: Houve um erro inesperado no codigo: 'NoneType' object has no attribute 'execute'
Traceback (most recent call last):
  File "/home/jeremias/Documentos/pasta_de_projetos/Automatizacao _pagamentos_internacionais/tratamento_api/busca_api.py", line 19, in cotacao_moeda
    self.banco_dados.cursor.execute(
    ^^^^^^^^^^^^^^^^^^^^^^^^^^^^^^^
AttributeError: 'NoneType' object has no attribute 'execute'
15/08/2026 - [01:39:41][ERROR]: Houve um erro inesperado no codigo: 'NoneType' object has no attribute 'execute'
Traceback (most recent call last):
  File "/home/jeremias/Documentos/pasta_de_projetos/Automatizacao _pagamentos_internacionais/tratamento_api/busca_api.py", line 19, in cotacao_moeda
    self.banco_dados.cursor.execute(
    ^^^^^^^^^^^^^^^^^^^^^^^^^^^^^^^
AttributeError: 'NoneType' object has no attribute 'execute'
15/08/2026 - [01:40:34][ERROR]: Houve um erro inesperado no codigo: 'NoneType' object has no attribute 'execute'
Traceback (most recent call last):
  File "/home/jeremias/Documentos/pasta_de_projetos/Automatizacao _pagamentos_internacionais/tratamento_api/busca_api.py", line 19, in cotacao_moeda
    self.banco_dados.cursor.execute(
    ^^^^^^^^^^^^^^^^^^^^^^^^^^^^^^^
AttributeError: 'NoneType' object has no attribute 'execute'
15/08/2026 - [01:40:50][ERROR]: Houve um erro inesperado no codigo: 'NoneType' object has no attribute 'execute'
Traceback (most recent call last):
  File "/home/jeremias/Documentos/pasta_de_projetos/Automatizacao _pagamentos_internacionais/tratamento_api/busca_api.py", line 19, in cotacao_moeda
    self.banco_dados.cursor.execute(
    ^^^^^^^^^^^^^^^^^^^^^^^^^^^^^^^
AttributeError: 'NoneType' object has no attribute 'execute'
15/08/2026 - [01:41:08][ERROR]: Houve um erro inesperado no codigo: 'NoneType' object has no attribute 'execute'
Traceback (most recent call last):
  File "/home/jeremias/Documentos/pasta_de_projetos/Automatizacao _pagamentos_internacionais/tratamento_api/busca_api.py", line 19, in cotacao_moeda
    self.banco_dados.cursor.execute(
    ^^^^^^^^^^^^^^^^^^^^^^^^^^^^^^^
AttributeError: 'NoneType' object has no attribute 'execute'
15/08/2026 - [01:41:11][ERROR]: Houve um erro inesperado no codigo: 'NoneType' object has no attribute 'execute'
Traceback (most recent call last):
  File "/home/jeremias/Documentos/pasta_de_projetos/Automatizacao _pagamentos_internacionais/tratamento_api/busca_api.py", line 19, in cotacao_moeda
    self.banco_dados.cursor.execute(
    ^^^^^^^^^^^^^^^^^^^^^^^^^^^^^^^
AttributeError: 'NoneType' object has no attribute 'execute'
15/08/2026 - [01:41:32][ERROR]: Houve um erro inesperado no codigo: 'NoneType' object has no attribute 'execute'
Traceback (most recent call last):
  File "/home/jeremias/Documentos/pasta_de_projetos/Automatizacao _pagamentos_internacionais/tratamento_api/busca_api.py", line 19, in cotacao_moeda
    self.banco_dados.cursor.execute(
    ^^^^^^^^^^^^^^^^^^^^^^^^^^^^^^^
AttributeError: 'NoneType' object has no attribute 'execute'
15/08/2026 - [01:43:55][INFO]: package: mysql.connector.plugins
15/08/2026 - [01:43:55][INFO]: plugin_name: caching_sha2_password
15/08/2026 - [01:43:55][INFO]: AUTHENTICATION_PLUGIN_CLASS: MySQLCachingSHA2PasswordAuthPlugin
15/08/2026 - [01:43:55][INFO]: package: mysql.connector.plugins
15/08/2026 - [01:43:55][INFO]: plugin_name: mysql_native_password
15/08/2026 - [01:43:55][INFO]: AUTHENTICATION_PLUGIN_CLASS: MySQLNativePasswordAuthPlugin
15/08/2026 - [01:43:55][INFO]: O banco de dados foi conectado!!!
15/08/2026 - [01:44:28][INFO]: package: mysql.connector.plugins
15/08/2026 - [01:44:28][INFO]: plugin_name: caching_sha2_password
15/08/2026 - [01:44:28][INFO]: AUTHENTICATION_PLUGIN_CLASS: MySQLCachingSHA2PasswordAuthPlugin
15/08/2026 - [01:44:28][INFO]: package: mysql.connector.plugins
15/08/2026 - [01:44:28][INFO]: plugin_name: mysql_native_password
15/08/2026 - [01:44:28][INFO]: AUTHENTICATION_PLUGIN_CLASS: MySQLNativePasswordAuthPlugin
15/08/2026 - [01:44:28][INFO]: O banco de dados foi conectado!!!
15/08/2026 - [01:44:40][INFO]: package: mysql.connector.plugins
15/08/2026 - [01:44:40][INFO]: plugin_name: caching_sha2_password
15/08/2026 - [01:44:40][INFO]: AUTHENTICATION_PLUGIN_CLASS: MySQLCachingSHA2PasswordAuthPlugin
15/08/2026 - [01:44:40][INFO]: package: mysql.connector.plugins
15/08/2026 - [01:44:40][INFO]: plugin_name: mysql_native_password
15/08/2026 - [01:44:40][INFO]: AUTHENTICATION_PLUGIN_CLASS: MySQLNativePasswordAuthPlugin
15/08/2026 - [01:44:40][INFO]: O banco de dados foi conectado!!!
15/08/2026 - [01:45:36][INFO]: package: mysql.connector.plugins
15/08/2026 - [01:45:36][INFO]: plugin_name: caching_sha2_password
15/08/2026 - [01:45:36][INFO]: AUTHENTICATION_PLUGIN_CLASS: MySQLCachingSHA2PasswordAuthPlugin
15/08/2026 - [01:45:36][INFO]: package: mysql.connector.plugins
15/08/2026 - [01:45:36][INFO]: plugin_name: mysql_native_password
15/08/2026 - [01:45:36][INFO]: AUTHENTICATION_PLUGIN_CLASS: MySQLNativePasswordAuthPlugin
15/08/2026 - [01:45:36][INFO]: O banco de dados foi conectado!!!
15/08/2026 - [01:45:36][ERROR]: Houve um erro inesperado no codigo: 'NoneType' object has no attribute 'execute'
Traceback (most recent call last):
  File "/home/jeremias/Documentos/pasta_de_projetos/Automatizacao _pagamentos_internacionais/tratamento_api/busca_api.py", line 17, in cotacao_moeda
    self.banco_dados.cursor.execute(
    ^^^^^^^^^^^^^^^^^^^^^^^^^^^^^^^
AttributeError: 'NoneType' object has no attribute 'execute'
15/08/2026 - [01:45:36][INFO]: Banco de dados desconectado
15/08/2026 - [01:46:04][INFO]: package: mysql.connector.plugins
15/08/2026 - [01:46:04][INFO]: plugin_name: caching_sha2_password
15/08/2026 - [01:46:04][INFO]: AUTHENTICATION_PLUGIN_CLASS: MySQLCachingSHA2PasswordAuthPlugin
15/08/2026 - [01:46:04][INFO]: package: mysql.connector.plugins
15/08/2026 - [01:46:04][INFO]: plugin_name: mysql_native_password
15/08/2026 - [01:46:04][INFO]: AUTHENTICATION_PLUGIN_CLASS: MySQLNativePasswordAuthPlugin
15/08/2026 - [01:46:04][INFO]: O banco de dados foi conectado!!!
15/08/2026 - [01:46:04][ERROR]: Houve um erro inesperado no codigo: 'NoneType' object has no attribute 'execute'
Traceback (most recent call last):
  File "/home/jeremias/Documentos/pasta_de_projetos/Automatizacao _pagamentos_internacionais/tratamento_api/busca_api.py", line 17, in cotacao_moeda
    self.banco_dados.cursor.execute(
    ^^^^^^^^^^^^^^^^^^^^^^^^^^^^^^^
AttributeError: 'NoneType' object has no attribute 'execute'
15/08/2026 - [01:46:04][INFO]: Banco de dados desconectado
15/08/2026 - [01:46:19][INFO]: package: mysql.connector.plugins
15/08/2026 - [01:46:19][INFO]: plugin_name: caching_sha2_password
15/08/2026 - [01:46:19][INFO]: AUTHENTICATION_PLUGIN_CLASS: MySQLCachingSHA2PasswordAuthPlugin
15/08/2026 - [01:46:19][INFO]: package: mysql.connector.plugins
15/08/2026 - [01:46:19][INFO]: plugin_name: mysql_native_password
15/08/2026 - [01:46:19][INFO]: AUTHENTICATION_PLUGIN_CLASS: MySQLNativePasswordAuthPlugin
15/08/2026 - [01:46:19][INFO]: O banco de dados foi conectado!!!
15/08/2026 - [01:46:19][ERROR]: Houve um erro inesperado no codigo: 'NoneType' object has no attribute 'execute'
Traceback (most recent call last):
  File "/home/jeremias/Documentos/pasta_de_projetos/Automatizacao _pagamentos_internacionais/tratamento_api/busca_api.py", line 17, in cotacao_moeda
    self.banco_dados.cursor.execute(
    ^^^^^^^^^^^^^^^^^^^^^^^^^^^^^^^
AttributeError: 'NoneType' object has no attribute 'execute'
15/08/2026 - [01:46:19][INFO]: Banco de dados desconectado
15/08/2026 - [01:47:32][INFO]: package: mysql.connector.plugins
15/08/2026 - [01:47:32][INFO]: plugin_name: caching_sha2_password
15/08/2026 - [01:47:32][INFO]: AUTHENTICATION_PLUGIN_CLASS: MySQLCachingSHA2PasswordAuthPlugin
15/08/2026 - [01:47:32][INFO]: package: mysql.connector.plugins
15/08/2026 - [01:47:32][INFO]: plugin_name: mysql_native_password
15/08/2026 - [01:47:32][INFO]: AUTHENTICATION_PLUGIN_CLASS: MySQLNativePasswordAuthPlugin
15/08/2026 - [01:47:32][INFO]: O banco de dados foi conectado!!!
15/08/2026 - [01:47:32][ERROR]: Houve um erro inesperado no codigo: 'NoneType' object has no attribute 'execute'
Traceback (most recent call last):
  File "/home/jeremias/Documentos/pasta_de_projetos/Automatizacao _pagamentos_internacionais/tratamento_api/busca_api.py", line 17, in cotacao_moeda
    self.banco_dados.cursor.execute(
    ^^^^^^^^^^^^^^^^^^^^^^^^^^^^^^^
AttributeError: 'NoneType' object has no attribute 'execute'
15/08/2026 - [01:48:08][INFO]: package: mysql.connector.plugins
15/08/2026 - [01:48:08][INFO]: plugin_name: caching_sha2_password
15/08/2026 - [01:48:08][INFO]: AUTHENTICATION_PLUGIN_CLASS: MySQLCachingSHA2PasswordAuthPlugin
15/08/2026 - [01:48:08][INFO]: package: mysql.connector.plugins
15/08/2026 - [01:48:08][INFO]: plugin_name: mysql_native_password
15/08/2026 - [01:48:08][INFO]: AUTHENTICATION_PLUGIN_CLASS: MySQLNativePasswordAuthPlugin
15/08/2026 - [01:48:08][INFO]: O banco de dados foi conectado!!!
15/08/2026 - [01:48:09][INFO]: Banco de dados desconectado
15/08/2026 - [01:48:20][INFO]: package: mysql.connector.plugins
15/08/2026 - [01:48:20][INFO]: plugin_name: caching_sha2_password
15/08/2026 - [01:48:20][INFO]: AUTHENTICATION_PLUGIN_CLASS: MySQLCachingSHA2PasswordAuthPlugin
15/08/2026 - [01:48:20][INFO]: package: mysql.connector.plugins
15/08/2026 - [01:48:20][INFO]: plugin_name: mysql_native_password
15/08/2026 - [01:48:20][INFO]: AUTHENTICATION_PLUGIN_CLASS: MySQLNativePasswordAuthPlugin
15/08/2026 - [01:48:20][INFO]: O banco de dados foi conectado!!!
15/08/2026 - [01:48:20][INFO]: Banco de dados desconectado
15/08/2026 - [01:49:17][INFO]: package: mysql.connector.plugins
15/08/2026 - [01:49:17][INFO]: plugin_name: caching_sha2_password
15/08/2026 - [01:49:17][INFO]: AUTHENTICATION_PLUGIN_CLASS: MySQLCachingSHA2PasswordAuthPlugin
15/08/2026 - [01:49:17][INFO]: package: mysql.connector.plugins
15/08/2026 - [01:49:17][INFO]: plugin_name: mysql_native_password
15/08/2026 - [01:49:17][INFO]: AUTHENTICATION_PLUGIN_CLASS: MySQLNativePasswordAuthPlugin
15/08/2026 - [01:49:17][INFO]: O banco de dados foi conectado!!!
15/08/2026 - [01:49:17][ERROR]: Houve um erro inesperado no codigo: 'NoneType' object has no attribute 'execute'
Traceback (most recent call last):
  File "/home/jeremias/Documentos/pasta_de_projetos/Automatizacao _pagamentos_internacionais/tratamento_api/busca_api.py", line 17, in cotacao_moeda
    self.banco_dados.cursor.execute(
    ^^^^^^^^^^^^^^^^^^^^^^^^^^^^^^^
AttributeError: 'NoneType' object has no attribute 'execute'
15/08/2026 - [01:51:39][INFO]: package: mysql.connector.plugins
15/08/2026 - [01:51:39][INFO]: plugin_name: caching_sha2_password
15/08/2026 - [01:51:39][INFO]: AUTHENTICATION_PLUGIN_CLASS: MySQLCachingSHA2PasswordAuthPlugin
15/08/2026 - [01:51:39][INFO]: package: mysql.connector.plugins
15/08/2026 - [01:51:39][INFO]: plugin_name: mysql_native_password
15/08/2026 - [01:51:39][INFO]: AUTHENTICATION_PLUGIN_CLASS: MySQLNativePasswordAuthPlugin
15/08/2026 - [01:51:39][INFO]: O banco de dados foi conectado!!!
15/08/2026 - [01:51:39][ERROR]: Houve um erro inesperado no codigo: 'NoneType' object has no attribute 'execute'
Traceback (most recent call last):
  File "/home/jeremias/Documentos/pasta_de_projetos/Automatizacao _pagamentos_internacionais/tratamento_api/busca_api.py", line 17, in cotacao_moeda
    self.banco_dados.cursor.execute(
    ^^^^^^^^^^^^^^^^^^^^^^^^^^^^^^^
AttributeError: 'NoneType' object has no attribute 'execute'
15/08/2026 - [01:51:50][INFO]: package: mysql.connector.plugins
15/08/2026 - [01:51:50][INFO]: plugin_name: caching_sha2_password
15/08/2026 - [01:51:50][INFO]: AUTHENTICATION_PLUGIN_CLASS: MySQLCachingSHA2PasswordAuthPlugin
15/08/2026 - [01:51:50][INFO]: package: mysql.connector.plugins
15/08/2026 - [01:51:50][INFO]: plugin_name: mysql_native_password
15/08/2026 - [01:51:50][INFO]: AUTHENTICATION_PLUGIN_CLASS: MySQLNativePasswordAuthPlugin
15/08/2026 - [01:51:50][INFO]: O banco de dados foi conectado!!!
15/08/2026 - [01:51:50][ERROR]: Houve um erro inesperado no codigo: 'NoneType' object has no attribute 'execute'
Traceback (most recent call last):
  File "/home/jeremias/Documentos/pasta_de_projetos/Automatizacao _pagamentos_internacionais/tratamento_api/busca_api.py", line 17, in cotacao_moeda
    self.banco_dados.cursor.execute(
    ^^^^^^^^^^^^^^^^^^^^^^^^^^^^^^^
AttributeError: 'NoneType' object has no attribute 'execute'
15/08/2026 - [01:53:38][INFO]: package: mysql.connector.plugins
15/08/2026 - [01:53:38][INFO]: plugin_name: caching_sha2_password
15/08/2026 - [01:53:38][INFO]: AUTHENTICATION_PLUGIN_CLASS: MySQLCachingSHA2PasswordAuthPlugin
15/08/2026 - [01:53:38][INFO]: package: mysql.connector.plugins
15/08/2026 - [01:53:38][INFO]: plugin_name: mysql_native_password
15/08/2026 - [01:53:38][INFO]: AUTHENTICATION_PLUGIN_CLASS: MySQLNativePasswordAuthPlugin
15/08/2026 - [01:53:38][INFO]: O banco de dados foi conectado!!!
15/08/2026 - [01:53:38][ERROR]: Houve um erro inesperado no codigo: 'NoneType' object has no attribute 'execute'
Traceback (most recent call last):
  File "/home/jeremias/Documentos/pasta_de_projetos/Automatizacao _pagamentos_internacionais/tratamento_api/busca_api.py", line 17, in cotacao_moeda
    self.banco_dados.cursor.execute(
    ^^^^^^^^^^^^^^^^^^^^^^^^^^^^^^^
AttributeError: 'NoneType' object has no attribute 'execute'
15/08/2026 - [01:53:38][INFO]: Banco de dados desconectado
15/08/2026 - [01:54:47][INFO]: package: mysql.connector.plugins
15/08/2026 - [01:54:47][INFO]: plugin_name: caching_sha2_password
15/08/2026 - [01:54:47][INFO]: AUTHENTICATION_PLUGIN_CLASS: MySQLCachingSHA2PasswordAuthPlugin
15/08/2026 - [01:54:47][INFO]: package: mysql.connector.plugins
15/08/2026 - [01:54:47][INFO]: plugin_name: mysql_native_password
15/08/2026 - [01:54:47][INFO]: AUTHENTICATION_PLUGIN_CLASS: MySQLNativePasswordAuthPlugin
15/08/2026 - [01:54:47][INFO]: O banco de dados foi conectado!!!
15/08/2026 - [01:54:47][ERROR]: Houve um erro inesperado no codigo: 'NoneType' object has no attribute 'execute'
Traceback (most recent call last):
  File "/home/jeremias/Documentos/pasta_de_projetos/Automatizacao _pagamentos_internacionais/tratamento_api/busca_api.py", line 17, in cotacao_moeda
    self.banco_dados.cursor.execute(
    ^^^^^^^^^^^^^^^^^^^^^^^^^^^^^^^
AttributeError: 'NoneType' object has no attribute 'execute'
15/08/2026 - [01:58:54][INFO]: package: mysql.connector.plugins
15/08/2026 - [01:58:54][INFO]: plugin_name: caching_sha2_password
15/08/2026 - [01:58:54][INFO]: AUTHENTICATION_PLUGIN_CLASS: MySQLCachingSHA2PasswordAuthPlugin
15/08/2026 - [01:58:54][INFO]: package: mysql.connector.plugins
15/08/2026 - [01:58:54][INFO]: plugin_name: mysql_native_password
15/08/2026 - [01:58:54][INFO]: AUTHENTICATION_PLUGIN_CLASS: MySQLNativePasswordAuthPlugin
15/08/2026 - [01:58:54][INFO]: O banco de dados foi conectado!!!
15/08/2026 - [01:59:14][INFO]: package: mysql.connector.plugins
15/08/2026 - [01:59:14][INFO]: plugin_name: caching_sha2_password
15/08/2026 - [01:59:14][INFO]: AUTHENTICATION_PLUGIN_CLASS: MySQLCachingSHA2PasswordAuthPlugin
15/08/2026 - [01:59:14][INFO]: package: mysql.connector.plugins
15/08/2026 - [01:59:14][INFO]: plugin_name: mysql_native_password
15/08/2026 - [01:59:14][INFO]: AUTHENTICATION_PLUGIN_CLASS: MySQLNativePasswordAuthPlugin
15/08/2026 - [01:59:14][INFO]: O banco de dados foi conectado!!!
15/08/2026 - [01:59:14][ERROR]: Houve um erro inesperado no codigo: 'NoneType' object has no attribute 'execute'
Traceback (most recent call last):
  File "/home/jeremias/Documentos/pasta_de_projetos/Automatizacao _pagamentos_internacionais/tratamento_api/busca_api.py", line 17, in cotacao_moeda
    self.banco_dados.cursor.execute(
    ^^^^^^^^^^^^^^^^^^^^^^^^^^^^^^^
AttributeError: 'NoneType' object has no attribute 'execute'
15/08/2026 - [02:00:05][ERROR]: Houve um erro inesperado no codigo: 'NoneType' object has no attribute 'execute'
Traceback (most recent call last):
  File "/home/jeremias/Documentos/pasta_de_projetos/Automatizacao _pagamentos_internacionais/tratamento_api/busca_api.py", line 17, in cotacao_moeda
    self.banco_dados.cursor.execute(
    ^^^^^^^^^^^^^^^^^^^^^^^^^^^^^^^
AttributeError: 'NoneType' object has no attribute 'execute'
15/08/2026 - [02:01:50][INFO]: package: mysql.connector.plugins
15/08/2026 - [02:01:50][INFO]: plugin_name: caching_sha2_password
15/08/2026 - [02:01:50][INFO]: AUTHENTICATION_PLUGIN_CLASS: MySQLCachingSHA2PasswordAuthPlugin
15/08/2026 - [02:01:50][INFO]: package: mysql.connector.plugins
15/08/2026 - [02:01:50][INFO]: plugin_name: mysql_native_password
15/08/2026 - [02:01:50][INFO]: AUTHENTICATION_PLUGIN_CLASS: MySQLNativePasswordAuthPlugin
15/08/2026 - [02:01:50][INFO]: O banco de dados foi conectado!!!
15/08/2026 - [02:02:01][INFO]: package: mysql.connector.plugins
15/08/2026 - [02:02:01][INFO]: plugin_name: caching_sha2_password
15/08/2026 - [02:02:01][INFO]: AUTHENTICATION_PLUGIN_CLASS: MySQLCachingSHA2PasswordAuthPlugin
15/08/2026 - [02:02:01][INFO]: package: mysql.connector.plugins
15/08/2026 - [02:02:01][INFO]: plugin_name: mysql_native_password
15/08/2026 - [02:02:01][INFO]: AUTHENTICATION_PLUGIN_CLASS: MySQLNativePasswordAuthPlugin
15/08/2026 - [02:02:01][INFO]: O banco de dados foi conectado!!!
15/08/2026 - [02:02:01][INFO]: Banco de dados desconectado
15/08/2026 - [02:02:20][INFO]: package: mysql.connector.plugins
15/08/2026 - [02:02:20][INFO]: plugin_name: caching_sha2_password
15/08/2026 - [02:02:20][INFO]: AUTHENTICATION_PLUGIN_CLASS: MySQLCachingSHA2PasswordAuthPlugin
15/08/2026 - [02:02:20][INFO]: package: mysql.connector.plugins
15/08/2026 - [02:02:20][INFO]: plugin_name: mysql_native_password
15/08/2026 - [02:02:20][INFO]: AUTHENTICATION_PLUGIN_CLASS: MySQLNativePasswordAuthPlugin
15/08/2026 - [02:02:20][INFO]: O banco de dados foi conectado!!!
15/08/2026 - [02:02:20][ERROR]: Houve um erro inesperado no codigo: 'NoneType' object has no attribute 'execute'
Traceback (most recent call last):
  File "/home/jeremias/Documentos/pasta_de_projetos/Automatizacao _pagamentos_internacionais/tratamento_api/busca_api.py", line 17, in cotacao_moeda
    self.banco_dados.cursor.execute(
    ^^^^^^^^^^^^^^^^^^^^^^^^^^^^^^^
AttributeError: 'NoneType' object has no attribute 'execute'
15/08/2026 - [02:02:20][INFO]: Banco de dados desconectado
15/08/2026 - [02:03:44][INFO]: package: mysql.connector.plugins
15/08/2026 - [02:03:44][INFO]: plugin_name: caching_sha2_password
15/08/2026 - [02:03:44][INFO]: AUTHENTICATION_PLUGIN_CLASS: MySQLCachingSHA2PasswordAuthPlugin
15/08/2026 - [02:03:44][INFO]: package: mysql.connector.plugins
15/08/2026 - [02:03:44][INFO]: plugin_name: mysql_native_password
15/08/2026 - [02:03:44][INFO]: AUTHENTICATION_PLUGIN_CLASS: MySQLNativePasswordAuthPlugin
15/08/2026 - [02:03:44][INFO]: O banco de dados foi conectado!!!
15/08/2026 - [02:03:44][ERROR]: Houve um erro inesperado no codigo: 'NoneType' object has no attribute 'execute'
Traceback (most recent call last):
  File "/home/jeremias/Documentos/pasta_de_projetos/Automatizacao _pagamentos_internacionais/tratamento_api/busca_api.py", line 17, in cotacao_moeda
    self.banco_dados.cursor.execute(
    ^^^^^^^^^^^^^^^^^^^^^^^^^^^^^^^
AttributeError: 'NoneType' object has no attribute 'execute'
15/08/2026 - [02:03:44][INFO]: Banco de dados desconectado
15/08/2026 - [02:03:59][INFO]: package: mysql.connector.plugins
15/08/2026 - [02:03:59][INFO]: plugin_name: caching_sha2_password
15/08/2026 - [02:03:59][INFO]: AUTHENTICATION_PLUGIN_CLASS: MySQLCachingSHA2PasswordAuthPlugin
15/08/2026 - [02:03:59][INFO]: package: mysql.connector.plugins
15/08/2026 - [02:03:59][INFO]: plugin_name: mysql_native_password
15/08/2026 - [02:03:59][INFO]: AUTHENTICATION_PLUGIN_CLASS: MySQLNativePasswordAuthPlugin
15/08/2026 - [02:03:59][INFO]: O banco de dados foi conectado!!!
15/08/2026 - [02:03:59][ERROR]: Houve um erro inesperado no codigo: 'NoneType' object has no attribute 'execute'
Traceback (most recent call last):
  File "/home/jeremias/Documentos/pasta_de_projetos/Automatizacao _pagamentos_internacionais/tratamento_api/busca_api.py", line 17, in cotacao_moeda
    self.banco_dados.cursor.execute(
    ^^^^^^^^^^^^^^^^^^^^^^^^^^^^^^^
AttributeError: 'NoneType' object has no attribute 'execute'
15/08/2026 - [02:03:59][INFO]: Banco de dados desconectado
15/08/2026 - [02:06:04][ERROR]: Houve um erro inesperado no codigo: 'NoneType' object has no attribute 'execute'
Traceback (most recent call last):
  File "/home/jeremias/Documentos/pasta_de_projetos/Automatizacao _pagamentos_internacionais/tratamento_api/busca_api.py", line 17, in cotacao_moeda
    self.banco_dados.cursor.execute(
    ^^^^^^^^^^^^^^^^^^^^^^^^^^^^^^^
AttributeError: 'NoneType' object has no attribute 'execute'
15/08/2026 - [02:06:04][INFO]: package: mysql.connector.plugins
15/08/2026 - [02:06:04][INFO]: plugin_name: caching_sha2_password
15/08/2026 - [02:06:04][INFO]: AUTHENTICATION_PLUGIN_CLASS: MySQLCachingSHA2PasswordAuthPlugin
15/08/2026 - [02:06:04][INFO]: package: mysql.connector.plugins
15/08/2026 - [02:06:04][INFO]: plugin_name: mysql_native_password
15/08/2026 - [02:06:04][INFO]: AUTHENTICATION_PLUGIN_CLASS: MySQLNativePasswordAuthPlugin
15/08/2026 - [02:06:04][INFO]: O banco de dados foi conectado!!!
15/08/2026 - [02:06:04][INFO]: Banco de dados desconectado
15/08/2026 - [02:08:54][INFO]: package: mysql.connector.plugins
15/08/2026 - [02:08:54][INFO]: plugin_name: caching_sha2_password
15/08/2026 - [02:08:54][INFO]: AUTHENTICATION_PLUGIN_CLASS: MySQLCachingSHA2PasswordAuthPlugin
15/08/2026 - [02:08:54][INFO]: package: mysql.connector.plugins
15/08/2026 - [02:08:54][INFO]: plugin_name: mysql_native_password
15/08/2026 - [02:08:54][INFO]: AUTHENTICATION_PLUGIN_CLASS: MySQLNativePasswordAuthPlugin
15/08/2026 - [02:08:54][INFO]: O banco de dados foi conectado!!!
15/08/2026 - [02:08:54][ERROR]: Houve um erro inesperado no codigo: 'NoneType' object has no attribute 'execute'
Traceback (most recent call last):
  File "/home/jeremias/Documentos/pasta_de_projetos/Automatizacao _pagamentos_internacionais/tratamento_api/busca_api.py", line 17, in cotacao_moeda
    self.banco_dados.cursor.execute(
    ^^^^^^^^^^^^^^^^^^^^^^^^^^^^^^^
AttributeError: 'NoneType' object has no attribute 'execute'
15/08/2026 - [02:08:54][INFO]: Banco de dados desconectado
15/08/2026 - [02:09:28][INFO]: package: mysql.connector.plugins
15/08/2026 - [02:09:28][INFO]: plugin_name: caching_sha2_password
15/08/2026 - [02:09:28][INFO]: AUTHENTICATION_PLUGIN_CLASS: MySQLCachingSHA2PasswordAuthPlugin
15/08/2026 - [02:09:28][INFO]: package: mysql.connector.plugins
15/08/2026 - [02:09:28][INFO]: plugin_name: mysql_native_password
15/08/2026 - [02:09:28][INFO]: AUTHENTICATION_PLUGIN_CLASS: MySQLNativePasswordAuthPlugin
15/08/2026 - [02:09:28][INFO]: O banco de dados foi conectado!!!
15/08/2026 - [02:09:28][ERROR]: Houve um erro inesperado no codigo: 'NoneType' object has no attribute 'execute'
Traceback (most recent call last):
  File "/home/jeremias/Documentos/pasta_de_projetos/Automatizacao _pagamentos_internacionais/tratamento_api/busca_api.py", line 17, in cotacao_moeda
    self.banco_dados.cursor.execute(
    ^^^^^^^^^^^^^^^^^^^^^^^^^^^^^^^
AttributeError: 'NoneType' object has no attribute 'execute'
15/08/2026 - [02:09:28][INFO]: Banco de dados desconectado
15/08/2026 - [02:10:23][INFO]: package: mysql.connector.plugins
15/08/2026 - [02:10:23][INFO]: plugin_name: caching_sha2_password
15/08/2026 - [02:10:23][INFO]: AUTHENTICATION_PLUGIN_CLASS: MySQLCachingSHA2PasswordAuthPlugin
15/08/2026 - [02:10:23][INFO]: package: mysql.connector.plugins
15/08/2026 - [02:10:23][INFO]: plugin_name: mysql_native_password
15/08/2026 - [02:10:23][INFO]: AUTHENTICATION_PLUGIN_CLASS: MySQLNativePasswordAuthPlugin
15/08/2026 - [02:10:23][INFO]: O banco de dados foi conectado!!!
15/08/2026 - [02:10:23][ERROR]: Houve um erro inesperado no codigo: 'NoneType' object has no attribute 'execute'
Traceback (most recent call last):
  File "/home/jeremias/Documentos/pasta_de_projetos/Automatizacao _pagamentos_internacionais/tratamento_api/busca_api.py", line 17, in cotacao_moeda
    self.banco_dados.cursor.execute(
    ^^^^^^^^^^^^^^^^^^^^^^^^^^^^^^^
AttributeError: 'NoneType' object has no attribute 'execute'
15/08/2026 - [02:12:04][INFO]: package: mysql.connector.plugins
15/08/2026 - [02:12:04][INFO]: plugin_name: caching_sha2_password
15/08/2026 - [02:12:04][INFO]: AUTHENTICATION_PLUGIN_CLASS: MySQLCachingSHA2PasswordAuthPlugin
15/08/2026 - [02:12:04][INFO]: package: mysql.connector.plugins
15/08/2026 - [02:12:04][INFO]: plugin_name: mysql_native_password
15/08/2026 - [02:12:04][INFO]: AUTHENTICATION_PLUGIN_CLASS: MySQLNativePasswordAuthPlugin
15/08/2026 - [02:12:04][INFO]: O banco de dados foi conectado!!!
15/08/2026 - [02:12:04][ERROR]: Houve um erro inesperado no codigo: 'NoneType' object has no attribute 'execute'
Traceback (most recent call last):
  File "/home/jeremias/Documentos/pasta_de_projetos/Automatizacao _pagamentos_internacionais/tratamento_api/busca_api.py", line 17, in cotacao_moeda
    self.banco_dados.cursor.execute(
    ^^^^^^^^^^^^^^^^^^^^^^^^^^^^^^^
AttributeError: 'NoneType' object has no attribute 'execute'
15/08/2026 - [02:12:04][INFO]: Banco de dados desconectado
15/08/2026 - [02:15:08][INFO]: package: mysql.connector.plugins
15/08/2026 - [02:15:08][INFO]: plugin_name: caching_sha2_password
15/08/2026 - [02:15:08][INFO]: AUTHENTICATION_PLUGIN_CLASS: MySQLCachingSHA2PasswordAuthPlugin
15/08/2026 - [02:15:08][INFO]: package: mysql.connector.plugins
15/08/2026 - [02:15:08][INFO]: plugin_name: mysql_native_password
15/08/2026 - [02:15:08][INFO]: AUTHENTICATION_PLUGIN_CLASS: MySQLNativePasswordAuthPlugin
15/08/2026 - [02:15:08][INFO]: O banco de dados foi conectado!!!
15/08/2026 - [02:15:08][ERROR]: Houve um erro inesperado no codigo: 'NoneType' object has no attribute 'execute'
Traceback (most recent call last):
  File "/home/jeremias/Documentos/pasta_de_projetos/Automatizacao _pagamentos_internacionais/tratamento_api/busca_api.py", line 17, in cotacao_moeda
    self.banco_dados.cursor.execute(
    ^^^^^^^^^^^^^^^^^^^^^^^^^^^^^^^
AttributeError: 'NoneType' object has no attribute 'execute'
15/08/2026 - [02:47:48][INFO]: package: mysql.connector.plugins
15/08/2026 - [02:47:48][INFO]: plugin_name: caching_sha2_password
15/08/2026 - [02:47:48][INFO]: AUTHENTICATION_PLUGIN_CLASS: MySQLCachingSHA2PasswordAuthPlugin
15/08/2026 - [02:47:48][INFO]: package: mysql.connector.plugins
15/08/2026 - [02:47:48][INFO]: plugin_name: mysql_native_password
15/08/2026 - [02:47:48][INFO]: AUTHENTICATION_PLUGIN_CLASS: MySQLNativePasswordAuthPlugin
15/08/2026 - [02:47:48][INFO]: O banco de dados foi conectado!!!
15/08/2026 - [02:47:48][ERROR]: Houve um erro inesperado no codigo: 'NoneType' object has no attribute 'execute'
Traceback (most recent call last):
  File "/home/jeremias/Documentos/pasta_de_projetos/Automatizacao _pagamentos_internacionais/tratamento_api/busca_api.py", line 17, in cotacao_moeda
    self.banco_dados.cursor.execute(
    ^^^^^^^^^^^^^^^^^^^^^^^^^^^^^^^
AttributeError: 'NoneType' object has no attribute 'execute'
15/08/2026 - [03:09:17][INFO]: package: mysql.connector.plugins
15/08/2026 - [03:09:17][INFO]: plugin_name: caching_sha2_password
15/08/2026 - [03:09:17][INFO]: AUTHENTICATION_PLUGIN_CLASS: MySQLCachingSHA2PasswordAuthPlugin
15/08/2026 - [03:09:17][INFO]: package: mysql.connector.plugins
15/08/2026 - [03:09:17][INFO]: plugin_name: mysql_native_password
15/08/2026 - [03:09:17][INFO]: AUTHENTICATION_PLUGIN_CLASS: MySQLNativePasswordAuthPlugin
15/08/2026 - [03:09:17][INFO]: O banco de dados foi conectado!!!
15/08/2026 - [03:09:17][ERROR]: Houve um erro inesperado no codigo: 'NoneType' object has no attribute 'execute'
Traceback (most recent call last):
  File "/home/jeremias/Documentos/pasta_de_projetos/Automatizacao _pagamentos_internacionais/tratamento_api/busca_api.py", line 17, in cotacao_moeda
    self.banco_dados.cursor.execute(
    ^^^^^^^^^^^^^^^^^^^^^^^^^^^^^^^
AttributeError: 'NoneType' object has no attribute 'execute'
15/08/2026 - [03:24:40][ERROR]: Houve um erro inesperado ao tentar fechar conexão com o banco: 'NoneType' object has no attribute 'close'
Traceback (most recent call last):
  File "/home/jeremias/Documentos/pasta_de_projetos/Automatizacao _pagamentos_internacionais/manipulacao_dados/banco_dados.py", line 54, in desconectar_banco
    self.cursor.close()
    ^^^^^^^^^^^^^^^^^
AttributeError: 'NoneType' object has no attribute 'close'
15/08/2026 - [03:24:40][ERROR]: Houve um erro inesperado no codigo: 'NoneType' object has no attribute 'execute'
Traceback (most recent call last):
  File "/home/jeremias/Documentos/pasta_de_projetos/Automatizacao _pagamentos_internacionais/tratamento_api/busca_api.py", line 17, in cotacao_moeda
    self.banco_dados.cursor.execute(
    ^^^^^^^^^^^^^^^^^^^^^^^^^^^^^^^
AttributeError: 'NoneType' object has no attribute 'execute'
15/08/2026 - [03:25:55][INFO]: package: mysql.connector.plugins
15/08/2026 - [03:25:55][INFO]: plugin_name: caching_sha2_password
15/08/2026 - [03:25:55][INFO]: AUTHENTICATION_PLUGIN_CLASS: MySQLCachingSHA2PasswordAuthPlugin
15/08/2026 - [03:25:55][INFO]: package: mysql.connector.plugins
15/08/2026 - [03:25:55][INFO]: plugin_name: mysql_native_password
15/08/2026 - [03:25:55][INFO]: AUTHENTICATION_PLUGIN_CLASS: MySQLNativePasswordAuthPlugin
15/08/2026 - [03:25:55][INFO]: O banco de dados foi conectado!!!
15/08/2026 - [03:25:56][INFO]: Banco de dados desconectado
15/08/2026 - [03:28:53][INFO]: package: mysql.connector.plugins
15/08/2026 - [03:28:53][INFO]: plugin_name: caching_sha2_password
15/08/2026 - [03:28:53][INFO]: AUTHENTICATION_PLUGIN_CLASS: MySQLCachingSHA2PasswordAuthPlugin
15/08/2026 - [03:28:53][INFO]: package: mysql.connector.plugins
15/08/2026 - [03:28:53][INFO]: plugin_name: mysql_native_password
15/08/2026 - [03:28:53][INFO]: AUTHENTICATION_PLUGIN_CLASS: MySQLNativePasswordAuthPlugin
15/08/2026 - [03:28:53][INFO]: O banco de dados foi conectado!!!
15/08/2026 - [03:28:53][INFO]: Banco de dados desconectado
15/08/2026 - [13:47:28][INFO]: package: mysql.connector.plugins
15/08/2026 - [13:47:28][INFO]: plugin_name: caching_sha2_password
15/08/2026 - [13:47:28][INFO]: AUTHENTICATION_PLUGIN_CLASS: MySQLCachingSHA2PasswordAuthPlugin
15/08/2026 - [13:47:28][INFO]: package: mysql.connector.plugins
15/08/2026 - [13:47:28][INFO]: plugin_name: mysql_native_password
15/08/2026 - [13:47:28][INFO]: AUTHENTICATION_PLUGIN_CLASS: MySQLNativePasswordAuthPlugin
15/08/2026 - [13:47:28][INFO]: O banco de dados foi conectado!!!
15/08/2026 - [13:47:28][INFO]: Banco de dados desconectado
15/08/2026 - [13:50:42][INFO]: package: mysql.connector.plugins
15/08/2026 - [13:50:42][INFO]: plugin_name: caching_sha2_password
15/08/2026 - [13:50:42][INFO]: AUTHENTICATION_PLUGIN_CLASS: MySQLCachingSHA2PasswordAuthPlugin
15/08/2026 - [13:50:42][INFO]: package: mysql.connector.plugins
15/08/2026 - [13:50:42][INFO]: plugin_name: mysql_native_password
15/08/2026 - [13:50:42][INFO]: AUTHENTICATION_PLUGIN_CLASS: MySQLNativePasswordAuthPlugin
15/08/2026 - [13:50:42][INFO]: O banco de dados foi conectado!!!
15/08/2026 - [13:52:33][INFO]: package: mysql.connector.plugins
15/08/2026 - [13:52:33][INFO]: plugin_name: caching_sha2_password
15/08/2026 - [13:52:33][INFO]: AUTHENTICATION_PLUGIN_CLASS: MySQLCachingSHA2PasswordAuthPlugin
15/08/2026 - [13:52:33][INFO]: package: mysql.connector.plugins
15/08/2026 - [13:52:33][INFO]: plugin_name: mysql_native_password
15/08/2026 - [13:52:33][INFO]: AUTHENTICATION_PLUGIN_CLASS: MySQLNativePasswordAuthPlugin
15/08/2026 - [13:52:33][INFO]: O banco de dados foi conectado!!!
15/08/2026 - [13:52:58][INFO]: package: mysql.connector.plugins
15/08/2026 - [13:52:58][INFO]: plugin_name: caching_sha2_password
15/08/2026 - [13:52:58][INFO]: AUTHENTICATION_PLUGIN_CLASS: MySQLCachingSHA2PasswordAuthPlugin
15/08/2026 - [13:52:58][INFO]: package: mysql.connector.plugins
15/08/2026 - [13:52:58][INFO]: plugin_name: mysql_native_password
15/08/2026 - [13:52:58][INFO]: AUTHENTICATION_PLUGIN_CLASS: MySQLNativePasswordAuthPlugin
15/08/2026 - [13:52:58][INFO]: O banco de dados foi conectado!!!
15/08/2026 - [13:56:05][INFO]: package: mysql.connector.plugins
15/08/2026 - [13:56:05][INFO]: plugin_name: caching_sha2_password
15/08/2026 - [13:56:05][INFO]: AUTHENTICATION_PLUGIN_CLASS: MySQLCachingSHA2PasswordAuthPlugin
15/08/2026 - [13:56:05][INFO]: package: mysql.connector.plugins
15/08/2026 - [13:56:05][INFO]: plugin_name: mysql_native_password
15/08/2026 - [13:56:05][INFO]: AUTHENTICATION_PLUGIN_CLASS: MySQLNativePasswordAuthPlugin
15/08/2026 - [13:56:05][INFO]: O banco de dados foi conectado!!!
15/08/2026 - [13:56:33][INFO]: package: mysql.connector.plugins
15/08/2026 - [13:56:33][INFO]: plugin_name: caching_sha2_password
15/08/2026 - [13:56:33][INFO]: AUTHENTICATION_PLUGIN_CLASS: MySQLCachingSHA2PasswordAuthPlugin
15/08/2026 - [13:56:33][INFO]: package: mysql.connector.plugins
15/08/2026 - [13:56:33][INFO]: plugin_name: mysql_native_password
15/08/2026 - [13:56:33][INFO]: AUTHENTICATION_PLUGIN_CLASS: MySQLNativePasswordAuthPlugin
15/08/2026 - [13:56:33][INFO]: O banco de dados foi conectado!!!
15/08/2026 - [13:56:58][INFO]: package: mysql.connector.plugins
15/08/2026 - [13:56:58][INFO]: plugin_name: caching_sha2_password
15/08/2026 - [13:56:58][INFO]: AUTHENTICATION_PLUGIN_CLASS: MySQLCachingSHA2PasswordAuthPlugin
15/08/2026 - [13:56:58][INFO]: package: mysql.connector.plugins
15/08/2026 - [13:56:58][INFO]: plugin_name: mysql_native_password
15/08/2026 - [13:56:58][INFO]: AUTHENTICATION_PLUGIN_CLASS: MySQLNativePasswordAuthPlugin
15/08/2026 - [13:56:58][INFO]: O banco de dados foi conectado!!!
15/08/2026 - [13:57:16][INFO]: package: mysql.connector.plugins
15/08/2026 - [13:57:16][INFO]: plugin_name: caching_sha2_password
15/08/2026 - [13:57:16][INFO]: AUTHENTICATION_PLUGIN_CLASS: MySQLCachingSHA2PasswordAuthPlugin
15/08/2026 - [13:57:16][INFO]: package: mysql.connector.plugins
15/08/2026 - [13:57:16][INFO]: plugin_name: mysql_native_password
15/08/2026 - [13:57:16][INFO]: AUTHENTICATION_PLUGIN_CLASS: MySQLNativePasswordAuthPlugin
15/08/2026 - [13:57:16][INFO]: O banco de dados foi conectado!!!
15/08/2026 - [13:57:50][INFO]: package: mysql.connector.plugins
15/08/2026 - [13:57:50][INFO]: plugin_name: caching_sha2_password
15/08/2026 - [13:57:50][INFO]: AUTHENTICATION_PLUGIN_CLASS: MySQLCachingSHA2PasswordAuthPlugin
15/08/2026 - [13:57:50][INFO]: package: mysql.connector.plugins
15/08/2026 - [13:57:50][INFO]: plugin_name: mysql_native_password
15/08/2026 - [13:57:50][INFO]: AUTHENTICATION_PLUGIN_CLASS: MySQLNativePasswordAuthPlugin
15/08/2026 - [13:57:50][INFO]: O banco de dados foi conectado!!!
15/08/2026 - [13:58:12][INFO]: package: mysql.connector.plugins
15/08/2026 - [13:58:12][INFO]: plugin_name: caching_sha2_password
15/08/2026 - [13:58:12][INFO]: AUTHENTICATION_PLUGIN_CLASS: MySQLCachingSHA2PasswordAuthPlugin
15/08/2026 - [13:58:12][INFO]: package: mysql.connector.plugins
15/08/2026 - [13:58:12][INFO]: plugin_name: mysql_native_password
15/08/2026 - [13:58:12][INFO]: AUTHENTICATION_PLUGIN_CLASS: MySQLNativePasswordAuthPlugin
15/08/2026 - [13:58:12][INFO]: O banco de dados foi conectado!!!
15/08/2026 - [14:04:03][INFO]: package: mysql.connector.plugins
15/08/2026 - [14:04:03][INFO]: plugin_name: caching_sha2_password
15/08/2026 - [14:04:03][INFO]: AUTHENTICATION_PLUGIN_CLASS: MySQLCachingSHA2PasswordAuthPlugin
15/08/2026 - [14:04:03][INFO]: package: mysql.connector.plugins
15/08/2026 - [14:04:03][INFO]: plugin_name: mysql_native_password
15/08/2026 - [14:04:03][INFO]: AUTHENTICATION_PLUGIN_CLASS: MySQLNativePasswordAuthPlugin
15/08/2026 - [14:04:03][INFO]: O banco de dados foi conectado!!!
15/08/2026 - [14:04:04][INFO]: Banco de dados desconectado
15/08/2026 - [14:04:12][INFO]: package: mysql.connector.plugins
15/08/2026 - [14:04:12][INFO]: plugin_name: caching_sha2_password
15/08/2026 - [14:04:12][INFO]: AUTHENTICATION_PLUGIN_CLASS: MySQLCachingSHA2PasswordAuthPlugin
15/08/2026 - [14:04:12][INFO]: package: mysql.connector.plugins
15/08/2026 - [14:04:12][INFO]: plugin_name: mysql_native_password
15/08/2026 - [14:04:12][INFO]: AUTHENTICATION_PLUGIN_CLASS: MySQLNativePasswordAuthPlugin
15/08/2026 - [14:04:12][INFO]: O banco de dados foi conectado!!!
15/08/2026 - [14:04:13][INFO]: Banco de dados desconectado
15/08/2026 - [14:06:07][INFO]: package: mysql.connector.plugins
15/08/2026 - [14:06:07][INFO]: plugin_name: caching_sha2_password
15/08/2026 - [14:06:07][INFO]: AUTHENTICATION_PLUGIN_CLASS: MySQLCachingSHA2PasswordAuthPlugin
15/08/2026 - [14:06:07][INFO]: package: mysql.connector.plugins
15/08/2026 - [14:06:07][INFO]: plugin_name: mysql_native_password
15/08/2026 - [14:06:07][INFO]: AUTHENTICATION_PLUGIN_CLASS: MySQLNativePasswordAuthPlugin
15/08/2026 - [14:06:07][INFO]: O banco de dados foi conectado!!!
15/08/2026 - [14:06:59][INFO]: package: mysql.connector.plugins
15/08/2026 - [14:06:59][INFO]: plugin_name: caching_sha2_password
15/08/2026 - [14:06:59][INFO]: AUTHENTICATION_PLUGIN_CLASS: MySQLCachingSHA2PasswordAuthPlugin
15/08/2026 - [14:06:59][INFO]: package: mysql.connector.plugins
15/08/2026 - [14:06:59][INFO]: plugin_name: mysql_native_password
15/08/2026 - [14:06:59][INFO]: AUTHENTICATION_PLUGIN_CLASS: MySQLNativePasswordAuthPlugin
15/08/2026 - [14:06:59][INFO]: O banco de dados foi conectado!!!
15/08/2026 - [14:07:13][INFO]: package: mysql.connector.plugins
15/08/2026 - [14:07:13][INFO]: plugin_name: caching_sha2_password
15/08/2026 - [14:07:13][INFO]: AUTHENTICATION_PLUGIN_CLASS: MySQLCachingSHA2PasswordAuthPlugin
15/08/2026 - [14:07:13][INFO]: package: mysql.connector.plugins
15/08/2026 - [14:07:13][INFO]: plugin_name: mysql_native_password
15/08/2026 - [14:07:13][INFO]: AUTHENTICATION_PLUGIN_CLASS: MySQLNativePasswordAuthPlugin
15/08/2026 - [14:07:13][INFO]: O banco de dados foi conectado!!!
15/08/2026 - [14:07:14][INFO]: Banco de dados desconectado
15/08/2026 - [14:07:58][INFO]: package: mysql.connector.plugins
15/08/2026 - [14:07:58][INFO]: plugin_name: caching_sha2_password
15/08/2026 - [14:07:58][INFO]: AUTHENTICATION_PLUGIN_CLASS: MySQLCachingSHA2PasswordAuthPlugin
15/08/2026 - [14:07:58][INFO]: package: mysql.connector.plugins
15/08/2026 - [14:07:58][INFO]: plugin_name: mysql_native_password
15/08/2026 - [14:07:58][INFO]: AUTHENTICATION_PLUGIN_CLASS: MySQLNativePasswordAuthPlugin
15/08/2026 - [14:07:58][INFO]: O banco de dados foi conectado!!!
15/08/2026 - [14:07:58][INFO]: Banco de dados desconectado
15/08/2026 - [14:08:13][INFO]: package: mysql.connector.plugins
15/08/2026 - [14:08:13][INFO]: plugin_name: caching_sha2_password
15/08/2026 - [14:08:13][INFO]: AUTHENTICATION_PLUGIN_CLASS: MySQLCachingSHA2PasswordAuthPlugin
15/08/2026 - [14:08:13][INFO]: package: mysql.connector.plugins
15/08/2026 - [14:08:13][INFO]: plugin_name: mysql_native_password
15/08/2026 - [14:08:13][INFO]: AUTHENTICATION_PLUGIN_CLASS: MySQLNativePasswordAuthPlugin
15/08/2026 - [14:08:13][INFO]: O banco de dados foi conectado!!!
15/08/2026 - [14:08:14][INFO]: Banco de dados desconectado
15/08/2026 - [14:09:20][INFO]: package: mysql.connector.plugins
15/08/2026 - [14:09:20][INFO]: plugin_name: caching_sha2_password
15/08/2026 - [14:09:20][INFO]: AUTHENTICATION_PLUGIN_CLASS: MySQLCachingSHA2PasswordAuthPlugin
15/08/2026 - [14:09:20][INFO]: package: mysql.connector.plugins
15/08/2026 - [14:09:20][INFO]: plugin_name: mysql_native_password
15/08/2026 - [14:09:20][INFO]: AUTHENTICATION_PLUGIN_CLASS: MySQLNativePasswordAuthPlugin
15/08/2026 - [14:09:20][INFO]: O banco de dados foi conectado!!!
15/08/2026 - [14:09:20][INFO]: Banco de dados desconectado
15/08/2026 - [14:10:06][INFO]: package: mysql.connector.plugins
15/08/2026 - [14:10:06][INFO]: plugin_name: caching_sha2_password
15/08/2026 - [14:10:06][INFO]: AUTHENTICATION_PLUGIN_CLASS: MySQLCachingSHA2PasswordAuthPlugin
15/08/2026 - [14:10:06][INFO]: package: mysql.connector.plugins
15/08/2026 - [14:10:06][INFO]: plugin_name: mysql_native_password
15/08/2026 - [14:10:06][INFO]: AUTHENTICATION_PLUGIN_CLASS: MySQLNativePasswordAuthPlugin
15/08/2026 - [14:10:06][INFO]: O banco de dados foi conectado!!!
15/08/2026 - [14:10:07][INFO]: Banco de dados desconectado
15/08/2026 - [14:10:29][INFO]: package: mysql.connector.plugins
15/08/2026 - [14:10:29][INFO]: plugin_name: caching_sha2_password
15/08/2026 - [14:10:29][INFO]: AUTHENTICATION_PLUGIN_CLASS: MySQLCachingSHA2PasswordAuthPlugin
15/08/2026 - [14:10:29][INFO]: package: mysql.connector.plugins
15/08/2026 - [14:10:29][INFO]: plugin_name: mysql_native_password
15/08/2026 - [14:10:29][INFO]: AUTHENTICATION_PLUGIN_CLASS: MySQLNativePasswordAuthPlugin
15/08/2026 - [14:10:29][INFO]: O banco de dados foi conectado!!!
15/08/2026 - [14:11:22][INFO]: package: mysql.connector.plugins
15/08/2026 - [14:11:22][INFO]: plugin_name: caching_sha2_password
15/08/2026 - [14:11:22][INFO]: AUTHENTICATION_PLUGIN_CLASS: MySQLCachingSHA2PasswordAuthPlugin
15/08/2026 - [14:11:22][INFO]: package: mysql.connector.plugins
15/08/2026 - [14:11:22][INFO]: plugin_name: mysql_native_password
15/08/2026 - [14:11:22][INFO]: AUTHENTICATION_PLUGIN_CLASS: MySQLNativePasswordAuthPlugin
15/08/2026 - [14:11:22][INFO]: O banco de dados foi conectado!!!
15/08/2026 - [14:11:22][INFO]: Banco de dados desconectado
15/08/2026 - [14:11:38][INFO]: package: mysql.connector.plugins
15/08/2026 - [14:11:38][INFO]: plugin_name: caching_sha2_password
15/08/2026 - [14:11:38][INFO]: AUTHENTICATION_PLUGIN_CLASS: MySQLCachingSHA2PasswordAuthPlugin
15/08/2026 - [14:11:38][INFO]: package: mysql.connector.plugins
15/08/2026 - [14:11:38][INFO]: plugin_name: mysql_native_password
15/08/2026 - [14:11:38][INFO]: AUTHENTICATION_PLUGIN_CLASS: MySQLNativePasswordAuthPlugin
15/08/2026 - [14:11:38][INFO]: O banco de dados foi conectado!!!
15/08/2026 - [14:11:38][INFO]: Banco de dados desconectado
15/08/2026 - [14:11:57][INFO]: package: mysql.connector.plugins
15/08/2026 - [14:11:57][INFO]: plugin_name: caching_sha2_password
15/08/2026 - [14:11:57][INFO]: AUTHENTICATION_PLUGIN_CLASS: MySQLCachingSHA2PasswordAuthPlugin
15/08/2026 - [14:11:57][INFO]: package: mysql.connector.plugins
15/08/2026 - [14:11:57][INFO]: plugin_name: mysql_native_password
15/08/2026 - [14:11:57][INFO]: AUTHENTICATION_PLUGIN_CLASS: MySQLNativePasswordAuthPlugin
15/08/2026 - [14:11:57][INFO]: O banco de dados foi conectado!!!
15/08/2026 - [14:11:58][INFO]: Banco de dados desconectado
15/08/2026 - [14:12:12][INFO]: package: mysql.connector.plugins
15/08/2026 - [14:12:12][INFO]: plugin_name: caching_sha2_password
15/08/2026 - [14:12:12][INFO]: AUTHENTICATION_PLUGIN_CLASS: MySQLCachingSHA2PasswordAuthPlugin
15/08/2026 - [14:12:12][INFO]: package: mysql.connector.plugins
15/08/2026 - [14:12:12][INFO]: plugin_name: mysql_native_password
15/08/2026 - [14:12:12][INFO]: AUTHENTICATION_PLUGIN_CLASS: MySQLNativePasswordAuthPlugin
15/08/2026 - [14:12:12][INFO]: O banco de dados foi conectado!!!
15/08/2026 - [14:12:13][INFO]: Banco de dados desconectado
15/08/2026 - [14:13:06][INFO]: package: mysql.connector.plugins
15/08/2026 - [14:13:06][INFO]: plugin_name: caching_sha2_password
15/08/2026 - [14:13:06][INFO]: AUTHENTICATION_PLUGIN_CLASS: MySQLCachingSHA2PasswordAuthPlugin
15/08/2026 - [14:13:06][INFO]: package: mysql.connector.plugins
15/08/2026 - [14:13:06][INFO]: plugin_name: mysql_native_password
15/08/2026 - [14:13:06][INFO]: AUTHENTICATION_PLUGIN_CLASS: MySQLNativePasswordAuthPlugin
15/08/2026 - [14:13:06][INFO]: O banco de dados foi conectado!!!
15/08/2026 - [14:13:06][INFO]: Banco de dados desconectado
15/08/2026 - [14:23:36][INFO]: package: mysql.connector.plugins
15/08/2026 - [14:23:36][INFO]: plugin_name: caching_sha2_password
15/08/2026 - [14:23:36][INFO]: AUTHENTICATION_PLUGIN_CLASS: MySQLCachingSHA2PasswordAuthPlugin
15/08/2026 - [14:23:36][INFO]: package: mysql.connector.plugins
15/08/2026 - [14:23:36][INFO]: plugin_name: mysql_native_password
15/08/2026 - [14:23:36][INFO]: AUTHENTICATION_PLUGIN_CLASS: MySQLNativePasswordAuthPlugin
15/08/2026 - [14:23:36][INFO]: O banco de dados foi conectado!!!
15/08/2026 - [14:23:37][INFO]: Banco de dados desconectado
15/08/2026 - [14:26:36][INFO]: package: mysql.connector.plugins
15/08/2026 - [14:26:36][INFO]: plugin_name: caching_sha2_password
15/08/2026 - [14:26:36][INFO]: AUTHENTICATION_PLUGIN_CLASS: MySQLCachingSHA2PasswordAuthPlugin
15/08/2026 - [14:26:36][INFO]: package: mysql.connector.plugins
15/08/2026 - [14:26:36][INFO]: plugin_name: mysql_native_password
15/08/2026 - [14:26:36][INFO]: AUTHENTICATION_PLUGIN_CLASS: MySQLNativePasswordAuthPlugin
15/08/2026 - [14:26:36][INFO]: O banco de dados foi conectado!!!
15/08/2026 - [14:26:36][ERROR]: Houve um erro inesperado no codigo: must be real number, not str
Traceback (most recent call last):
  File "/home/jeremias/Documentos/pasta_de_projetos/Automatizacao _pagamentos_internacionais/tratamento_api/busca_api.py", line 39, in cotacao_moeda
    "valor_cotacao": ceil(valor[f'USD{moeda}']['bid'])
                     ^^^^^^^^^^^^^^^^^^^^^^^^^^^^^^^^^
TypeError: must be real number, not str
15/08/2026 - [14:27:50][INFO]: package: mysql.connector.plugins
15/08/2026 - [14:27:50][INFO]: plugin_name: caching_sha2_password
15/08/2026 - [14:27:50][INFO]: AUTHENTICATION_PLUGIN_CLASS: MySQLCachingSHA2PasswordAuthPlugin
15/08/2026 - [14:27:50][INFO]: package: mysql.connector.plugins
15/08/2026 - [14:27:50][INFO]: plugin_name: mysql_native_password
15/08/2026 - [14:27:50][INFO]: AUTHENTICATION_PLUGIN_CLASS: MySQLNativePasswordAuthPlugin
15/08/2026 - [14:27:50][INFO]: O banco de dados foi conectado!!!
15/08/2026 - [14:27:50][ERROR]: Houve um erro inesperado no codigo: type str doesn't define __round__ method
Traceback (most recent call last):
  File "/home/jeremias/Documentos/pasta_de_projetos/Automatizacao _pagamentos_internacionais/tratamento_api/busca_api.py", line 39, in cotacao_moeda
    "valor_cotacao": round(valor[f'USD{moeda}']['bid'])
                     ^^^^^^^^^^^^^^^^^^^^^^^^^^^^^^^^^^
TypeError: type str doesn't define __round__ method
15/08/2026 - [14:31:28][INFO]: package: mysql.connector.plugins
15/08/2026 - [14:31:28][INFO]: plugin_name: caching_sha2_password
15/08/2026 - [14:31:28][INFO]: AUTHENTICATION_PLUGIN_CLASS: MySQLCachingSHA2PasswordAuthPlugin
15/08/2026 - [14:31:28][INFO]: package: mysql.connector.plugins
15/08/2026 - [14:31:28][INFO]: plugin_name: mysql_native_password
15/08/2026 - [14:31:28][INFO]: AUTHENTICATION_PLUGIN_CLASS: MySQLNativePasswordAuthPlugin
15/08/2026 - [14:31:28][INFO]: O banco de dados foi conectado!!!
15/08/2026 - [14:31:29][ERROR]: Houve um erro inesperado no codigo: type str doesn't define __round__ method
Traceback (most recent call last):
  File "/home/jeremias/Documentos/pasta_de_projetos/Automatizacao _pagamentos_internacionais/tratamento_api/busca_api.py", line 38, in cotacao_moeda
    "valor_cotacao": round(cotacao_valor)
                     ^^^^^^^^^^^^^^^^^^^^
TypeError: type str doesn't define __round__ method
15/08/2026 - [14:32:50][INFO]: package: mysql.connector.plugins
15/08/2026 - [14:32:50][INFO]: plugin_name: caching_sha2_password
15/08/2026 - [14:32:50][INFO]: AUTHENTICATION_PLUGIN_CLASS: MySQLCachingSHA2PasswordAuthPlugin
15/08/2026 - [14:32:50][INFO]: package: mysql.connector.plugins
15/08/2026 - [14:32:50][INFO]: plugin_name: mysql_native_password
15/08/2026 - [14:32:50][INFO]: AUTHENTICATION_PLUGIN_CLASS: MySQLNativePasswordAuthPlugin
15/08/2026 - [14:32:50][INFO]: O banco de dados foi conectado!!!
15/08/2026 - [14:32:51][ERROR]: Houve um erro inesperado no codigo: type str doesn't define __round__ method
Traceback (most recent call last):
  File "/home/jeremias/Documentos/pasta_de_projetos/Automatizacao _pagamentos_internacionais/tratamento_api/busca_api.py", line 38, in cotacao_moeda
    "valor_cotacao": round(cotacao_valor, 2)
                     ^^^^^^^^^^^^^^^^^^^^^^^
TypeError: type str doesn't define __round__ method
15/08/2026 - [14:33:11][INFO]: package: mysql.connector.plugins
15/08/2026 - [14:33:11][INFO]: plugin_name: caching_sha2_password
15/08/2026 - [14:33:11][INFO]: AUTHENTICATION_PLUGIN_CLASS: MySQLCachingSHA2PasswordAuthPlugin
15/08/2026 - [14:33:11][INFO]: package: mysql.connector.plugins
15/08/2026 - [14:33:11][INFO]: plugin_name: mysql_native_password
15/08/2026 - [14:33:11][INFO]: AUTHENTICATION_PLUGIN_CLASS: MySQLNativePasswordAuthPlugin
15/08/2026 - [14:33:11][INFO]: O banco de dados foi conectado!!!
15/08/2026 - [14:33:11][ERROR]: Houve um erro inesperado no codigo: type str doesn't define __round__ method
Traceback (most recent call last):
  File "/home/jeremias/Documentos/pasta_de_projetos/Automatizacao _pagamentos_internacionais/tratamento_api/busca_api.py", line 38, in cotacao_moeda
    "valor_cotacao": round(cotacao_valor, 2)
                     ^^^^^^^^^^^^^^^^^^^^^^^
TypeError: type str doesn't define __round__ method
15/08/2026 - [14:33:45][INFO]: package: mysql.connector.plugins
15/08/2026 - [14:33:45][INFO]: plugin_name: caching_sha2_password
15/08/2026 - [14:33:45][INFO]: AUTHENTICATION_PLUGIN_CLASS: MySQLCachingSHA2PasswordAuthPlugin
15/08/2026 - [14:33:45][INFO]: package: mysql.connector.plugins
15/08/2026 - [14:33:45][INFO]: plugin_name: mysql_native_password
15/08/2026 - [14:33:45][INFO]: AUTHENTICATION_PLUGIN_CLASS: MySQLNativePasswordAuthPlugin
15/08/2026 - [14:33:45][INFO]: O banco de dados foi conectado!!!
15/08/2026 - [14:33:47][INFO]: Banco de dados desconectado
15/08/2026 - [14:34:50][INFO]: package: mysql.connector.plugins
15/08/2026 - [14:34:50][INFO]: plugin_name: caching_sha2_password
15/08/2026 - [14:34:50][INFO]: AUTHENTICATION_PLUGIN_CLASS: MySQLCachingSHA2PasswordAuthPlugin
15/08/2026 - [14:34:50][INFO]: package: mysql.connector.plugins
15/08/2026 - [14:34:50][INFO]: plugin_name: mysql_native_password
15/08/2026 - [14:34:50][INFO]: AUTHENTICATION_PLUGIN_CLASS: MySQLNativePasswordAuthPlugin
15/08/2026 - [14:34:50][INFO]: O banco de dados foi conectado!!!
15/08/2026 - [14:34:51][INFO]: Banco de dados desconectado
15/08/2026 - [14:37:58][INFO]: package: mysql.connector.plugins
15/08/2026 - [14:37:58][INFO]: plugin_name: caching_sha2_password
15/08/2026 - [14:37:58][INFO]: AUTHENTICATION_PLUGIN_CLASS: MySQLCachingSHA2PasswordAuthPlugin
15/08/2026 - [14:37:58][INFO]: package: mysql.connector.plugins
15/08/2026 - [14:37:58][INFO]: plugin_name: mysql_native_password
15/08/2026 - [14:37:58][INFO]: AUTHENTICATION_PLUGIN_CLASS: MySQLNativePasswordAuthPlugin
15/08/2026 - [14:37:58][INFO]: O banco de dados foi conectado!!!
15/08/2026 - [14:38:10][INFO]: package: mysql.connector.plugins
15/08/2026 - [14:38:10][INFO]: plugin_name: caching_sha2_password
15/08/2026 - [14:38:10][INFO]: AUTHENTICATION_PLUGIN_CLASS: MySQLCachingSHA2PasswordAuthPlugin
15/08/2026 - [14:38:10][INFO]: package: mysql.connector.plugins
15/08/2026 - [14:38:10][INFO]: plugin_name: mysql_native_password
15/08/2026 - [14:38:10][INFO]: AUTHENTICATION_PLUGIN_CLASS: MySQLNativePasswordAuthPlugin
15/08/2026 - [14:38:10][INFO]: O banco de dados foi conectado!!!
15/08/2026 - [14:38:35][INFO]: package: mysql.connector.plugins
15/08/2026 - [14:38:35][INFO]: plugin_name: caching_sha2_password
15/08/2026 - [14:38:35][INFO]: AUTHENTICATION_PLUGIN_CLASS: MySQLCachingSHA2PasswordAuthPlugin
15/08/2026 - [14:38:35][INFO]: package: mysql.connector.plugins
15/08/2026 - [14:38:35][INFO]: plugin_name: mysql_native_password
15/08/2026 - [14:38:35][INFO]: AUTHENTICATION_PLUGIN_CLASS: MySQLNativePasswordAuthPlugin
15/08/2026 - [14:38:35][INFO]: O banco de dados foi conectado!!!
15/08/2026 - [14:38:35][INFO]: Banco de dados desconectado
15/08/2026 - [14:39:56][INFO]: package: mysql.connector.plugins
15/08/2026 - [14:39:56][INFO]: plugin_name: caching_sha2_password
15/08/2026 - [14:39:56][INFO]: AUTHENTICATION_PLUGIN_CLASS: MySQLCachingSHA2PasswordAuthPlugin
15/08/2026 - [14:39:56][INFO]: package: mysql.connector.plugins
15/08/2026 - [14:39:56][INFO]: plugin_name: mysql_native_password
15/08/2026 - [14:39:56][INFO]: AUTHENTICATION_PLUGIN_CLASS: MySQLNativePasswordAuthPlugin
15/08/2026 - [14:39:56][INFO]: O banco de dados foi conectado!!!
15/08/2026 - [14:40:20][INFO]: package: mysql.connector.plugins
15/08/2026 - [14:40:20][INFO]: plugin_name: caching_sha2_password
15/08/2026 - [14:40:20][INFO]: AUTHENTICATION_PLUGIN_CLASS: MySQLCachingSHA2PasswordAuthPlugin
15/08/2026 - [14:40:20][INFO]: package: mysql.connector.plugins
15/08/2026 - [14:40:20][INFO]: plugin_name: mysql_native_password
15/08/2026 - [14:40:20][INFO]: AUTHENTICATION_PLUGIN_CLASS: MySQLNativePasswordAuthPlugin
15/08/2026 - [14:40:20][INFO]: O banco de dados foi conectado!!!
15/08/2026 - [14:40:21][INFO]: Banco de dados desconectado
15/08/2026 - [14:40:43][INFO]: package: mysql.connector.plugins
15/08/2026 - [14:40:43][INFO]: plugin_name: caching_sha2_password
15/08/2026 - [14:40:43][INFO]: AUTHENTICATION_PLUGIN_CLASS: MySQLCachingSHA2PasswordAuthPlugin
15/08/2026 - [14:40:43][INFO]: package: mysql.connector.plugins
15/08/2026 - [14:40:43][INFO]: plugin_name: mysql_native_password
15/08/2026 - [14:40:43][INFO]: AUTHENTICATION_PLUGIN_CLASS: MySQLNativePasswordAuthPlugin
15/08/2026 - [14:40:43][INFO]: O banco de dados foi conectado!!!
15/08/2026 - [14:40:44][INFO]: Banco de dados desconectado
15/08/2026 - [14:41:47][INFO]: package: mysql.connector.plugins
15/08/2026 - [14:41:47][INFO]: plugin_name: caching_sha2_password
15/08/2026 - [14:41:47][INFO]: AUTHENTICATION_PLUGIN_CLASS: MySQLCachingSHA2PasswordAuthPlugin
15/08/2026 - [14:41:47][INFO]: package: mysql.connector.plugins
15/08/2026 - [14:41:47][INFO]: plugin_name: mysql_native_password
15/08/2026 - [14:41:47][INFO]: AUTHENTICATION_PLUGIN_CLASS: MySQLNativePasswordAuthPlugin
15/08/2026 - [14:41:47][INFO]: O banco de dados foi conectado!!!
15/08/2026 - [14:42:21][INFO]: package: mysql.connector.plugins
15/08/2026 - [14:42:21][INFO]: plugin_name: caching_sha2_password
15/08/2026 - [14:42:21][INFO]: AUTHENTICATION_PLUGIN_CLASS: MySQLCachingSHA2PasswordAuthPlugin
15/08/2026 - [14:42:21][INFO]: package: mysql.connector.plugins
15/08/2026 - [14:42:21][INFO]: plugin_name: mysql_native_password
15/08/2026 - [14:42:21][INFO]: AUTHENTICATION_PLUGIN_CLASS: MySQLNativePasswordAuthPlugin
15/08/2026 - [14:42:21][INFO]: O banco de dados foi conectado!!!
15/08/2026 - [14:42:21][INFO]: Banco de dados desconectado
15/08/2026 - [14:42:34][INFO]: package: mysql.connector.plugins
15/08/2026 - [14:42:34][INFO]: plugin_name: caching_sha2_password
15/08/2026 - [14:42:34][INFO]: AUTHENTICATION_PLUGIN_CLASS: MySQLCachingSHA2PasswordAuthPlugin
15/08/2026 - [14:42:34][INFO]: package: mysql.connector.plugins
15/08/2026 - [14:42:34][INFO]: plugin_name: mysql_native_password
15/08/2026 - [14:42:34][INFO]: AUTHENTICATION_PLUGIN_CLASS: MySQLNativePasswordAuthPlugin
15/08/2026 - [14:42:34][INFO]: O banco de dados foi conectado!!!
15/08/2026 - [14:42:35][INFO]: Banco de dados desconectado
15/08/2026 - [14:47:28][INFO]: package: mysql.connector.plugins
15/08/2026 - [14:47:28][INFO]: plugin_name: caching_sha2_password
15/08/2026 - [14:47:28][INFO]: AUTHENTICATION_PLUGIN_CLASS: MySQLCachingSHA2PasswordAuthPlugin
15/08/2026 - [14:47:28][INFO]: package: mysql.connector.plugins
15/08/2026 - [14:47:28][INFO]: plugin_name: mysql_native_password
15/08/2026 - [14:47:28][INFO]: AUTHENTICATION_PLUGIN_CLASS: MySQLNativePasswordAuthPlugin
15/08/2026 - [14:47:28][INFO]: O banco de dados foi conectado!!!
15/08/2026 - [14:47:28][INFO]: Banco de dados desconectado
15/08/2026 - [14:49:20][INFO]: package: mysql.connector.plugins
15/08/2026 - [14:49:20][INFO]: plugin_name: caching_sha2_password
15/08/2026 - [14:49:20][INFO]: AUTHENTICATION_PLUGIN_CLASS: MySQLCachingSHA2PasswordAuthPlugin
15/08/2026 - [14:49:20][INFO]: package: mysql.connector.plugins
15/08/2026 - [14:49:20][INFO]: plugin_name: mysql_native_password
15/08/2026 - [14:49:20][INFO]: AUTHENTICATION_PLUGIN_CLASS: MySQLNativePasswordAuthPlugin
15/08/2026 - [14:49:20][INFO]: O banco de dados foi conectado!!!
15/08/2026 - [14:49:21][INFO]: Banco de dados desconectado
15/08/2026 - [14:51:45][INFO]: package: mysql.connector.plugins
15/08/2026 - [14:51:45][INFO]: plugin_name: caching_sha2_password
15/08/2026 - [14:51:45][INFO]: AUTHENTICATION_PLUGIN_CLASS: MySQLCachingSHA2PasswordAuthPlugin
15/08/2026 - [14:51:45][INFO]: package: mysql.connector.plugins
15/08/2026 - [14:51:45][INFO]: plugin_name: mysql_native_password
15/08/2026 - [14:51:45][INFO]: AUTHENTICATION_PLUGIN_CLASS: MySQLNativePasswordAuthPlugin
15/08/2026 - [14:51:45][INFO]: O banco de dados foi conectado!!!
15/08/2026 - [14:51:45][ERROR]: Houve um erro inesperado no codigo: 1064 (42000): You have an error in your SQL syntax; check the manual that corresponds to your MySQL server version for the right syntax to use near ''PENDENTE'' at line 1
Traceback (most recent call last):
  File "/home/jeremias/Documentos/pasta_de_projetos/Automatizacao _pagamentos_internacionais/tratamento_api/busca_api.py", line 17, in cotacao_moeda
    self.banco_dados.cursor.execute(
  File "/home/jeremias/Documentos/pasta_de_projetos/Automatizacao _pagamentos_internacionais/.venv/lib/python3.12/site-packages/mysql/connector/cursor.py", line 416, in execute
    self._connection.cmd_query(
  File "/home/jeremias/Documentos/pasta_de_projetos/Automatizacao _pagamentos_internacionais/.venv/lib/python3.12/site-packages/mysql/connector/opentelemetry/context_propagation.py", line 97, in wrapper
    return method(cnx, *args, **kwargs)
           ^^^^^^^^^^^^^^^^^^^^^^^^^^^^
  File "/home/jeremias/Documentos/pasta_de_projetos/Automatizacao _pagamentos_internacionais/.venv/lib/python3.12/site-packages/mysql/connector/_decorating.py", line 89, in handle_cnx_method
    raise err
  File "/home/jeremias/Documentos/pasta_de_projetos/Automatizacao _pagamentos_internacionais/.venv/lib/python3.12/site-packages/mysql/connector/_decorating.py", line 85, in handle_cnx_method
    return cnx_method(cnx, *args, **kwargs)
           ^^^^^^^^^^^^^^^^^^^^^^^^^^^^^^^^
  File "/home/jeremias/Documentos/pasta_de_projetos/Automatizacao _pagamentos_internacionais/.venv/lib/python3.12/site-packages/mysql/connector/connection.py", line 984, in cmd_query
    result = self._handle_result(
             ^^^^^^^^^^^^^^^^^^^^
  File "/home/jeremias/Documentos/pasta_de_projetos/Automatizacao _pagamentos_internacionais/.venv/lib/python3.12/site-packages/mysql/connector/_decorating.py", line 89, in handle_cnx_method
    raise err
  File "/home/jeremias/Documentos/pasta_de_projetos/Automatizacao _pagamentos_internacionais/.venv/lib/python3.12/site-packages/mysql/connector/_decorating.py", line 85, in handle_cnx_method
    return cnx_method(cnx, *args, **kwargs)
           ^^^^^^^^^^^^^^^^^^^^^^^^^^^^^^^^
  File "/home/jeremias/Documentos/pasta_de_projetos/Automatizacao _pagamentos_internacionais/.venv/lib/python3.12/site-packages/mysql/connector/connection.py", line 745, in _handle_result
    raise get_exception(packet)
mysql.connector.errors.ProgrammingError: 1064 (42000): You have an error in your SQL syntax; check the manual that corresponds to your MySQL server version for the right syntax to use near ''PENDENTE'' at line 1
15/08/2026 - [14:52:14][INFO]: package: mysql.connector.plugins
15/08/2026 - [14:52:14][INFO]: plugin_name: caching_sha2_password
15/08/2026 - [14:52:14][INFO]: AUTHENTICATION_PLUGIN_CLASS: MySQLCachingSHA2PasswordAuthPlugin
15/08/2026 - [14:52:14][INFO]: package: mysql.connector.plugins
15/08/2026 - [14:52:14][INFO]: plugin_name: mysql_native_password
15/08/2026 - [14:52:14][INFO]: AUTHENTICATION_PLUGIN_CLASS: MySQLNativePasswordAuthPlugin
15/08/2026 - [14:52:14][INFO]: O banco de dados foi conectado!!!
15/08/2026 - [14:52:14][INFO]: Banco de dados desconectado
15/08/2026 - [14:54:02][INFO]: package: mysql.connector.plugins
15/08/2026 - [14:54:02][INFO]: plugin_name: caching_sha2_password
15/08/2026 - [14:54:02][INFO]: AUTHENTICATION_PLUGIN_CLASS: MySQLCachingSHA2PasswordAuthPlugin
15/08/2026 - [14:54:02][INFO]: package: mysql.connector.plugins
15/08/2026 - [14:54:02][INFO]: plugin_name: mysql_native_password
15/08/2026 - [14:54:02][INFO]: AUTHENTICATION_PLUGIN_CLASS: MySQLNativePasswordAuthPlugin
15/08/2026 - [14:54:02][INFO]: O banco de dados foi conectado!!!
15/08/2026 - [14:54:02][INFO]: Banco de dados desconectado
15/08/2026 - [14:54:08][INFO]: package: mysql.connector.plugins
15/08/2026 - [14:54:08][INFO]: plugin_name: caching_sha2_password
15/08/2026 - [14:54:08][INFO]: AUTHENTICATION_PLUGIN_CLASS: MySQLCachingSHA2PasswordAuthPlugin
15/08/2026 - [14:54:08][INFO]: package: mysql.connector.plugins
15/08/2026 - [14:54:08][INFO]: plugin_name: mysql_native_password
15/08/2026 - [14:54:08][INFO]: AUTHENTICATION_PLUGIN_CLASS: MySQLNativePasswordAuthPlugin
15/08/2026 - [14:54:08][INFO]: O banco de dados foi conectado!!!
15/08/2026 - [14:54:09][INFO]: Banco de dados desconectado
15/08/2026 - [18:20:47][INFO]: package: mysql.connector.plugins
15/08/2026 - [18:20:47][INFO]: plugin_name: caching_sha2_password
15/08/2026 - [18:20:47][INFO]: AUTHENTICATION_PLUGIN_CLASS: MySQLCachingSHA2PasswordAuthPlugin
15/08/2026 - [18:20:47][INFO]: package: mysql.connector.plugins
15/08/2026 - [18:20:47][INFO]: plugin_name: mysql_native_password
15/08/2026 - [18:20:47][INFO]: AUTHENTICATION_PLUGIN_CLASS: MySQLNativePasswordAuthPlugin
15/08/2026 - [18:20:47][INFO]: O banco de dados foi conectado!!!
15/08/2026 - [18:20:48][INFO]: Banco de dados desconectado
15/08/2026 - [18:30:40][INFO]: package: mysql.connector.plugins
15/08/2026 - [18:30:40][INFO]: plugin_name: caching_sha2_password
15/08/2026 - [18:30:40][INFO]: AUTHENTICATION_PLUGIN_CLASS: MySQLCachingSHA2PasswordAuthPlugin
15/08/2026 - [18:30:40][INFO]: package: mysql.connector.plugins
15/08/2026 - [18:30:40][INFO]: plugin_name: mysql_native_password
15/08/2026 - [18:30:40][INFO]: AUTHENTICATION_PLUGIN_CLASS: MySQLNativePasswordAuthPlugin
15/08/2026 - [18:30:40][INFO]: O banco de dados foi conectado!!!
15/08/2026 - [18:30:44][INFO]: Banco de dados desconectado
15/08/2026 - [18:35:18][INFO]: package: mysql.connector.plugins
15/08/2026 - [18:35:18][INFO]: plugin_name: caching_sha2_password
15/08/2026 - [18:35:18][INFO]: AUTHENTICATION_PLUGIN_CLASS: MySQLCachingSHA2PasswordAuthPlugin
15/08/2026 - [18:35:18][INFO]: package: mysql.connector.plugins
15/08/2026 - [18:35:18][INFO]: plugin_name: mysql_native_password
15/08/2026 - [18:35:18][INFO]: AUTHENTICATION_PLUGIN_CLASS: MySQLNativePasswordAuthPlugin
15/08/2026 - [18:35:18][INFO]: O banco de dados foi conectado!!!
15/08/2026 - [18:35:19][INFO]: Banco de dados desconectado
15/08/2026 - [18:40:07][INFO]: package: mysql.connector.plugins
15/08/2026 - [18:40:07][INFO]: plugin_name: caching_sha2_password
15/08/2026 - [18:40:07][INFO]: AUTHENTICATION_PLUGIN_CLASS: MySQLCachingSHA2PasswordAuthPlugin
15/08/2026 - [18:40:07][INFO]: package: mysql.connector.plugins
15/08/2026 - [18:40:07][INFO]: plugin_name: mysql_native_password
15/08/2026 - [18:40:07][INFO]: AUTHENTICATION_PLUGIN_CLASS: MySQLNativePasswordAuthPlugin
15/08/2026 - [18:40:07][INFO]: O banco de dados foi conectado!!!
15/08/2026 - [18:41:09][INFO]: package: mysql.connector.plugins
15/08/2026 - [18:41:09][INFO]: plugin_name: caching_sha2_password
15/08/2026 - [18:41:09][INFO]: AUTHENTICATION_PLUGIN_CLASS: MySQLCachingSHA2PasswordAuthPlugin
15/08/2026 - [18:41:09][INFO]: package: mysql.connector.plugins
15/08/2026 - [18:41:09][INFO]: plugin_name: mysql_native_password
15/08/2026 - [18:41:09][INFO]: AUTHENTICATION_PLUGIN_CLASS: MySQLNativePasswordAuthPlugin
15/08/2026 - [18:41:09][INFO]: O banco de dados foi conectado!!!
15/08/2026 - [18:41:10][INFO]: Banco de dados desconectado
15/08/2026 - [20:06:45][INFO]: package: mysql.connector.plugins
15/08/2026 - [20:06:45][INFO]: plugin_name: caching_sha2_password
15/08/2026 - [20:06:45][INFO]: AUTHENTICATION_PLUGIN_CLASS: MySQLCachingSHA2PasswordAuthPlugin
15/08/2026 - [20:06:45][INFO]: package: mysql.connector.plugins
15/08/2026 - [20:06:45][INFO]: plugin_name: mysql_native_password
15/08/2026 - [20:06:45][INFO]: AUTHENTICATION_PLUGIN_CLASS: MySQLNativePasswordAuthPlugin
15/08/2026 - [20:06:45][INFO]: O banco de dados foi conectado!!!
15/08/2026 - [20:06:46][INFO]: Banco de dados desconectado
16/08/2026 - [00:18:54][INFO]: package: mysql.connector.plugins
16/08/2026 - [00:18:54][INFO]: plugin_name: caching_sha2_password
16/08/2026 - [00:18:54][INFO]: AUTHENTICATION_PLUGIN_CLASS: MySQLCachingSHA2PasswordAuthPlugin
16/08/2026 - [00:18:54][INFO]: package: mysql.connector.plugins
16/08/2026 - [00:18:54][INFO]: plugin_name: mysql_native_password
16/08/2026 - [00:18:54][INFO]: AUTHENTICATION_PLUGIN_CLASS: MySQLNativePasswordAuthPlugin
16/08/2026 - [00:18:54][INFO]: O banco de dados foi conectado!!!
16/08/2026 - [00:19:33][INFO]: package: mysql.connector.plugins
16/08/2026 - [00:19:33][INFO]: plugin_name: caching_sha2_password
16/08/2026 - [00:19:33][INFO]: AUTHENTICATION_PLUGIN_CLASS: MySQLCachingSHA2PasswordAuthPlugin
16/08/2026 - [00:19:33][INFO]: package: mysql.connector.plugins
16/08/2026 - [00:19:33][INFO]: plugin_name: mysql_native_password
16/08/2026 - [00:19:33][INFO]: AUTHENTICATION_PLUGIN_CLASS: MySQLNativePasswordAuthPlugin
16/08/2026 - [00:19:33][INFO]: O banco de dados foi conectado!!!
16/08/2026 - [00:19:34][INFO]: Banco de dados desconectado
16/08/2026 - [00:19:49][INFO]: package: mysql.connector.plugins
16/08/2026 - [00:19:49][INFO]: plugin_name: caching_sha2_password
16/08/2026 - [00:19:49][INFO]: AUTHENTICATION_PLUGIN_CLASS: MySQLCachingSHA2PasswordAuthPlugin
16/08/2026 - [00:19:49][INFO]: package: mysql.connector.plugins
16/08/2026 - [00:19:49][INFO]: plugin_name: mysql_native_password
16/08/2026 - [00:19:49][INFO]: AUTHENTICATION_PLUGIN_CLASS: MySQLNativePasswordAuthPlugin
16/08/2026 - [00:19:49][INFO]: O banco de dados foi conectado!!!
16/08/2026 - [00:19:49][INFO]: Banco de dados desconectado
16/08/2026 - [00:20:49][INFO]: package: mysql.connector.plugins
16/08/2026 - [00:20:49][INFO]: plugin_name: caching_sha2_password
16/08/2026 - [00:20:49][INFO]: AUTHENTICATION_PLUGIN_CLASS: MySQLCachingSHA2PasswordAuthPlugin
16/08/2026 - [00:20:49][INFO]: package: mysql.connector.plugins
16/08/2026 - [00:20:49][INFO]: plugin_name: mysql_native_password
16/08/2026 - [00:20:49][INFO]: AUTHENTICATION_PLUGIN_CLASS: MySQLNativePasswordAuthPlugin
16/08/2026 - [00:20:49][INFO]: O banco de dados foi conectado!!!
16/08/2026 - [00:20:50][INFO]: Banco de dados desconectado
16/08/2026 - [00:21:07][INFO]: package: mysql.connector.plugins
16/08/2026 - [00:21:07][INFO]: plugin_name: caching_sha2_password
16/08/2026 - [00:21:07][INFO]: AUTHENTICATION_PLUGIN_CLASS: MySQLCachingSHA2PasswordAuthPlugin
16/08/2026 - [00:21:07][INFO]: package: mysql.connector.plugins
16/08/2026 - [00:21:07][INFO]: plugin_name: mysql_native_password
16/08/2026 - [00:21:07][INFO]: AUTHENTICATION_PLUGIN_CLASS: MySQLNativePasswordAuthPlugin
16/08/2026 - [00:21:07][INFO]: O banco de dados foi conectado!!!
16/08/2026 - [00:21:08][INFO]: Banco de dados desconectado
16/08/2026 - [00:21:52][INFO]: package: mysql.connector.plugins
16/08/2026 - [00:21:52][INFO]: plugin_name: caching_sha2_password
16/08/2026 - [00:21:52][INFO]: AUTHENTICATION_PLUGIN_CLASS: MySQLCachingSHA2PasswordAuthPlugin
16/08/2026 - [00:21:52][INFO]: package: mysql.connector.plugins
16/08/2026 - [00:21:52][INFO]: plugin_name: mysql_native_password
16/08/2026 - [00:21:52][INFO]: AUTHENTICATION_PLUGIN_CLASS: MySQLNativePasswordAuthPlugin
16/08/2026 - [00:21:52][INFO]: O banco de dados foi conectado!!!
16/08/2026 - [00:21:52][INFO]: Banco de dados desconectado
16/08/2026 - [00:22:22][INFO]: package: mysql.connector.plugins
16/08/2026 - [00:22:22][INFO]: plugin_name: caching_sha2_password
16/08/2026 - [00:22:22][INFO]: AUTHENTICATION_PLUGIN_CLASS: MySQLCachingSHA2PasswordAuthPlugin
16/08/2026 - [00:22:22][INFO]: package: mysql.connector.plugins
16/08/2026 - [00:22:22][INFO]: plugin_name: mysql_native_password
16/08/2026 - [00:22:22][INFO]: AUTHENTICATION_PLUGIN_CLASS: MySQLNativePasswordAuthPlugin
16/08/2026 - [00:22:22][INFO]: O banco de dados foi conectado!!!
16/08/2026 - [00:22:44][INFO]: package: mysql.connector.plugins
16/08/2026 - [00:22:44][INFO]: plugin_name: caching_sha2_password
16/08/2026 - [00:22:44][INFO]: AUTHENTICATION_PLUGIN_CLASS: MySQLCachingSHA2PasswordAuthPlugin
16/08/2026 - [00:22:44][INFO]: package: mysql.connector.plugins
16/08/2026 - [00:22:44][INFO]: plugin_name: mysql_native_password
16/08/2026 - [00:22:44][INFO]: AUTHENTICATION_PLUGIN_CLASS: MySQLNativePasswordAuthPlugin
16/08/2026 - [00:22:44][INFO]: O banco de dados foi conectado!!!
16/08/2026 - [00:23:21][INFO]: package: mysql.connector.plugins
16/08/2026 - [00:23:21][INFO]: plugin_name: caching_sha2_password
16/08/2026 - [00:23:21][INFO]: AUTHENTICATION_PLUGIN_CLASS: MySQLCachingSHA2PasswordAuthPlugin
16/08/2026 - [00:23:21][INFO]: package: mysql.connector.plugins
16/08/2026 - [00:23:21][INFO]: plugin_name: mysql_native_password
16/08/2026 - [00:23:21][INFO]: AUTHENTICATION_PLUGIN_CLASS: MySQLNativePasswordAuthPlugin
16/08/2026 - [00:23:21][INFO]: O banco de dados foi conectado!!!
16/08/2026 - [00:23:21][INFO]: Banco de dados desconectado
16/08/2026 - [00:24:42][INFO]: package: mysql.connector.plugins
16/08/2026 - [00:24:42][INFO]: plugin_name: caching_sha2_password
16/08/2026 - [00:24:42][INFO]: AUTHENTICATION_PLUGIN_CLASS: MySQLCachingSHA2PasswordAuthPlugin
16/08/2026 - [00:24:42][INFO]: package: mysql.connector.plugins
16/08/2026 - [00:24:42][INFO]: plugin_name: mysql_native_password
16/08/2026 - [00:24:42][INFO]: AUTHENTICATION_PLUGIN_CLASS: MySQLNativePasswordAuthPlugin
16/08/2026 - [00:24:42][INFO]: O banco de dados foi conectado!!!
16/08/2026 - [00:24:42][INFO]: Banco de dados desconectado
16/08/2026 - [00:25:29][INFO]: package: mysql.connector.plugins
16/08/2026 - [00:25:29][INFO]: plugin_name: caching_sha2_password
16/08/2026 - [00:25:29][INFO]: AUTHENTICATION_PLUGIN_CLASS: MySQLCachingSHA2PasswordAuthPlugin
16/08/2026 - [00:25:29][INFO]: package: mysql.connector.plugins
16/08/2026 - [00:25:29][INFO]: plugin_name: mysql_native_password
16/08/2026 - [00:25:29][INFO]: AUTHENTICATION_PLUGIN_CLASS: MySQLNativePasswordAuthPlugin
16/08/2026 - [00:25:29][INFO]: O banco de dados foi conectado!!!
16/08/2026 - [00:25:29][INFO]: Banco de dados desconectado
16/08/2026 - [00:46:57][INFO]: package: mysql.connector.plugins
16/08/2026 - [00:46:57][INFO]: plugin_name: caching_sha2_password
16/08/2026 - [00:46:57][INFO]: AUTHENTICATION_PLUGIN_CLASS: MySQLCachingSHA2PasswordAuthPlugin
16/08/2026 - [00:46:57][INFO]: package: mysql.connector.plugins
16/08/2026 - [00:46:57][INFO]: plugin_name: mysql_native_password
16/08/2026 - [00:46:57][INFO]: AUTHENTICATION_PLUGIN_CLASS: MySQLNativePasswordAuthPlugin
16/08/2026 - [00:46:57][INFO]: O banco de dados foi conectado!!!
16/08/2026 - [00:46:57][INFO]: Banco de dados desconectado
16/08/2026 - [00:50:57][INFO]: package: mysql.connector.plugins
16/08/2026 - [00:50:57][INFO]: plugin_name: caching_sha2_password
16/08/2026 - [00:50:57][INFO]: AUTHENTICATION_PLUGIN_CLASS: MySQLCachingSHA2PasswordAuthPlugin
16/08/2026 - [00:50:57][INFO]: package: mysql.connector.plugins
16/08/2026 - [00:50:57][INFO]: plugin_name: mysql_native_password
16/08/2026 - [00:50:57][INFO]: AUTHENTICATION_PLUGIN_CLASS: MySQLNativePasswordAuthPlugin
16/08/2026 - [00:50:57][INFO]: O banco de dados foi conectado!!!
16/08/2026 - [00:51:18][INFO]: package: mysql.connector.plugins
16/08/2026 - [00:51:18][INFO]: plugin_name: caching_sha2_password
16/08/2026 - [00:51:18][INFO]: AUTHENTICATION_PLUGIN_CLASS: MySQLCachingSHA2PasswordAuthPlugin
16/08/2026 - [00:51:18][INFO]: package: mysql.connector.plugins
16/08/2026 - [00:51:18][INFO]: plugin_name: mysql_native_password
16/08/2026 - [00:51:18][INFO]: AUTHENTICATION_PLUGIN_CLASS: MySQLNativePasswordAuthPlugin
16/08/2026 - [00:51:18][INFO]: O banco de dados foi conectado!!!
16/08/2026 - [00:51:29][INFO]: package: mysql.connector.plugins
16/08/2026 - [00:51:29][INFO]: plugin_name: caching_sha2_password
16/08/2026 - [00:51:29][INFO]: AUTHENTICATION_PLUGIN_CLASS: MySQLCachingSHA2PasswordAuthPlugin
16/08/2026 - [00:51:29][INFO]: package: mysql.connector.plugins
16/08/2026 - [00:51:29][INFO]: plugin_name: mysql_native_password
16/08/2026 - [00:51:29][INFO]: AUTHENTICATION_PLUGIN_CLASS: MySQLNativePasswordAuthPlugin
16/08/2026 - [00:51:29][INFO]: O banco de dados foi conectado!!!
16/08/2026 - [00:53:59][INFO]: package: mysql.connector.plugins
16/08/2026 - [00:53:59][INFO]: plugin_name: caching_sha2_password
16/08/2026 - [00:53:59][INFO]: AUTHENTICATION_PLUGIN_CLASS: MySQLCachingSHA2PasswordAuthPlugin
16/08/2026 - [00:53:59][INFO]: package: mysql.connector.plugins
16/08/2026 - [00:53:59][INFO]: plugin_name: mysql_native_password
16/08/2026 - [00:53:59][INFO]: AUTHENTICATION_PLUGIN_CLASS: MySQLNativePasswordAuthPlugin
16/08/2026 - [00:53:59][INFO]: O banco de dados foi conectado!!!
16/08/2026 - [00:54:00][INFO]: Banco de dados desconectado
16/08/2026 - [00:57:37][INFO]: package: mysql.connector.plugins
16/08/2026 - [00:57:37][INFO]: plugin_name: caching_sha2_password
16/08/2026 - [00:57:37][INFO]: AUTHENTICATION_PLUGIN_CLASS: MySQLCachingSHA2PasswordAuthPlugin
16/08/2026 - [00:57:37][INFO]: package: mysql.connector.plugins
16/08/2026 - [00:57:37][INFO]: plugin_name: mysql_native_password
16/08/2026 - [00:57:37][INFO]: AUTHENTICATION_PLUGIN_CLASS: MySQLNativePasswordAuthPlugin
16/08/2026 - [00:57:37][INFO]: O banco de dados foi conectado!!!
16/08/2026 - [00:57:37][ERROR]: Houve um erro inesperado ao tentar juntar dados: 'NoneType' object has no attribute 'cursor'
Traceback (most recent call last):
  File "/home/jeremias/Documentos/pasta_de_projetos/Automatizacao _pagamentos_internacionais/manipulacao_planilha/dados_planilha.py", line 39, in juncao_dados
    dados_sql = pd.read_sql(sql, self.dados_db.conexao)
                ^^^^^^^^^^^^^^^^^^^^^^^^^^^^^^^^^^^^^^^
  File "/home/jeremias/Documentos/pasta_de_projetos/Automatizacao _pagamentos_internacionais/.venv/lib/python3.12/site-packages/pandas/io/sql.py", line 702, in read_sql
    return pandas_sql.read_query(
           ^^^^^^^^^^^^^^^^^^^^^^
  File "/home/jeremias/Documentos/pasta_de_projetos/Automatizacao _pagamentos_internacionais/.venv/lib/python3.12/site-packages/pandas/io/sql.py", line 2809, in read_query
    cursor = self.execute(sql, params)
             ^^^^^^^^^^^^^^^^^^^^^^^^^
  File "/home/jeremias/Documentos/pasta_de_projetos/Automatizacao _pagamentos_internacionais/.venv/lib/python3.12/site-packages/pandas/io/sql.py", line 2743, in execute
    cur = self.con.cursor()
          ^^^^^^^^^^^^^^^
AttributeError: 'NoneType' object has no attribute 'cursor'
16/08/2026 - [00:58:06][INFO]: package: mysql.connector.plugins
16/08/2026 - [00:58:06][INFO]: plugin_name: caching_sha2_password
16/08/2026 - [00:58:06][INFO]: AUTHENTICATION_PLUGIN_CLASS: MySQLCachingSHA2PasswordAuthPlugin
16/08/2026 - [00:58:06][INFO]: package: mysql.connector.plugins
16/08/2026 - [00:58:06][INFO]: plugin_name: mysql_native_password
16/08/2026 - [00:58:06][INFO]: AUTHENTICATION_PLUGIN_CLASS: MySQLNativePasswordAuthPlugin
16/08/2026 - [00:58:06][INFO]: O banco de dados foi conectado!!!
16/08/2026 - [00:58:06][ERROR]: Houve um erro inesperado ao tentar juntar dados: 'NoneType' object has no attribute 'cursor'
Traceback (most recent call last):
  File "/home/jeremias/Documentos/pasta_de_projetos/Automatizacao _pagamentos_internacionais/manipulacao_planilha/dados_planilha.py", line 39, in juncao_dados
    dados_sql = pd.read_sql(sql, self.dados_db.conexao)
                ^^^^^^^^^^^^^^^^^^^^^^^^^^^^^^^^^^^^^^^
  File "/home/jeremias/Documentos/pasta_de_projetos/Automatizacao _pagamentos_internacionais/.venv/lib/python3.12/site-packages/pandas/io/sql.py", line 702, in read_sql
    return pandas_sql.read_query(
           ^^^^^^^^^^^^^^^^^^^^^^
  File "/home/jeremias/Documentos/pasta_de_projetos/Automatizacao _pagamentos_internacionais/.venv/lib/python3.12/site-packages/pandas/io/sql.py", line 2809, in read_query
    cursor = self.execute(sql, params)
             ^^^^^^^^^^^^^^^^^^^^^^^^^
  File "/home/jeremias/Documentos/pasta_de_projetos/Automatizacao _pagamentos_internacionais/.venv/lib/python3.12/site-packages/pandas/io/sql.py", line 2743, in execute
    cur = self.con.cursor()
          ^^^^^^^^^^^^^^^
AttributeError: 'NoneType' object has no attribute 'cursor'
16/08/2026 - [00:59:52][INFO]: package: mysql.connector.plugins
16/08/2026 - [00:59:52][INFO]: plugin_name: caching_sha2_password
16/08/2026 - [00:59:52][INFO]: AUTHENTICATION_PLUGIN_CLASS: MySQLCachingSHA2PasswordAuthPlugin
16/08/2026 - [00:59:52][INFO]: package: mysql.connector.plugins
16/08/2026 - [00:59:52][INFO]: plugin_name: mysql_native_password
16/08/2026 - [00:59:52][INFO]: AUTHENTICATION_PLUGIN_CLASS: MySQLNativePasswordAuthPlugin
16/08/2026 - [00:59:52][INFO]: O banco de dados foi conectado!!!
16/08/2026 - [01:01:20][INFO]: package: mysql.connector.plugins
16/08/2026 - [01:01:20][INFO]: plugin_name: caching_sha2_password
16/08/2026 - [01:01:20][INFO]: AUTHENTICATION_PLUGIN_CLASS: MySQLCachingSHA2PasswordAuthPlugin
16/08/2026 - [01:01:20][INFO]: package: mysql.connector.plugins
16/08/2026 - [01:01:20][INFO]: plugin_name: mysql_native_password
16/08/2026 - [01:01:20][INFO]: AUTHENTICATION_PLUGIN_CLASS: MySQLNativePasswordAuthPlugin
16/08/2026 - [01:01:20][INFO]: O banco de dados foi conectado!!!
16/08/2026 - [01:01:20][INFO]: Banco de dados desconectado
16/08/2026 - [01:02:00][INFO]: package: mysql.connector.plugins
16/08/2026 - [01:02:00][INFO]: plugin_name: caching_sha2_password
16/08/2026 - [01:02:00][INFO]: AUTHENTICATION_PLUGIN_CLASS: MySQLCachingSHA2PasswordAuthPlugin
16/08/2026 - [01:02:00][INFO]: package: mysql.connector.plugins
16/08/2026 - [01:02:00][INFO]: plugin_name: mysql_native_password
16/08/2026 - [01:02:00][INFO]: AUTHENTICATION_PLUGIN_CLASS: MySQLNativePasswordAuthPlugin
16/08/2026 - [01:02:00][INFO]: O banco de dados foi conectado!!!
16/08/2026 - [01:02:00][INFO]: Banco de dados desconectado
16/08/2026 - [01:04:13][INFO]: package: mysql.connector.plugins
16/08/2026 - [01:04:13][INFO]: plugin_name: caching_sha2_password
16/08/2026 - [01:04:13][INFO]: AUTHENTICATION_PLUGIN_CLASS: MySQLCachingSHA2PasswordAuthPlugin
16/08/2026 - [01:04:13][INFO]: package: mysql.connector.plugins
16/08/2026 - [01:04:13][INFO]: plugin_name: mysql_native_password
16/08/2026 - [01:04:13][INFO]: AUTHENTICATION_PLUGIN_CLASS: MySQLNativePasswordAuthPlugin
16/08/2026 - [01:04:13][INFO]: O banco de dados foi conectado!!!
16/08/2026 - [01:04:14][INFO]: Banco de dados desconectado
16/08/2026 - [01:10:22][INFO]: package: mysql.connector.plugins
16/08/2026 - [01:10:22][INFO]: plugin_name: caching_sha2_password
16/08/2026 - [01:10:22][INFO]: AUTHENTICATION_PLUGIN_CLASS: MySQLCachingSHA2PasswordAuthPlugin
16/08/2026 - [01:10:22][INFO]: package: mysql.connector.plugins
16/08/2026 - [01:10:22][INFO]: plugin_name: mysql_native_password
16/08/2026 - [01:10:22][INFO]: AUTHENTICATION_PLUGIN_CLASS: MySQLNativePasswordAuthPlugin
16/08/2026 - [01:10:22][INFO]: O banco de dados foi conectado!!!
16/08/2026 - [01:10:23][INFO]: Banco de dados desconectado
16/08/2026 - [01:10:59][INFO]: package: mysql.connector.plugins
16/08/2026 - [01:10:59][INFO]: plugin_name: caching_sha2_password
16/08/2026 - [01:10:59][INFO]: AUTHENTICATION_PLUGIN_CLASS: MySQLCachingSHA2PasswordAuthPlugin
16/08/2026 - [01:10:59][INFO]: package: mysql.connector.plugins
16/08/2026 - [01:10:59][INFO]: plugin_name: mysql_native_password
16/08/2026 - [01:10:59][INFO]: AUTHENTICATION_PLUGIN_CLASS: MySQLNativePasswordAuthPlugin
16/08/2026 - [01:10:59][INFO]: O banco de dados foi conectado!!!
16/08/2026 - [01:12:30][INFO]: package: mysql.connector.plugins
16/08/2026 - [01:12:30][INFO]: plugin_name: caching_sha2_password
16/08/2026 - [01:12:30][INFO]: AUTHENTICATION_PLUGIN_CLASS: MySQLCachingSHA2PasswordAuthPlugin
16/08/2026 - [01:12:30][INFO]: package: mysql.connector.plugins
16/08/2026 - [01:12:30][INFO]: plugin_name: mysql_native_password
16/08/2026 - [01:12:30][INFO]: AUTHENTICATION_PLUGIN_CLASS: MySQLNativePasswordAuthPlugin
16/08/2026 - [01:12:30][INFO]: O banco de dados foi conectado!!!
16/08/2026 - [01:12:30][INFO]: Banco de dados desconectado
16/08/2026 - [01:12:38][INFO]: package: mysql.connector.plugins
16/08/2026 - [01:12:38][INFO]: plugin_name: caching_sha2_password
16/08/2026 - [01:12:38][INFO]: AUTHENTICATION_PLUGIN_CLASS: MySQLCachingSHA2PasswordAuthPlugin
16/08/2026 - [01:12:38][INFO]: package: mysql.connector.plugins
16/08/2026 - [01:12:38][INFO]: plugin_name: mysql_native_password
16/08/2026 - [01:12:38][INFO]: AUTHENTICATION_PLUGIN_CLASS: MySQLNativePasswordAuthPlugin
16/08/2026 - [01:12:38][INFO]: O banco de dados foi conectado!!!
16/08/2026 - [01:12:39][INFO]: Banco de dados desconectado
16/08/2026 - [01:20:31][INFO]: package: mysql.connector.plugins
16/08/2026 - [01:20:31][INFO]: plugin_name: caching_sha2_password
16/08/2026 - [01:20:31][INFO]: AUTHENTICATION_PLUGIN_CLASS: MySQLCachingSHA2PasswordAuthPlugin
16/08/2026 - [01:20:31][INFO]: package: mysql.connector.plugins
16/08/2026 - [01:20:31][INFO]: plugin_name: mysql_native_password
16/08/2026 - [01:20:31][INFO]: AUTHENTICATION_PLUGIN_CLASS: MySQLNativePasswordAuthPlugin
16/08/2026 - [01:20:31][INFO]: O banco de dados foi conectado!!!
16/08/2026 - [01:20:32][INFO]: Banco de dados desconectado
16/08/2026 - [01:24:26][INFO]: package: mysql.connector.plugins
16/08/2026 - [01:24:26][INFO]: plugin_name: caching_sha2_password
16/08/2026 - [01:24:26][INFO]: AUTHENTICATION_PLUGIN_CLASS: MySQLCachingSHA2PasswordAuthPlugin
16/08/2026 - [01:24:26][INFO]: package: mysql.connector.plugins
16/08/2026 - [01:24:26][INFO]: plugin_name: mysql_native_password
16/08/2026 - [01:24:26][INFO]: AUTHENTICATION_PLUGIN_CLASS: MySQLNativePasswordAuthPlugin
16/08/2026 - [01:24:26][INFO]: O banco de dados foi conectado!!!
16/08/2026 - [01:24:26][INFO]: Banco de dados desconectado
16/08/2026 - [01:31:10][INFO]: package: mysql.connector.plugins
16/08/2026 - [01:31:10][INFO]: plugin_name: caching_sha2_password
16/08/2026 - [01:31:10][INFO]: AUTHENTICATION_PLUGIN_CLASS: MySQLCachingSHA2PasswordAuthPlugin
16/08/2026 - [01:31:10][INFO]: package: mysql.connector.plugins
16/08/2026 - [01:31:10][INFO]: plugin_name: mysql_native_password
16/08/2026 - [01:31:10][INFO]: AUTHENTICATION_PLUGIN_CLASS: MySQLNativePasswordAuthPlugin
16/08/2026 - [01:31:10][INFO]: O banco de dados foi conectado!!!
16/08/2026 - [01:31:24][INFO]: package: mysql.connector.plugins
16/08/2026 - [01:31:24][INFO]: plugin_name: caching_sha2_password
16/08/2026 - [01:31:24][INFO]: AUTHENTICATION_PLUGIN_CLASS: MySQLCachingSHA2PasswordAuthPlugin
16/08/2026 - [01:31:24][INFO]: package: mysql.connector.plugins
16/08/2026 - [01:31:24][INFO]: plugin_name: mysql_native_password
16/08/2026 - [01:31:24][INFO]: AUTHENTICATION_PLUGIN_CLASS: MySQLNativePasswordAuthPlugin
16/08/2026 - [01:31:24][INFO]: O banco de dados foi conectado!!!
16/08/2026 - [01:31:25][INFO]: Banco de dados desconectado
16/08/2026 - [01:32:15][INFO]: package: mysql.connector.plugins
16/08/2026 - [01:32:15][INFO]: plugin_name: caching_sha2_password
16/08/2026 - [01:32:15][INFO]: AUTHENTICATION_PLUGIN_CLASS: MySQLCachingSHA2PasswordAuthPlugin
16/08/2026 - [01:32:15][INFO]: package: mysql.connector.plugins
16/08/2026 - [01:32:15][INFO]: plugin_name: mysql_native_password
16/08/2026 - [01:32:15][INFO]: AUTHENTICATION_PLUGIN_CLASS: MySQLNativePasswordAuthPlugin
16/08/2026 - [01:32:15][INFO]: O banco de dados foi conectado!!!
16/08/2026 - [01:32:16][INFO]: Banco de dados desconectado
16/08/2026 - [01:41:23][INFO]: package: mysql.connector.plugins
16/08/2026 - [01:41:23][INFO]: plugin_name: caching_sha2_password
16/08/2026 - [01:41:23][INFO]: AUTHENTICATION_PLUGIN_CLASS: MySQLCachingSHA2PasswordAuthPlugin
16/08/2026 - [01:41:23][INFO]: package: mysql.connector.plugins
16/08/2026 - [01:41:23][INFO]: plugin_name: mysql_native_password
16/08/2026 - [01:41:23][INFO]: AUTHENTICATION_PLUGIN_CLASS: MySQLNativePasswordAuthPlugin
16/08/2026 - [01:41:23][INFO]: O banco de dados foi conectado!!!
16/08/2026 - [01:44:05][INFO]: package: mysql.connector.plugins
16/08/2026 - [01:44:05][INFO]: plugin_name: caching_sha2_password
16/08/2026 - [01:44:05][INFO]: AUTHENTICATION_PLUGIN_CLASS: MySQLCachingSHA2PasswordAuthPlugin
16/08/2026 - [01:44:05][INFO]: package: mysql.connector.plugins
16/08/2026 - [01:44:05][INFO]: plugin_name: mysql_native_password
16/08/2026 - [01:44:05][INFO]: AUTHENTICATION_PLUGIN_CLASS: MySQLNativePasswordAuthPlugin
16/08/2026 - [01:44:05][INFO]: O banco de dados foi conectado!!!
16/08/2026 - [01:44:05][INFO]: Banco de dados desconectado
16/08/2026 - [13:34:23][INFO]: package: mysql.connector.plugins
16/08/2026 - [13:34:23][INFO]: plugin_name: caching_sha2_password
16/08/2026 - [13:34:23][INFO]: AUTHENTICATION_PLUGIN_CLASS: MySQLCachingSHA2PasswordAuthPlugin
16/08/2026 - [13:34:23][INFO]: package: mysql.connector.plugins
16/08/2026 - [13:34:23][INFO]: plugin_name: mysql_native_password
16/08/2026 - [13:34:23][INFO]: AUTHENTICATION_PLUGIN_CLASS: MySQLNativePasswordAuthPlugin
16/08/2026 - [13:34:23][INFO]: O banco de dados foi conectado!!!
16/08/2026 - [13:34:23][INFO]: Banco de dados desconectado
16/08/2026 - [13:35:56][INFO]: package: mysql.connector.plugins
16/08/2026 - [13:35:56][INFO]: plugin_name: caching_sha2_password
16/08/2026 - [13:35:56][INFO]: AUTHENTICATION_PLUGIN_CLASS: MySQLCachingSHA2PasswordAuthPlugin
16/08/2026 - [13:35:56][INFO]: package: mysql.connector.plugins
16/08/2026 - [13:35:56][INFO]: plugin_name: mysql_native_password
16/08/2026 - [13:35:56][INFO]: AUTHENTICATION_PLUGIN_CLASS: MySQLNativePasswordAuthPlugin
16/08/2026 - [13:35:56][INFO]: O banco de dados foi conectado!!!
16/08/2026 - [13:35:56][INFO]: Banco de dados desconectado
16/08/2026 - [14:31:59][INFO]: package: mysql.connector.plugins
16/08/2026 - [14:31:59][INFO]: plugin_name: caching_sha2_password
16/08/2026 - [14:31:59][INFO]: AUTHENTICATION_PLUGIN_CLASS: MySQLCachingSHA2PasswordAuthPlugin
16/08/2026 - [14:31:59][INFO]: package: mysql.connector.plugins
16/08/2026 - [14:31:59][INFO]: plugin_name: mysql_native_password
16/08/2026 - [14:31:59][INFO]: AUTHENTICATION_PLUGIN_CLASS: MySQLNativePasswordAuthPlugin
16/08/2026 - [14:31:59][INFO]: O banco de dados foi conectado!!!
16/08/2026 - [14:31:59][INFO]: Banco de dados desconectado
16/08/2026 - [14:34:42][INFO]: package: mysql.connector.plugins
16/08/2026 - [14:34:42][INFO]: plugin_name: caching_sha2_password
16/08/2026 - [14:34:42][INFO]: AUTHENTICATION_PLUGIN_CLASS: MySQLCachingSHA2PasswordAuthPlugin
16/08/2026 - [14:34:42][INFO]: package: mysql.connector.plugins
16/08/2026 - [14:34:42][INFO]: plugin_name: mysql_native_password
16/08/2026 - [14:34:42][INFO]: AUTHENTICATION_PLUGIN_CLASS: MySQLNativePasswordAuthPlugin
16/08/2026 - [14:34:42][INFO]: O banco de dados foi conectado!!!
16/08/2026 - [14:34:42][INFO]: Banco de dados desconectado
16/08/2026 - [14:34:59][INFO]: package: mysql.connector.plugins
16/08/2026 - [14:34:59][INFO]: plugin_name: caching_sha2_password
16/08/2026 - [14:34:59][INFO]: AUTHENTICATION_PLUGIN_CLASS: MySQLCachingSHA2PasswordAuthPlugin
16/08/2026 - [14:34:59][INFO]: package: mysql.connector.plugins
16/08/2026 - [14:34:59][INFO]: plugin_name: mysql_native_password
16/08/2026 - [14:34:59][INFO]: AUTHENTICATION_PLUGIN_CLASS: MySQLNativePasswordAuthPlugin
16/08/2026 - [14:34:59][INFO]: O banco de dados foi conectado!!!
16/08/2026 - [14:34:59][INFO]: Banco de dados desconectado
17/08/2026 - [11:30:47][ERROR]: Error terminating service process.
Traceback (most recent call last):
  File "/home/jeremias/Documentos/pasta_de_projetos/Automatizacao _pagamentos_internacionais/.venv/lib/python3.12/site-packages/selenium/webdriver/common/service.py", line 182, in _terminate_process
    self.process.terminate()
  File "/usr/lib/python3.12/subprocess.py", line 2211, in terminate
    self.send_signal(signal.SIGTERM)
  File "/usr/lib/python3.12/subprocess.py", line 2203, in send_signal
    os.kill(self.pid, sig)
PermissionError: [Errno 13] Permission denied
17/08/2026 - [13:11:37][ERROR]: Error terminating service process.
Traceback (most recent call last):
  File "/home/jeremias/Documentos/pasta_de_projetos/Automatizacao _pagamentos_internacionais/.venv/lib/python3.12/site-packages/selenium/webdriver/common/service.py", line 182, in _terminate_process
    self.process.terminate()
  File "/usr/lib/python3.12/subprocess.py", line 2211, in terminate
    self.send_signal(signal.SIGTERM)
  File "/usr/lib/python3.12/subprocess.py", line 2203, in send_signal
    os.kill(self.pid, sig)
PermissionError: [Errno 13] Permission denied
18/08/2026 - [13:19:45][ERROR]: Error terminating service process.
Traceback (most recent call last):
  File "/home/jeremias/Documentos/pasta_de_projetos/Automatizacao _pagamentos_internacionais/.venv/lib/python3.12/site-packages/selenium/webdriver/common/service.py", line 182, in _terminate_process
    self.process.terminate()
  File "/usr/lib/python3.12/subprocess.py", line 2211, in terminate
    self.send_signal(signal.SIGTERM)
  File "/usr/lib/python3.12/subprocess.py", line 2203, in send_signal
    os.kill(self.pid, sig)
PermissionError: [Errno 13] Permission denied
19/08/2026 - [11:08:25][INFO]: package: mysql.connector.plugins
19/08/2026 - [11:08:25][INFO]: plugin_name: caching_sha2_password
19/08/2026 - [11:08:25][INFO]: AUTHENTICATION_PLUGIN_CLASS: MySQLCachingSHA2PasswordAuthPlugin
19/08/2026 - [11:08:25][INFO]: package: mysql.connector.plugins
19/08/2026 - [11:08:25][INFO]: plugin_name: mysql_native_password
19/08/2026 - [11:08:25][INFO]: AUTHENTICATION_PLUGIN_CLASS: MySQLNativePasswordAuthPlugin
19/08/2026 - [11:08:25][INFO]: O banco de dados foi conectado!!!
19/08/2026 - [11:08:25][INFO]: Banco de dados desconectado
19/08/2026 - [11:10:03][INFO]: package: mysql.connector.plugins
19/08/2026 - [11:10:03][INFO]: plugin_name: caching_sha2_password
19/08/2026 - [11:10:03][INFO]: AUTHENTICATION_PLUGIN_CLASS: MySQLCachingSHA2PasswordAuthPlugin
19/08/2026 - [11:10:03][INFO]: package: mysql.connector.plugins
19/08/2026 - [11:10:03][INFO]: plugin_name: mysql_native_password
19/08/2026 - [11:10:03][INFO]: AUTHENTICATION_PLUGIN_CLASS: MySQLNativePasswordAuthPlugin
19/08/2026 - [11:10:03][INFO]: O banco de dados foi conectado!!!
19/08/2026 - [11:10:03][INFO]: Banco de dados desconectado
19/08/2026 - [11:10:31][INFO]: package: mysql.connector.plugins
19/08/2026 - [11:10:31][INFO]: plugin_name: caching_sha2_password
19/08/2026 - [11:10:31][INFO]: AUTHENTICATION_PLUGIN_CLASS: MySQLCachingSHA2PasswordAuthPlugin
19/08/2026 - [11:10:31][INFO]: package: mysql.connector.plugins
19/08/2026 - [11:10:31][INFO]: plugin_name: mysql_native_password
19/08/2026 - [11:10:31][INFO]: AUTHENTICATION_PLUGIN_CLASS: MySQLNativePasswordAuthPlugin
19/08/2026 - [11:10:31][INFO]: O banco de dados foi conectado!!!
19/08/2026 - [11:10:31][INFO]: Banco de dados desconectado
19/08/2026 - [11:13:25][INFO]: package: mysql.connector.plugins
19/08/2026 - [11:13:25][INFO]: plugin_name: caching_sha2_password
19/08/2026 - [11:13:25][INFO]: AUTHENTICATION_PLUGIN_CLASS: MySQLCachingSHA2PasswordAuthPlugin
19/08/2026 - [11:13:25][INFO]: package: mysql.connector.plugins
19/08/2026 - [11:13:25][INFO]: plugin_name: mysql_native_password
19/08/2026 - [11:13:25][INFO]: AUTHENTICATION_PLUGIN_CLASS: MySQLNativePasswordAuthPlugin
19/08/2026 - [11:13:25][INFO]: O banco de dados foi conectado!!!
19/08/2026 - [11:13:25][INFO]: Banco de dados desconectado
19/08/2026 - [11:13:41][INFO]: package: mysql.connector.plugins
19/08/2026 - [11:13:41][INFO]: plugin_name: caching_sha2_password
19/08/2026 - [11:13:41][INFO]: AUTHENTICATION_PLUGIN_CLASS: MySQLCachingSHA2PasswordAuthPlugin
19/08/2026 - [11:13:41][INFO]: package: mysql.connector.plugins
19/08/2026 - [11:13:41][INFO]: plugin_name: mysql_native_password
19/08/2026 - [11:13:41][INFO]: AUTHENTICATION_PLUGIN_CLASS: MySQLNativePasswordAuthPlugin
19/08/2026 - [11:13:41][INFO]: O banco de dados foi conectado!!!
19/08/2026 - [11:13:41][INFO]: Banco de dados desconectado
19/08/2026 - [11:16:31][INFO]: package: mysql.connector.plugins
19/08/2026 - [11:16:31][INFO]: plugin_name: caching_sha2_password
19/08/2026 - [11:16:31][INFO]: AUTHENTICATION_PLUGIN_CLASS: MySQLCachingSHA2PasswordAuthPlugin
19/08/2026 - [11:16:31][INFO]: package: mysql.connector.plugins
19/08/2026 - [11:16:31][INFO]: plugin_name: mysql_native_password
19/08/2026 - [11:16:31][INFO]: AUTHENTICATION_PLUGIN_CLASS: MySQLNativePasswordAuthPlugin
19/08/2026 - [11:16:31][INFO]: O banco de dados foi conectado!!!
19/08/2026 - [11:16:31][INFO]: Banco de dados desconectado
19/08/2026 - [11:17:46][INFO]: package: mysql.connector.plugins
19/08/2026 - [11:17:46][INFO]: plugin_name: caching_sha2_password
19/08/2026 - [11:17:46][INFO]: AUTHENTICATION_PLUGIN_CLASS: MySQLCachingSHA2PasswordAuthPlugin
19/08/2026 - [11:17:46][INFO]: package: mysql.connector.plugins
19/08/2026 - [11:17:46][INFO]: plugin_name: mysql_native_password
19/08/2026 - [11:17:46][INFO]: AUTHENTICATION_PLUGIN_CLASS: MySQLNativePasswordAuthPlugin
19/08/2026 - [11:17:46][INFO]: O banco de dados foi conectado!!!
19/08/2026 - [11:17:47][INFO]: Banco de dados desconectado
19/08/2026 - [11:19:58][INFO]: package: mysql.connector.plugins
19/08/2026 - [11:19:58][INFO]: plugin_name: caching_sha2_password
19/08/2026 - [11:19:58][INFO]: AUTHENTICATION_PLUGIN_CLASS: MySQLCachingSHA2PasswordAuthPlugin
19/08/2026 - [11:19:58][INFO]: package: mysql.connector.plugins
19/08/2026 - [11:19:58][INFO]: plugin_name: mysql_native_password
19/08/2026 - [11:19:58][INFO]: AUTHENTICATION_PLUGIN_CLASS: MySQLNativePasswordAuthPlugin
19/08/2026 - [11:19:58][INFO]: O banco de dados foi conectado!!!
19/08/2026 - [11:19:58][ERROR]: Houve um erro inesperado ao tentar juntar tabela no soma valores: name 'tabelasoma' is not defined
Traceback (most recent call last):
  File "/home/jeremias/Documentos/pasta_de_projetos/Automatizacao _pagamentos_internacionais/conversor_moeda/total_pagar.py", line 62, in soma_valor_cota
    tabela['valor_convertido'] = tabelasoma
                                 ^^^^^^^^^^
NameError: name 'tabelasoma' is not defined
19/08/2026 - [11:20:10][INFO]: package: mysql.connector.plugins
19/08/2026 - [11:20:10][INFO]: plugin_name: caching_sha2_password
19/08/2026 - [11:20:10][INFO]: AUTHENTICATION_PLUGIN_CLASS: MySQLCachingSHA2PasswordAuthPlugin
19/08/2026 - [11:20:10][INFO]: package: mysql.connector.plugins
19/08/2026 - [11:20:10][INFO]: plugin_name: mysql_native_password
19/08/2026 - [11:20:10][INFO]: AUTHENTICATION_PLUGIN_CLASS: MySQLNativePasswordAuthPlugin
19/08/2026 - [11:20:10][INFO]: O banco de dados foi conectado!!!
19/08/2026 - [11:20:11][INFO]: Banco de dados desconectado
19/08/2026 - [11:22:26][INFO]: package: mysql.connector.plugins
19/08/2026 - [11:22:26][INFO]: plugin_name: caching_sha2_password
19/08/2026 - [11:22:26][INFO]: AUTHENTICATION_PLUGIN_CLASS: MySQLCachingSHA2PasswordAuthPlugin
19/08/2026 - [11:22:26][INFO]: package: mysql.connector.plugins
19/08/2026 - [11:22:26][INFO]: plugin_name: mysql_native_password
19/08/2026 - [11:22:26][INFO]: AUTHENTICATION_PLUGIN_CLASS: MySQLNativePasswordAuthPlugin
19/08/2026 - [11:22:26][INFO]: O banco de dados foi conectado!!!
19/08/2026 - [11:22:26][INFO]: Banco de dados desconectado
19/08/2026 - [11:23:18][INFO]: package: mysql.connector.plugins
19/08/2026 - [11:23:18][INFO]: plugin_name: caching_sha2_password
19/08/2026 - [11:23:18][INFO]: AUTHENTICATION_PLUGIN_CLASS: MySQLCachingSHA2PasswordAuthPlugin
19/08/2026 - [11:23:18][INFO]: package: mysql.connector.plugins
19/08/2026 - [11:23:18][INFO]: plugin_name: mysql_native_password
19/08/2026 - [11:23:18][INFO]: AUTHENTICATION_PLUGIN_CLASS: MySQLNativePasswordAuthPlugin
19/08/2026 - [11:23:18][INFO]: O banco de dados foi conectado!!!
19/08/2026 - [11:23:19][INFO]: Banco de dados desconectado
19/08/2026 - [11:27:14][INFO]: package: mysql.connector.plugins
19/08/2026 - [11:27:14][INFO]: plugin_name: caching_sha2_password
19/08/2026 - [11:27:14][INFO]: AUTHENTICATION_PLUGIN_CLASS: MySQLCachingSHA2PasswordAuthPlugin
19/08/2026 - [11:27:14][INFO]: package: mysql.connector.plugins
19/08/2026 - [11:27:14][INFO]: plugin_name: mysql_native_password
19/08/2026 - [11:27:14][INFO]: AUTHENTICATION_PLUGIN_CLASS: MySQLNativePasswordAuthPlugin
19/08/2026 - [11:27:14][INFO]: O banco de dados foi conectado!!!
19/08/2026 - [11:27:14][INFO]: Banco de dados desconectado
19/08/2026 - [11:27:44][INFO]: package: mysql.connector.plugins
19/08/2026 - [11:27:44][INFO]: plugin_name: caching_sha2_password
19/08/2026 - [11:27:44][INFO]: AUTHENTICATION_PLUGIN_CLASS: MySQLCachingSHA2PasswordAuthPlugin
19/08/2026 - [11:27:44][INFO]: package: mysql.connector.plugins
19/08/2026 - [11:27:44][INFO]: plugin_name: mysql_native_password
19/08/2026 - [11:27:44][INFO]: AUTHENTICATION_PLUGIN_CLASS: MySQLNativePasswordAuthPlugin
19/08/2026 - [11:27:44][INFO]: O banco de dados foi conectado!!!
19/08/2026 - [11:27:44][INFO]: Banco de dados desconectado
19/08/2026 - [11:28:33][INFO]: package: mysql.connector.plugins
19/08/2026 - [11:28:33][INFO]: plugin_name: caching_sha2_password
19/08/2026 - [11:28:33][INFO]: AUTHENTICATION_PLUGIN_CLASS: MySQLCachingSHA2PasswordAuthPlugin
19/08/2026 - [11:28:33][INFO]: package: mysql.connector.plugins
19/08/2026 - [11:28:33][INFO]: plugin_name: mysql_native_password
19/08/2026 - [11:28:33][INFO]: AUTHENTICATION_PLUGIN_CLASS: MySQLNativePasswordAuthPlugin
19/08/2026 - [11:28:33][INFO]: O banco de dados foi conectado!!!
19/08/2026 - [11:28:34][INFO]: Banco de dados desconectado
19/08/2026 - [11:29:12][INFO]: package: mysql.connector.plugins
19/08/2026 - [11:29:12][INFO]: plugin_name: caching_sha2_password
19/08/2026 - [11:29:12][INFO]: AUTHENTICATION_PLUGIN_CLASS: MySQLCachingSHA2PasswordAuthPlugin
19/08/2026 - [11:29:12][INFO]: package: mysql.connector.plugins
19/08/2026 - [11:29:12][INFO]: plugin_name: mysql_native_password
19/08/2026 - [11:29:12][INFO]: AUTHENTICATION_PLUGIN_CLASS: MySQLNativePasswordAuthPlugin
19/08/2026 - [11:29:12][INFO]: O banco de dados foi conectado!!!
19/08/2026 - [11:29:14][INFO]: Banco de dados desconectado
19/08/2026 - [11:29:44][INFO]: package: mysql.connector.plugins
19/08/2026 - [11:29:44][INFO]: plugin_name: caching_sha2_password
19/08/2026 - [11:29:44][INFO]: AUTHENTICATION_PLUGIN_CLASS: MySQLCachingSHA2PasswordAuthPlugin
19/08/2026 - [11:29:44][INFO]: package: mysql.connector.plugins
19/08/2026 - [11:29:44][INFO]: plugin_name: mysql_native_password
19/08/2026 - [11:29:44][INFO]: AUTHENTICATION_PLUGIN_CLASS: MySQLNativePasswordAuthPlugin
19/08/2026 - [11:29:44][INFO]: O banco de dados foi conectado!!!
19/08/2026 - [11:29:44][INFO]: Banco de dados desconectado
19/08/2026 - [11:30:27][INFO]: package: mysql.connector.plugins
19/08/2026 - [11:30:27][INFO]: plugin_name: caching_sha2_password
19/08/2026 - [11:30:27][INFO]: AUTHENTICATION_PLUGIN_CLASS: MySQLCachingSHA2PasswordAuthPlugin
19/08/2026 - [11:30:27][INFO]: package: mysql.connector.plugins
19/08/2026 - [11:30:27][INFO]: plugin_name: mysql_native_password
19/08/2026 - [11:30:27][INFO]: AUTHENTICATION_PLUGIN_CLASS: MySQLNativePasswordAuthPlugin
19/08/2026 - [11:30:27][INFO]: O banco de dados foi conectado!!!
19/08/2026 - [11:30:28][INFO]: Banco de dados desconectado
19/08/2026 - [11:34:33][INFO]: package: mysql.connector.plugins
19/08/2026 - [11:34:33][INFO]: plugin_name: caching_sha2_password
19/08/2026 - [11:34:33][INFO]: AUTHENTICATION_PLUGIN_CLASS: MySQLCachingSHA2PasswordAuthPlugin
19/08/2026 - [11:34:33][INFO]: package: mysql.connector.plugins
19/08/2026 - [11:34:33][INFO]: plugin_name: mysql_native_password
19/08/2026 - [11:34:33][INFO]: AUTHENTICATION_PLUGIN_CLASS: MySQLNativePasswordAuthPlugin
19/08/2026 - [11:34:33][INFO]: O banco de dados foi conectado!!!
19/08/2026 - [11:34:35][INFO]: Banco de dados desconectado
19/08/2026 - [11:35:36][INFO]: package: mysql.connector.plugins
19/08/2026 - [11:35:36][INFO]: plugin_name: caching_sha2_password
19/08/2026 - [11:35:36][INFO]: AUTHENTICATION_PLUGIN_CLASS: MySQLCachingSHA2PasswordAuthPlugin
19/08/2026 - [11:35:36][INFO]: package: mysql.connector.plugins
19/08/2026 - [11:35:36][INFO]: plugin_name: mysql_native_password
19/08/2026 - [11:35:36][INFO]: AUTHENTICATION_PLUGIN_CLASS: MySQLNativePasswordAuthPlugin
19/08/2026 - [11:35:36][INFO]: O banco de dados foi conectado!!!
19/08/2026 - [11:35:37][INFO]: Banco de dados desconectado
19/08/2026 - [11:50:05][INFO]: package: mysql.connector.plugins
19/08/2026 - [11:50:05][INFO]: plugin_name: caching_sha2_password
19/08/2026 - [11:50:05][INFO]: AUTHENTICATION_PLUGIN_CLASS: MySQLCachingSHA2PasswordAuthPlugin
19/08/2026 - [11:50:05][INFO]: package: mysql.connector.plugins
19/08/2026 - [11:50:05][INFO]: plugin_name: mysql_native_password
19/08/2026 - [11:50:05][INFO]: AUTHENTICATION_PLUGIN_CLASS: MySQLNativePasswordAuthPlugin
19/08/2026 - [11:50:05][INFO]: O banco de dados foi conectado!!!
19/08/2026 - [11:50:05][INFO]: Banco de dados desconectado
19/08/2026 - [11:50:52][INFO]: package: mysql.connector.plugins
19/08/2026 - [11:50:52][INFO]: plugin_name: caching_sha2_password
19/08/2026 - [11:50:52][INFO]: AUTHENTICATION_PLUGIN_CLASS: MySQLCachingSHA2PasswordAuthPlugin
19/08/2026 - [11:50:52][INFO]: package: mysql.connector.plugins
19/08/2026 - [11:50:52][INFO]: plugin_name: mysql_native_password
19/08/2026 - [11:50:52][INFO]: AUTHENTICATION_PLUGIN_CLASS: MySQLNativePasswordAuthPlugin
19/08/2026 - [11:50:52][INFO]: O banco de dados foi conectado!!!
19/08/2026 - [11:50:52][INFO]: Banco de dados desconectado
19/08/2026 - [11:51:28][INFO]: package: mysql.connector.plugins
19/08/2026 - [11:51:28][INFO]: plugin_name: caching_sha2_password
19/08/2026 - [11:51:28][INFO]: AUTHENTICATION_PLUGIN_CLASS: MySQLCachingSHA2PasswordAuthPlugin
19/08/2026 - [11:51:28][INFO]: package: mysql.connector.plugins
19/08/2026 - [11:51:28][INFO]: plugin_name: mysql_native_password
19/08/2026 - [11:51:28][INFO]: AUTHENTICATION_PLUGIN_CLASS: MySQLNativePasswordAuthPlugin
19/08/2026 - [11:51:28][INFO]: O banco de dados foi conectado!!!
19/08/2026 - [11:51:28][INFO]: Banco de dados desconectado
19/08/2026 - [11:59:34][INFO]: package: mysql.connector.plugins
19/08/2026 - [11:59:34][INFO]: plugin_name: caching_sha2_password
19/08/2026 - [11:59:34][INFO]: AUTHENTICATION_PLUGIN_CLASS: MySQLCachingSHA2PasswordAuthPlugin
19/08/2026 - [11:59:34][INFO]: package: mysql.connector.plugins
19/08/2026 - [11:59:34][INFO]: plugin_name: mysql_native_password
19/08/2026 - [11:59:34][INFO]: AUTHENTICATION_PLUGIN_CLASS: MySQLNativePasswordAuthPlugin
19/08/2026 - [11:59:34][INFO]: O banco de dados foi conectado!!!
19/08/2026 - [11:59:34][INFO]: Banco de dados desconectado
19/08/2026 - [12:00:15][INFO]: package: mysql.connector.plugins
19/08/2026 - [12:00:15][INFO]: plugin_name: caching_sha2_password
19/08/2026 - [12:00:15][INFO]: AUTHENTICATION_PLUGIN_CLASS: MySQLCachingSHA2PasswordAuthPlugin
19/08/2026 - [12:00:15][INFO]: package: mysql.connector.plugins
19/08/2026 - [12:00:15][INFO]: plugin_name: mysql_native_password
19/08/2026 - [12:00:15][INFO]: AUTHENTICATION_PLUGIN_CLASS: MySQLNativePasswordAuthPlugin
19/08/2026 - [12:00:15][INFO]: O banco de dados foi conectado!!!
19/08/2026 - [12:00:16][INFO]: Banco de dados desconectado
19/08/2026 - [12:05:29][ERROR]: Houve um erro inesperado no codigo: type object 'BancoDados' has no attribute 'cursor'
Traceback (most recent call last):
  File "/home/jeremias/Documentos/pasta_de_projetos/Automatizacao _pagamentos_internacionais/tratamento_api/busca_api.py", line 17, in cotacao_moeda
    self.banco_dados.cursor.execute(
    ^^^^^^^^^^^^^^^^^^^^^^^
AttributeError: type object 'BancoDados' has no attribute 'cursor'
19/08/2026 - [12:05:58][INFO]: package: mysql.connector.plugins
19/08/2026 - [12:05:58][INFO]: plugin_name: caching_sha2_password
19/08/2026 - [12:05:58][INFO]: AUTHENTICATION_PLUGIN_CLASS: MySQLCachingSHA2PasswordAuthPlugin
19/08/2026 - [12:05:58][INFO]: package: mysql.connector.plugins
19/08/2026 - [12:05:58][INFO]: plugin_name: mysql_native_password
19/08/2026 - [12:05:58][INFO]: AUTHENTICATION_PLUGIN_CLASS: MySQLNativePasswordAuthPlugin
19/08/2026 - [12:05:58][INFO]: O banco de dados foi conectado!!!
19/08/2026 - [12:06:00][INFO]: Banco de dados desconectado
19/08/2026 - [12:07:00][INFO]: package: mysql.connector.plugins
19/08/2026 - [12:07:00][INFO]: plugin_name: caching_sha2_password
19/08/2026 - [12:07:00][INFO]: AUTHENTICATION_PLUGIN_CLASS: MySQLCachingSHA2PasswordAuthPlugin
19/08/2026 - [12:07:00][INFO]: package: mysql.connector.plugins
19/08/2026 - [12:07:00][INFO]: plugin_name: mysql_native_password
19/08/2026 - [12:07:00][INFO]: AUTHENTICATION_PLUGIN_CLASS: MySQLNativePasswordAuthPlugin
19/08/2026 - [12:07:00][INFO]: O banco de dados foi conectado!!!
19/08/2026 - [12:07:02][INFO]: Banco de dados desconectado
19/08/2026 - [12:08:06][INFO]: package: mysql.connector.plugins
19/08/2026 - [12:08:06][INFO]: plugin_name: caching_sha2_password
19/08/2026 - [12:08:06][INFO]: AUTHENTICATION_PLUGIN_CLASS: MySQLCachingSHA2PasswordAuthPlugin
19/08/2026 - [12:08:06][INFO]: package: mysql.connector.plugins
19/08/2026 - [12:08:06][INFO]: plugin_name: mysql_native_password
19/08/2026 - [12:08:06][INFO]: AUTHENTICATION_PLUGIN_CLASS: MySQLNativePasswordAuthPlugin
19/08/2026 - [12:08:06][INFO]: O banco de dados foi conectado!!!
19/08/2026 - [12:08:14][INFO]: package: mysql.connector.plugins
19/08/2026 - [12:08:14][INFO]: plugin_name: caching_sha2_password
19/08/2026 - [12:08:14][INFO]: AUTHENTICATION_PLUGIN_CLASS: MySQLCachingSHA2PasswordAuthPlugin
19/08/2026 - [12:08:14][INFO]: package: mysql.connector.plugins
19/08/2026 - [12:08:14][INFO]: plugin_name: mysql_native_password
19/08/2026 - [12:08:14][INFO]: AUTHENTICATION_PLUGIN_CLASS: MySQLNativePasswordAuthPlugin
19/08/2026 - [12:08:14][INFO]: O banco de dados foi conectado!!!
19/08/2026 - [12:12:03][INFO]: package: mysql.connector.plugins
19/08/2026 - [12:12:03][INFO]: plugin_name: caching_sha2_password
19/08/2026 - [12:12:03][INFO]: AUTHENTICATION_PLUGIN_CLASS: MySQLCachingSHA2PasswordAuthPlugin
19/08/2026 - [12:12:03][INFO]: package: mysql.connector.plugins
19/08/2026 - [12:12:03][INFO]: plugin_name: mysql_native_password
19/08/2026 - [12:12:03][INFO]: AUTHENTICATION_PLUGIN_CLASS: MySQLNativePasswordAuthPlugin
19/08/2026 - [12:12:03][INFO]: O banco de dados foi conectado!!!
19/08/2026 - [12:12:04][INFO]: Banco de dados desconectado
19/08/2026 - [12:12:17][INFO]: package: mysql.connector.plugins
19/08/2026 - [12:12:17][INFO]: plugin_name: caching_sha2_password
19/08/2026 - [12:12:17][INFO]: AUTHENTICATION_PLUGIN_CLASS: MySQLCachingSHA2PasswordAuthPlugin
19/08/2026 - [12:12:17][INFO]: package: mysql.connector.plugins
19/08/2026 - [12:12:17][INFO]: plugin_name: mysql_native_password
19/08/2026 - [12:12:17][INFO]: AUTHENTICATION_PLUGIN_CLASS: MySQLNativePasswordAuthPlugin
19/08/2026 - [12:12:17][INFO]: O banco de dados foi conectado!!!
19/08/2026 - [12:12:17][INFO]: Banco de dados desconectado
19/08/2026 - [13:07:45][WARNING]: Error sending stats to Plausible: error sending request for url (https://plausible.io/api/event)
20/08/2026 - [11:48:22][ERROR]: Error terminating service process.
Traceback (most recent call last):
  File "/home/jeremias/Documentos/pasta_de_projetos/Automatizacao _pagamentos_internacionais/.venv/lib/python3.12/site-packages/selenium/webdriver/common/service.py", line 182, in _terminate_process
    self.process.terminate()
  File "/usr/lib/python3.12/subprocess.py", line 2211, in terminate
    self.send_signal(signal.SIGTERM)
  File "/usr/lib/python3.12/subprocess.py", line 2203, in send_signal
    os.kill(self.pid, sig)
PermissionError: [Errno 13] Permission denied
20/08/2026 - [12:01:48][ERROR]: Aconteceu um erro inesperado ao tentar consultar dados do banco de dados: 'NoneType' object has no attribute 'execute'
Traceback (most recent call last):
  File "/home/jeremias/Documentos/pasta_de_projetos/Automatizacao _pagamentos_internacionais/manipulacao_dados/banco_dados.py", line 65, in clientes_pendentes
    self.cursor.execute(
    ^^^^^^^^^^^^^^^^^^^
AttributeError: 'NoneType' object has no attribute 'execute'
20/08/2026 - [12:01:58][ERROR]: Aconteceu um erro inesperado ao tentar consultar dados do banco de dados: 'NoneType' object has no attribute 'execute'
Traceback (most recent call last):
  File "/home/jeremias/Documentos/pasta_de_projetos/Automatizacao _pagamentos_internacionais/manipulacao_dados/banco_dados.py", line 65, in clientes_pendentes
    self.cursor.execute(
    ^^^^^^^^^^^^^^^^^^^
AttributeError: 'NoneType' object has no attribute 'execute'
20/08/2026 - [12:02:00][ERROR]: Aconteceu um erro inesperado ao tentar consultar dados do banco de dados: 'NoneType' object has no attribute 'execute'
Traceback (most recent call last):
  File "/home/jeremias/Documentos/pasta_de_projetos/Automatizacao _pagamentos_internacionais/manipulacao_dados/banco_dados.py", line 65, in clientes_pendentes
    self.cursor.execute(
    ^^^^^^^^^^^^^^^^^^^
AttributeError: 'NoneType' object has no attribute 'execute'
20/08/2026 - [12:02:35][ERROR]: Aconteceu um erro inesperado ao tentar consultar dados do banco de dados: 'NoneType' object has no attribute 'execute'
Traceback (most recent call last):
  File "/home/jeremias/Documentos/pasta_de_projetos/Automatizacao _pagamentos_internacionais/manipulacao_dados/banco_dados.py", line 65, in clientes_pendentes
    self.cursor.execute(
    ^^^^^^^^^^^^^^^^^^^
AttributeError: 'NoneType' object has no attribute 'execute'
20/08/2026 - [12:03:10][ERROR]: Aconteceu um erro inesperado ao tentar consultar dados do banco de dados: 'NoneType' object has no attribute 'execute'
Traceback (most recent call last):
  File "/home/jeremias/Documentos/pasta_de_projetos/Automatizacao _pagamentos_internacionais/manipulacao_dados/banco_dados.py", line 65, in clientes_pendentes
    self.cursor.execute(
    ^^^^^^^^^^^^^^^^^^^
AttributeError: 'NoneType' object has no attribute 'execute'
20/08/2026 - [12:03:51][INFO]: package: mysql.connector.plugins
20/08/2026 - [12:03:51][INFO]: plugin_name: caching_sha2_password
20/08/2026 - [12:03:51][INFO]: AUTHENTICATION_PLUGIN_CLASS: MySQLCachingSHA2PasswordAuthPlugin
20/08/2026 - [12:03:51][INFO]: package: mysql.connector.plugins
20/08/2026 - [12:03:51][INFO]: plugin_name: mysql_native_password
20/08/2026 - [12:03:51][INFO]: AUTHENTICATION_PLUGIN_CLASS: MySQLNativePasswordAuthPlugin
20/08/2026 - [12:03:51][INFO]: O banco de dados foi conectado!!!
20/08/2026 - [12:03:51][INFO]: Banco de dados desconectado
20/08/2026 - [13:05:23][INFO]: package: mysql.connector.plugins
20/08/2026 - [13:05:23][INFO]: plugin_name: caching_sha2_password
20/08/2026 - [13:05:23][INFO]: AUTHENTICATION_PLUGIN_CLASS: MySQLCachingSHA2PasswordAuthPlugin
20/08/2026 - [13:05:23][INFO]: package: mysql.connector.plugins
20/08/2026 - [13:05:23][INFO]: plugin_name: mysql_native_password
20/08/2026 - [13:05:23][INFO]: AUTHENTICATION_PLUGIN_CLASS: MySQLNativePasswordAuthPlugin
20/08/2026 - [13:05:23][INFO]: O banco de dados foi conectado!!!
20/08/2026 - [13:05:23][INFO]: Banco de dados desconectado
20/08/2026 - [13:05:43][INFO]: package: mysql.connector.plugins
20/08/2026 - [13:05:43][INFO]: plugin_name: caching_sha2_password
20/08/2026 - [13:05:43][INFO]: AUTHENTICATION_PLUGIN_CLASS: MySQLCachingSHA2PasswordAuthPlugin
20/08/2026 - [13:05:43][INFO]: package: mysql.connector.plugins
20/08/2026 - [13:05:43][INFO]: plugin_name: mysql_native_password
20/08/2026 - [13:05:43][INFO]: AUTHENTICATION_PLUGIN_CLASS: MySQLNativePasswordAuthPlugin
20/08/2026 - [13:05:43][INFO]: O banco de dados foi conectado!!!
20/08/2026 - [13:05:43][INFO]: Banco de dados desconectado
20/08/2026 - [13:05:55][INFO]: package: mysql.connector.plugins
20/08/2026 - [13:05:55][INFO]: plugin_name: caching_sha2_password
20/08/2026 - [13:05:55][INFO]: AUTHENTICATION_PLUGIN_CLASS: MySQLCachingSHA2PasswordAuthPlugin
20/08/2026 - [13:05:55][INFO]: package: mysql.connector.plugins
20/08/2026 - [13:05:55][INFO]: plugin_name: mysql_native_password
20/08/2026 - [13:05:55][INFO]: AUTHENTICATION_PLUGIN_CLASS: MySQLNativePasswordAuthPlugin
20/08/2026 - [13:05:55][INFO]: O banco de dados foi conectado!!!
20/08/2026 - [13:05:55][INFO]: Banco de dados desconectado
20/08/2026 - [13:11:11][INFO]: package: mysql.connector.plugins
20/08/2026 - [13:11:11][INFO]: plugin_name: caching_sha2_password
20/08/2026 - [13:11:11][INFO]: AUTHENTICATION_PLUGIN_CLASS: MySQLCachingSHA2PasswordAuthPlugin
20/08/2026 - [13:11:11][INFO]: package: mysql.connector.plugins
20/08/2026 - [13:11:11][INFO]: plugin_name: mysql_native_password
20/08/2026 - [13:11:11][INFO]: AUTHENTICATION_PLUGIN_CLASS: MySQLNativePasswordAuthPlugin
20/08/2026 - [13:11:11][INFO]: O banco de dados foi conectado!!!
20/08/2026 - [13:11:11][INFO]: Banco de dados desconectado
20/08/2026 - [13:12:47][INFO]: package: mysql.connector.plugins
20/08/2026 - [13:12:48][INFO]: plugin_name: caching_sha2_password
20/08/2026 - [13:12:48][INFO]: AUTHENTICATION_PLUGIN_CLASS: MySQLCachingSHA2PasswordAuthPlugin
20/08/2026 - [13:12:48][INFO]: package: mysql.connector.plugins
20/08/2026 - [13:12:48][INFO]: plugin_name: mysql_native_password
20/08/2026 - [13:12:48][INFO]: AUTHENTICATION_PLUGIN_CLASS: MySQLNativePasswordAuthPlugin
20/08/2026 - [13:12:48][INFO]: O banco de dados foi conectado!!!
20/08/2026 - [13:12:48][INFO]: Banco de dados desconectado
20/08/2026 - [13:13:16][INFO]: package: mysql.connector.plugins
20/08/2026 - [13:13:16][INFO]: plugin_name: caching_sha2_password
20/08/2026 - [13:13:16][INFO]: AUTHENTICATION_PLUGIN_CLASS: MySQLCachingSHA2PasswordAuthPlugin
20/08/2026 - [13:13:16][INFO]: package: mysql.connector.plugins
20/08/2026 - [13:13:16][INFO]: plugin_name: mysql_native_password
20/08/2026 - [13:13:16][INFO]: AUTHENTICATION_PLUGIN_CLASS: MySQLNativePasswordAuthPlugin
20/08/2026 - [13:13:16][INFO]: O banco de dados foi conectado!!!
20/08/2026 - [13:13:16][INFO]: Banco de dados desconectado
20/08/2026 - [13:16:55][INFO]: package: mysql.connector.plugins
20/08/2026 - [13:16:55][INFO]: plugin_name: caching_sha2_password
20/08/2026 - [13:16:55][INFO]: AUTHENTICATION_PLUGIN_CLASS: MySQLCachingSHA2PasswordAuthPlugin
20/08/2026 - [13:16:55][INFO]: package: mysql.connector.plugins
20/08/2026 - [13:16:55][INFO]: plugin_name: mysql_native_password
20/08/2026 - [13:16:55][INFO]: AUTHENTICATION_PLUGIN_CLASS: MySQLNativePasswordAuthPlugin
20/08/2026 - [13:16:55][INFO]: O banco de dados foi conectado!!!
20/08/2026 - [13:16:55][INFO]: Banco de dados desconectado
20/08/2026 - [13:18:06][INFO]: package: mysql.connector.plugins
20/08/2026 - [13:18:06][INFO]: plugin_name: caching_sha2_password
20/08/2026 - [13:18:06][INFO]: AUTHENTICATION_PLUGIN_CLASS: MySQLCachingSHA2PasswordAuthPlugin
20/08/2026 - [13:18:06][INFO]: package: mysql.connector.plugins
20/08/2026 - [13:18:06][INFO]: plugin_name: mysql_native_password
20/08/2026 - [13:18:06][INFO]: AUTHENTICATION_PLUGIN_CLASS: MySQLNativePasswordAuthPlugin
20/08/2026 - [13:18:06][INFO]: O banco de dados foi conectado!!!
20/08/2026 - [13:18:06][INFO]: Banco de dados desconectado
20/08/2026 - [13:18:17][INFO]: package: mysql.connector.plugins
20/08/2026 - [13:18:17][INFO]: plugin_name: caching_sha2_password
20/08/2026 - [13:18:17][INFO]: AUTHENTICATION_PLUGIN_CLASS: MySQLCachingSHA2PasswordAuthPlugin
20/08/2026 - [13:18:17][INFO]: package: mysql.connector.plugins
20/08/2026 - [13:18:17][INFO]: plugin_name: mysql_native_password
20/08/2026 - [13:18:17][INFO]: AUTHENTICATION_PLUGIN_CLASS: MySQLNativePasswordAuthPlugin
20/08/2026 - [13:18:17][INFO]: O banco de dados foi conectado!!!
20/08/2026 - [13:18:17][INFO]: Banco de dados desconectado
20/08/2026 - [13:19:17][INFO]: package: mysql.connector.plugins
20/08/2026 - [13:19:17][INFO]: plugin_name: caching_sha2_password
20/08/2026 - [13:19:17][INFO]: AUTHENTICATION_PLUGIN_CLASS: MySQLCachingSHA2PasswordAuthPlugin
20/08/2026 - [13:19:17][INFO]: package: mysql.connector.plugins
20/08/2026 - [13:19:17][INFO]: plugin_name: mysql_native_password
20/08/2026 - [13:19:17][INFO]: AUTHENTICATION_PLUGIN_CLASS: MySQLNativePasswordAuthPlugin
20/08/2026 - [13:19:17][INFO]: O banco de dados foi conectado!!!
20/08/2026 - [13:19:17][INFO]: Banco de dados desconectado
20/08/2026 - [13:19:40][INFO]: package: mysql.connector.plugins
20/08/2026 - [13:19:40][INFO]: plugin_name: caching_sha2_password
20/08/2026 - [13:19:40][INFO]: AUTHENTICATION_PLUGIN_CLASS: MySQLCachingSHA2PasswordAuthPlugin
20/08/2026 - [13:19:40][INFO]: package: mysql.connector.plugins
20/08/2026 - [13:19:40][INFO]: plugin_name: mysql_native_password
20/08/2026 - [13:19:40][INFO]: AUTHENTICATION_PLUGIN_CLASS: MySQLNativePasswordAuthPlugin
20/08/2026 - [13:19:40][INFO]: O banco de dados foi conectado!!!
20/08/2026 - [13:19:40][INFO]: Banco de dados desconectado
20/08/2026 - [13:21:17][INFO]: package: mysql.connector.plugins
20/08/2026 - [13:21:17][INFO]: plugin_name: caching_sha2_password
20/08/2026 - [13:21:17][INFO]: AUTHENTICATION_PLUGIN_CLASS: MySQLCachingSHA2PasswordAuthPlugin
20/08/2026 - [13:21:17][INFO]: package: mysql.connector.plugins
20/08/2026 - [13:21:17][INFO]: plugin_name: mysql_native_password
20/08/2026 - [13:21:17][INFO]: AUTHENTICATION_PLUGIN_CLASS: MySQLNativePasswordAuthPlugin
20/08/2026 - [13:21:17][INFO]: O banco de dados foi conectado!!!
20/08/2026 - [13:21:17][INFO]: Banco de dados desconectado
20/08/2026 - [13:23:46][INFO]: package: mysql.connector.plugins
20/08/2026 - [13:23:46][INFO]: plugin_name: caching_sha2_password
20/08/2026 - [13:23:46][INFO]: AUTHENTICATION_PLUGIN_CLASS: MySQLCachingSHA2PasswordAuthPlugin
20/08/2026 - [13:23:46][INFO]: package: mysql.connector.plugins
20/08/2026 - [13:23:46][INFO]: plugin_name: mysql_native_password
20/08/2026 - [13:23:46][INFO]: AUTHENTICATION_PLUGIN_CLASS: MySQLNativePasswordAuthPlugin
20/08/2026 - [13:23:46][INFO]: O banco de dados foi conectado!!!
20/08/2026 - [13:23:46][INFO]: Banco de dados desconectado
20/08/2026 - [13:24:23][INFO]: package: mysql.connector.plugins
20/08/2026 - [13:24:23][INFO]: plugin_name: caching_sha2_password
20/08/2026 - [13:24:23][INFO]: AUTHENTICATION_PLUGIN_CLASS: MySQLCachingSHA2PasswordAuthPlugin
20/08/2026 - [13:24:23][INFO]: package: mysql.connector.plugins
20/08/2026 - [13:24:23][INFO]: plugin_name: mysql_native_password
20/08/2026 - [13:24:23][INFO]: AUTHENTICATION_PLUGIN_CLASS: MySQLNativePasswordAuthPlugin
20/08/2026 - [13:24:23][INFO]: O banco de dados foi conectado!!!
20/08/2026 - [13:24:23][INFO]: Banco de dados desconectado
20/08/2026 - [13:24:36][INFO]: package: mysql.connector.plugins
20/08/2026 - [13:24:36][INFO]: plugin_name: caching_sha2_password
20/08/2026 - [13:24:36][INFO]: AUTHENTICATION_PLUGIN_CLASS: MySQLCachingSHA2PasswordAuthPlugin
20/08/2026 - [13:24:36][INFO]: package: mysql.connector.plugins
20/08/2026 - [13:24:36][INFO]: plugin_name: mysql_native_password
20/08/2026 - [13:24:36][INFO]: AUTHENTICATION_PLUGIN_CLASS: MySQLNativePasswordAuthPlugin
20/08/2026 - [13:24:36][INFO]: O banco de dados foi conectado!!!
20/08/2026 - [13:24:36][INFO]: Banco de dados desconectado
20/08/2026 - [13:25:15][INFO]: package: mysql.connector.plugins
20/08/2026 - [13:25:15][INFO]: plugin_name: caching_sha2_password
20/08/2026 - [13:25:15][INFO]: AUTHENTICATION_PLUGIN_CLASS: MySQLCachingSHA2PasswordAuthPlugin
20/08/2026 - [13:25:15][INFO]: package: mysql.connector.plugins
20/08/2026 - [13:25:15][INFO]: plugin_name: mysql_native_password
20/08/2026 - [13:25:15][INFO]: AUTHENTICATION_PLUGIN_CLASS: MySQLNativePasswordAuthPlugin
20/08/2026 - [13:25:15][INFO]: O banco de dados foi conectado!!!
20/08/2026 - [13:25:15][INFO]: Banco de dados desconectado
20/08/2026 - [13:25:27][INFO]: package: mysql.connector.plugins
20/08/2026 - [13:25:27][INFO]: plugin_name: caching_sha2_password
20/08/2026 - [13:25:27][INFO]: AUTHENTICATION_PLUGIN_CLASS: MySQLCachingSHA2PasswordAuthPlugin
20/08/2026 - [13:25:27][INFO]: package: mysql.connector.plugins
20/08/2026 - [13:25:27][INFO]: plugin_name: mysql_native_password
20/08/2026 - [13:25:27][INFO]: AUTHENTICATION_PLUGIN_CLASS: MySQLNativePasswordAuthPlugin
20/08/2026 - [13:25:27][INFO]: O banco de dados foi conectado!!!
20/08/2026 - [13:25:27][INFO]: Banco de dados desconectado
20/08/2026 - [13:25:54][INFO]: package: mysql.connector.plugins
20/08/2026 - [13:25:54][INFO]: plugin_name: caching_sha2_password
20/08/2026 - [13:25:54][INFO]: AUTHENTICATION_PLUGIN_CLASS: MySQLCachingSHA2PasswordAuthPlugin
20/08/2026 - [13:25:54][INFO]: package: mysql.connector.plugins
20/08/2026 - [13:25:54][INFO]: plugin_name: mysql_native_password
20/08/2026 - [13:25:54][INFO]: AUTHENTICATION_PLUGIN_CLASS: MySQLNativePasswordAuthPlugin
20/08/2026 - [13:25:54][INFO]: O banco de dados foi conectado!!!
20/08/2026 - [13:25:55][INFO]: Banco de dados desconectado
20/08/2026 - [13:26:17][INFO]: package: mysql.connector.plugins
20/08/2026 - [13:26:17][INFO]: plugin_name: caching_sha2_password
20/08/2026 - [13:26:17][INFO]: AUTHENTICATION_PLUGIN_CLASS: MySQLCachingSHA2PasswordAuthPlugin
20/08/2026 - [13:26:17][INFO]: package: mysql.connector.plugins
20/08/2026 - [13:26:17][INFO]: plugin_name: mysql_native_password
20/08/2026 - [13:26:17][INFO]: AUTHENTICATION_PLUGIN_CLASS: MySQLNativePasswordAuthPlugin
20/08/2026 - [13:26:17][INFO]: O banco de dados foi conectado!!!
20/08/2026 - [13:26:17][INFO]: Banco de dados desconectado
20/08/2026 - [13:34:54][INFO]: package: mysql.connector.plugins
20/08/2026 - [13:34:54][INFO]: plugin_name: caching_sha2_password
20/08/2026 - [13:34:54][INFO]: AUTHENTICATION_PLUGIN_CLASS: MySQLCachingSHA2PasswordAuthPlugin
20/08/2026 - [13:34:54][INFO]: package: mysql.connector.plugins
20/08/2026 - [13:34:54][INFO]: plugin_name: mysql_native_password
20/08/2026 - [13:34:54][INFO]: AUTHENTICATION_PLUGIN_CLASS: MySQLNativePasswordAuthPlugin
20/08/2026 - [13:34:54][INFO]: O banco de dados foi conectado!!!
20/08/2026 - [13:34:54][INFO]: Banco de dados desconectado
21/08/2026 - [10:58:17][INFO]: package: mysql.connector.plugins
21/08/2026 - [10:58:17][INFO]: plugin_name: caching_sha2_password
21/08/2026 - [10:58:17][INFO]: AUTHENTICATION_PLUGIN_CLASS: MySQLCachingSHA2PasswordAuthPlugin
21/08/2026 - [10:58:17][INFO]: package: mysql.connector.plugins
21/08/2026 - [10:58:17][INFO]: plugin_name: mysql_native_password
21/08/2026 - [10:58:17][INFO]: AUTHENTICATION_PLUGIN_CLASS: MySQLNativePasswordAuthPlugin
21/08/2026 - [10:58:17][INFO]: O banco de dados foi conectado!!!
21/08/2026 - [10:58:17][ERROR]: Houve um erro inesperado ao tentar juntar dados: must pass an index to rename
Traceback (most recent call last):
  File "/home/jeremias/Documentos/pasta_de_projetos/Automatizacao _pagamentos_internacionais/manipulacao_planilha/dados_planilha.py", line 43, in juncao_dados
    dados_sql_copy.rename()
  File "/home/jeremias/Documentos/pasta_de_projetos/Automatizacao _pagamentos_internacionais/.venv/lib/python3.12/site-packages/pandas/core/frame.py", line 6485, in rename
    return super()._rename(
           ^^^^^^^^^^^^^^^^
  File "/home/jeremias/Documentos/pasta_de_projetos/Automatizacao _pagamentos_internacionais/.venv/lib/python3.12/site-packages/pandas/core/generic.py", line 1004, in _rename
    raise TypeError("must pass an index to rename")
TypeError: must pass an index to rename
21/08/2026 - [10:58:35][INFO]: package: mysql.connector.plugins
21/08/2026 - [10:58:35][INFO]: plugin_name: caching_sha2_password
21/08/2026 - [10:58:35][INFO]: AUTHENTICATION_PLUGIN_CLASS: MySQLCachingSHA2PasswordAuthPlugin
21/08/2026 - [10:58:35][INFO]: package: mysql.connector.plugins
21/08/2026 - [10:58:35][INFO]: plugin_name: mysql_native_password
21/08/2026 - [10:58:35][INFO]: AUTHENTICATION_PLUGIN_CLASS: MySQLNativePasswordAuthPlugin
21/08/2026 - [10:58:35][INFO]: O banco de dados foi conectado!!!
21/08/2026 - [10:58:36][INFO]: Banco de dados desconectado
21/08/2026 - [11:00:22][INFO]: package: mysql.connector.plugins
21/08/2026 - [11:00:22][INFO]: plugin_name: caching_sha2_password
21/08/2026 - [11:00:22][INFO]: AUTHENTICATION_PLUGIN_CLASS: MySQLCachingSHA2PasswordAuthPlugin
21/08/2026 - [11:00:22][INFO]: package: mysql.connector.plugins
21/08/2026 - [11:00:22][INFO]: plugin_name: mysql_native_password
21/08/2026 - [11:00:22][INFO]: AUTHENTICATION_PLUGIN_CLASS: MySQLNativePasswordAuthPlugin
21/08/2026 - [11:00:22][INFO]: O banco de dados foi conectado!!!
21/08/2026 - [11:00:22][INFO]: Banco de dados desconectado
21/08/2026 - [11:02:14][INFO]: package: mysql.connector.plugins
21/08/2026 - [11:02:14][INFO]: plugin_name: caching_sha2_password
21/08/2026 - [11:02:14][INFO]: AUTHENTICATION_PLUGIN_CLASS: MySQLCachingSHA2PasswordAuthPlugin
21/08/2026 - [11:02:14][INFO]: package: mysql.connector.plugins
21/08/2026 - [11:02:14][INFO]: plugin_name: mysql_native_password
21/08/2026 - [11:02:14][INFO]: AUTHENTICATION_PLUGIN_CLASS: MySQLNativePasswordAuthPlugin
21/08/2026 - [11:02:14][INFO]: O banco de dados foi conectado!!!
21/08/2026 - [11:02:15][INFO]: Banco de dados desconectado
21/08/2026 - [11:02:53][INFO]: package: mysql.connector.plugins
21/08/2026 - [11:02:53][INFO]: plugin_name: caching_sha2_password
21/08/2026 - [11:02:53][INFO]: AUTHENTICATION_PLUGIN_CLASS: MySQLCachingSHA2PasswordAuthPlugin
21/08/2026 - [11:02:53][INFO]: package: mysql.connector.plugins
21/08/2026 - [11:02:53][INFO]: plugin_name: mysql_native_password
21/08/2026 - [11:02:53][INFO]: AUTHENTICATION_PLUGIN_CLASS: MySQLNativePasswordAuthPlugin
21/08/2026 - [11:02:53][INFO]: O banco de dados foi conectado!!!
21/08/2026 - [11:02:53][INFO]: Banco de dados desconectado
21/08/2026 - [11:03:25][INFO]: package: mysql.connector.plugins
21/08/2026 - [11:03:25][INFO]: plugin_name: caching_sha2_password
21/08/2026 - [11:03:25][INFO]: AUTHENTICATION_PLUGIN_CLASS: MySQLCachingSHA2PasswordAuthPlugin
21/08/2026 - [11:03:25][INFO]: package: mysql.connector.plugins
21/08/2026 - [11:03:25][INFO]: plugin_name: mysql_native_password
21/08/2026 - [11:03:25][INFO]: AUTHENTICATION_PLUGIN_CLASS: MySQLNativePasswordAuthPlugin
21/08/2026 - [11:03:25][INFO]: O banco de dados foi conectado!!!
21/08/2026 - [11:03:25][INFO]: Banco de dados desconectado
21/08/2026 - [11:07:20][INFO]: package: mysql.connector.plugins
21/08/2026 - [11:07:20][INFO]: plugin_name: caching_sha2_password
21/08/2026 - [11:07:20][INFO]: AUTHENTICATION_PLUGIN_CLASS: MySQLCachingSHA2PasswordAuthPlugin
21/08/2026 - [11:07:20][INFO]: package: mysql.connector.plugins
21/08/2026 - [11:07:20][INFO]: plugin_name: mysql_native_password
21/08/2026 - [11:07:20][INFO]: AUTHENTICATION_PLUGIN_CLASS: MySQLNativePasswordAuthPlugin
21/08/2026 - [11:07:20][INFO]: O banco de dados foi conectado!!!
21/08/2026 - [11:07:20][ERROR]: Houve um erro inesperado ao tentar juntar dados: Index(['Proprietario'], dtype='str')
Traceback (most recent call last):
  File "/home/jeremias/Documentos/pasta_de_projetos/Automatizacao _pagamentos_internacionais/manipulacao_planilha/dados_planilha.py", line 43, in juncao_dados
    planilha_copy.drop_duplicates(subset='Proprietario')
  File "/home/jeremias/Documentos/pasta_de_projetos/Automatizacao _pagamentos_internacionais/.venv/lib/python3.12/site-packages/pandas/core/frame.py", line 7955, in drop_duplicates
    result = self[-self.duplicated(subset, keep=keep)]
                   ^^^^^^^^^^^^^^^^^^^^^^^^^^^^^^^^^^
  File "/home/jeremias/Documentos/pasta_de_projetos/Automatizacao _pagamentos_internacionais/.venv/lib/python3.12/site-packages/pandas/core/frame.py", line 8085, in duplicated
    raise KeyError(Index(diff))
KeyError: Index(['Proprietario'], dtype='str')
21/08/2026 - [11:08:17][INFO]: package: mysql.connector.plugins
21/08/2026 - [11:08:17][INFO]: plugin_name: caching_sha2_password
21/08/2026 - [11:08:17][INFO]: AUTHENTICATION_PLUGIN_CLASS: MySQLCachingSHA2PasswordAuthPlugin
21/08/2026 - [11:08:17][INFO]: package: mysql.connector.plugins
21/08/2026 - [11:08:17][INFO]: plugin_name: mysql_native_password
21/08/2026 - [11:08:17][INFO]: AUTHENTICATION_PLUGIN_CLASS: MySQLNativePasswordAuthPlugin
21/08/2026 - [11:08:17][INFO]: O banco de dados foi conectado!!!
21/08/2026 - [11:08:17][INFO]: Banco de dados desconectado
21/08/2026 - [11:10:45][INFO]: package: mysql.connector.plugins
21/08/2026 - [11:10:45][INFO]: plugin_name: caching_sha2_password
21/08/2026 - [11:10:45][INFO]: AUTHENTICATION_PLUGIN_CLASS: MySQLCachingSHA2PasswordAuthPlugin
21/08/2026 - [11:10:45][INFO]: package: mysql.connector.plugins
21/08/2026 - [11:10:45][INFO]: plugin_name: mysql_native_password
21/08/2026 - [11:10:45][INFO]: AUTHENTICATION_PLUGIN_CLASS: MySQLNativePasswordAuthPlugin
21/08/2026 - [11:10:45][INFO]: O banco de dados foi conectado!!!
21/08/2026 - [11:10:45][INFO]: Banco de dados desconectado
21/08/2026 - [11:14:01][INFO]: package: mysql.connector.plugins
21/08/2026 - [11:14:01][INFO]: plugin_name: caching_sha2_password
21/08/2026 - [11:14:01][INFO]: AUTHENTICATION_PLUGIN_CLASS: MySQLCachingSHA2PasswordAuthPlugin
21/08/2026 - [11:14:01][INFO]: package: mysql.connector.plugins
21/08/2026 - [11:14:01][INFO]: plugin_name: mysql_native_password
21/08/2026 - [11:14:01][INFO]: AUTHENTICATION_PLUGIN_CLASS: MySQLNativePasswordAuthPlugin
21/08/2026 - [11:14:01][INFO]: O banco de dados foi conectado!!!
21/08/2026 - [11:14:01][INFO]: Banco de dados desconectado
21/08/2026 - [11:22:05][INFO]: package: mysql.connector.plugins
21/08/2026 - [11:22:05][INFO]: plugin_name: caching_sha2_password
21/08/2026 - [11:22:05][INFO]: AUTHENTICATION_PLUGIN_CLASS: MySQLCachingSHA2PasswordAuthPlugin
21/08/2026 - [11:22:05][INFO]: package: mysql.connector.plugins
21/08/2026 - [11:22:05][INFO]: plugin_name: mysql_native_password
21/08/2026 - [11:22:05][INFO]: AUTHENTICATION_PLUGIN_CLASS: MySQLNativePasswordAuthPlugin
21/08/2026 - [11:22:05][INFO]: O banco de dados foi conectado!!!
21/08/2026 - [11:22:06][ERROR]: Houve um erro inesperado ao tentar fechar conexão com o banco: Unread result found
Traceback (most recent call last):
  File "/home/jeremias/Documentos/pasta_de_projetos/Automatizacao _pagamentos_internacionais/manipulacao_dados/banco_dados.py", line 54, in desconectar_banco
    self.cursor.close()
  File "/home/jeremias/Documentos/pasta_de_projetos/Automatizacao _pagamentos_internacionais/.venv/lib/python3.12/site-packages/mysql/connector/cursor.py", line 267, in close
    self._connection.handle_unread_result()
  File "/home/jeremias/Documentos/pasta_de_projetos/Automatizacao _pagamentos_internacionais/.venv/lib/python3.12/site-packages/mysql/connector/connection.py", line 1784, in handle_unread_result
    raise InternalError("Unread result found")
mysql.connector.errors.InternalError: Unread result found
21/08/2026 - [11:22:46][INFO]: package: mysql.connector.plugins
21/08/2026 - [11:22:46][INFO]: plugin_name: caching_sha2_password
21/08/2026 - [11:22:46][INFO]: AUTHENTICATION_PLUGIN_CLASS: MySQLCachingSHA2PasswordAuthPlugin
21/08/2026 - [11:22:46][INFO]: package: mysql.connector.plugins
21/08/2026 - [11:22:46][INFO]: plugin_name: mysql_native_password
21/08/2026 - [11:22:46][INFO]: AUTHENTICATION_PLUGIN_CLASS: MySQLNativePasswordAuthPlugin
21/08/2026 - [11:22:46][INFO]: O banco de dados foi conectado!!!
21/08/2026 - [11:22:46][ERROR]: Houve um erro inesperado ao tentar fechar conexão com o banco: Unread result found
Traceback (most recent call last):
  File "/home/jeremias/Documentos/pasta_de_projetos/Automatizacao _pagamentos_internacionais/manipulacao_dados/banco_dados.py", line 54, in desconectar_banco
    self.cursor.close()
  File "/home/jeremias/Documentos/pasta_de_projetos/Automatizacao _pagamentos_internacionais/.venv/lib/python3.12/site-packages/mysql/connector/cursor.py", line 267, in close
    self._connection.handle_unread_result()
  File "/home/jeremias/Documentos/pasta_de_projetos/Automatizacao _pagamentos_internacionais/.venv/lib/python3.12/site-packages/mysql/connector/connection.py", line 1784, in handle_unread_result
    raise InternalError("Unread result found")
mysql.connector.errors.InternalError: Unread result found
21/08/2026 - [11:23:55][INFO]: package: mysql.connector.plugins
21/08/2026 - [11:23:55][INFO]: plugin_name: caching_sha2_password
21/08/2026 - [11:23:55][INFO]: AUTHENTICATION_PLUGIN_CLASS: MySQLCachingSHA2PasswordAuthPlugin
21/08/2026 - [11:23:55][INFO]: package: mysql.connector.plugins
21/08/2026 - [11:23:55][INFO]: plugin_name: mysql_native_password
21/08/2026 - [11:23:55][INFO]: AUTHENTICATION_PLUGIN_CLASS: MySQLNativePasswordAuthPlugin
21/08/2026 - [11:23:55][INFO]: O banco de dados foi conectado!!!
21/08/2026 - [11:23:55][ERROR]: Houve um erro inesperado ao tentar fechar conexão com o banco: Unread result found
Traceback (most recent call last):
  File "/home/jeremias/Documentos/pasta_de_projetos/Automatizacao _pagamentos_internacionais/manipulacao_dados/banco_dados.py", line 54, in desconectar_banco
    self.cursor.close()
  File "/home/jeremias/Documentos/pasta_de_projetos/Automatizacao _pagamentos_internacionais/.venv/lib/python3.12/site-packages/mysql/connector/cursor.py", line 267, in close
    self._connection.handle_unread_result()
  File "/home/jeremias/Documentos/pasta_de_projetos/Automatizacao _pagamentos_internacionais/.venv/lib/python3.12/site-packages/mysql/connector/connection.py", line 1784, in handle_unread_result
    raise InternalError("Unread result found")
mysql.connector.errors.InternalError: Unread result found
21/08/2026 - [11:38:26][INFO]: package: mysql.connector.plugins
21/08/2026 - [11:38:26][INFO]: plugin_name: caching_sha2_password
21/08/2026 - [11:38:26][INFO]: AUTHENTICATION_PLUGIN_CLASS: MySQLCachingSHA2PasswordAuthPlugin
21/08/2026 - [11:38:26][INFO]: package: mysql.connector.plugins
21/08/2026 - [11:38:26][INFO]: plugin_name: mysql_native_password
21/08/2026 - [11:38:26][INFO]: AUTHENTICATION_PLUGIN_CLASS: MySQLNativePasswordAuthPlugin
21/08/2026 - [11:38:26][INFO]: O banco de dados foi conectado!!!
21/08/2026 - [11:38:26][ERROR]: Houve um erro inesperado ao tentar juntar dados: Can only merge Series or DataFrame objects, a <class 'manipulacao_dados.banco_dados.BancoDados'> was passed
Traceback (most recent call last):
  File "/home/jeremias/Documentos/pasta_de_projetos/Automatizacao _pagamentos_internacionais/manipulacao_planilha/dados_planilha.py", line 40, in juncao_dados
    self.planilha_completa.merge(
  File "/home/jeremias/Documentos/pasta_de_projetos/Automatizacao _pagamentos_internacionais/.venv/lib/python3.12/site-packages/pandas/core/frame.py", line 12902, in merge
    return merge(
           ^^^^^^
  File "/home/jeremias/Documentos/pasta_de_projetos/Automatizacao _pagamentos_internacionais/.venv/lib/python3.12/site-packages/pandas/core/reshape/merge.py", line 369, in merge
    right_df = _validate_operand(right)
               ^^^^^^^^^^^^^^^^^^^^^^^^
  File "/home/jeremias/Documentos/pasta_de_projetos/Automatizacao _pagamentos_internacionais/.venv/lib/python3.12/site-packages/pandas/core/reshape/merge.py", line 3063, in _validate_operand
    raise TypeError(
TypeError: Can only merge Series or DataFrame objects, a <class 'manipulacao_dados.banco_dados.BancoDados'> was passed
21/08/2026 - [11:39:21][INFO]: package: mysql.connector.plugins
21/08/2026 - [11:39:21][INFO]: plugin_name: caching_sha2_password
21/08/2026 - [11:39:21][INFO]: AUTHENTICATION_PLUGIN_CLASS: MySQLCachingSHA2PasswordAuthPlugin
21/08/2026 - [11:39:21][INFO]: package: mysql.connector.plugins
21/08/2026 - [11:39:21][INFO]: plugin_name: mysql_native_password
21/08/2026 - [11:39:21][INFO]: AUTHENTICATION_PLUGIN_CLASS: MySQLNativePasswordAuthPlugin
21/08/2026 - [11:39:22][INFO]: O banco de dados foi conectado!!!
21/08/2026 - [11:39:22][ERROR]: Houve um erro inesperado ao tentar juntar dados: Can only merge Series or DataFrame objects, a <class 'manipulacao_dados.banco_dados.BancoDados'> was passed
Traceback (most recent call last):
  File "/home/jeremias/Documentos/pasta_de_projetos/Automatizacao _pagamentos_internacionais/manipulacao_planilha/dados_planilha.py", line 40, in juncao_dados
    self.planilha_completa.merge(
  File "/home/jeremias/Documentos/pasta_de_projetos/Automatizacao _pagamentos_internacionais/.venv/lib/python3.12/site-packages/pandas/core/frame.py", line 12902, in merge
    return merge(
           ^^^^^^
  File "/home/jeremias/Documentos/pasta_de_projetos/Automatizacao _pagamentos_internacionais/.venv/lib/python3.12/site-packages/pandas/core/reshape/merge.py", line 369, in merge
    right_df = _validate_operand(right)
               ^^^^^^^^^^^^^^^^^^^^^^^^
  File "/home/jeremias/Documentos/pasta_de_projetos/Automatizacao _pagamentos_internacionais/.venv/lib/python3.12/site-packages/pandas/core/reshape/merge.py", line 3063, in _validate_operand
    raise TypeError(
TypeError: Can only merge Series or DataFrame objects, a <class 'manipulacao_dados.banco_dados.BancoDados'> was passed
21/08/2026 - [11:41:46][INFO]: package: mysql.connector.plugins
21/08/2026 - [11:41:46][INFO]: plugin_name: caching_sha2_password
21/08/2026 - [11:41:46][INFO]: AUTHENTICATION_PLUGIN_CLASS: MySQLCachingSHA2PasswordAuthPlugin
21/08/2026 - [11:41:46][INFO]: package: mysql.connector.plugins
21/08/2026 - [11:41:46][INFO]: plugin_name: mysql_native_password
21/08/2026 - [11:41:46][INFO]: AUTHENTICATION_PLUGIN_CLASS: MySQLNativePasswordAuthPlugin
21/08/2026 - [11:41:46][INFO]: O banco de dados foi conectado!!!
21/08/2026 - [11:41:46][ERROR]: Houve um erro inesperado ao tentar juntar dados: 'NoneType' object has no attribute 'merge'
Traceback (most recent call last):
  File "/home/jeremias/Documentos/pasta_de_projetos/Automatizacao _pagamentos_internacionais/manipulacao_planilha/dados_planilha.py", line 40, in juncao_dados
    self.planilha_completa.merge(
    ^^^^^^^^^^^^^^^^^^^^^^^^^^^^
AttributeError: 'NoneType' object has no attribute 'merge'
21/08/2026 - [11:42:47][INFO]: package: mysql.connector.plugins
21/08/2026 - [11:42:47][INFO]: plugin_name: caching_sha2_password
21/08/2026 - [11:42:47][INFO]: AUTHENTICATION_PLUGIN_CLASS: MySQLCachingSHA2PasswordAuthPlugin
21/08/2026 - [11:42:47][INFO]: package: mysql.connector.plugins
21/08/2026 - [11:42:47][INFO]: plugin_name: mysql_native_password
21/08/2026 - [11:42:47][INFO]: AUTHENTICATION_PLUGIN_CLASS: MySQLNativePasswordAuthPlugin
21/08/2026 - [11:42:47][INFO]: O banco de dados foi conectado!!!
21/08/2026 - [11:42:47][ERROR]: Houve um erro inesperado ao tentar juntar dados: Can only merge Series or DataFrame objects, a <class 'manipulacao_dados.banco_dados.BancoDados'> was passed
Traceback (most recent call last):
  File "/home/jeremias/Documentos/pasta_de_projetos/Automatizacao _pagamentos_internacionais/manipulacao_planilha/dados_planilha.py", line 40, in juncao_dados
    pandas = pd.merge(
             ^^^^^^^^^
  File "/home/jeremias/Documentos/pasta_de_projetos/Automatizacao _pagamentos_internacionais/.venv/lib/python3.12/site-packages/pandas/core/reshape/merge.py", line 367, in merge
    left_df = _validate_operand(left)
              ^^^^^^^^^^^^^^^^^^^^^^^
  File "/home/jeremias/Documentos/pasta_de_projetos/Automatizacao _pagamentos_internacionais/.venv/lib/python3.12/site-packages/pandas/core/reshape/merge.py", line 3063, in _validate_operand
    raise TypeError(
TypeError: Can only merge Series or DataFrame objects, a <class 'manipulacao_dados.banco_dados.BancoDados'> was passed
21/08/2026 - [11:43:28][INFO]: package: mysql.connector.plugins
21/08/2026 - [11:43:28][INFO]: plugin_name: caching_sha2_password
21/08/2026 - [11:43:28][INFO]: AUTHENTICATION_PLUGIN_CLASS: MySQLCachingSHA2PasswordAuthPlugin
21/08/2026 - [11:43:28][INFO]: package: mysql.connector.plugins
21/08/2026 - [11:43:28][INFO]: plugin_name: mysql_native_password
21/08/2026 - [11:43:28][INFO]: AUTHENTICATION_PLUGIN_CLASS: MySQLNativePasswordAuthPlugin
21/08/2026 - [11:43:28][INFO]: O banco de dados foi conectado!!!
21/08/2026 - [11:43:28][ERROR]: Houve um erro inesperado ao tentar juntar dados: Can only merge Series or DataFrame objects, a <class 'manipulacao_dados.banco_dados.BancoDados'> was passed
Traceback (most recent call last):
  File "/home/jeremias/Documentos/pasta_de_projetos/Automatizacao _pagamentos_internacionais/manipulacao_planilha/dados_planilha.py", line 41, in juncao_dados
    pandas = pd.merge(
             ^^^^^^^^^
  File "/home/jeremias/Documentos/pasta_de_projetos/Automatizacao _pagamentos_internacionais/.venv/lib/python3.12/site-packages/pandas/core/reshape/merge.py", line 367, in merge
    left_df = _validate_operand(left)
              ^^^^^^^^^^^^^^^^^^^^^^^
  File "/home/jeremias/Documentos/pasta_de_projetos/Automatizacao _pagamentos_internacionais/.venv/lib/python3.12/site-packages/pandas/core/reshape/merge.py", line 3063, in _validate_operand
    raise TypeError(
TypeError: Can only merge Series or DataFrame objects, a <class 'manipulacao_dados.banco_dados.BancoDados'> was passed
21/08/2026 - [11:44:52][INFO]: package: mysql.connector.plugins
21/08/2026 - [11:44:52][INFO]: plugin_name: caching_sha2_password
21/08/2026 - [11:44:52][INFO]: AUTHENTICATION_PLUGIN_CLASS: MySQLCachingSHA2PasswordAuthPlugin
21/08/2026 - [11:44:52][INFO]: package: mysql.connector.plugins
21/08/2026 - [11:44:52][INFO]: plugin_name: mysql_native_password
21/08/2026 - [11:44:52][INFO]: AUTHENTICATION_PLUGIN_CLASS: MySQLNativePasswordAuthPlugin
21/08/2026 - [11:44:52][INFO]: O banco de dados foi conectado!!!
21/08/2026 - [11:44:52][ERROR]: Houve um erro inesperado ao tentar juntar dados: Can only merge Series or DataFrame objects, a <class 'list'> was passed
Traceback (most recent call last):
  File "/home/jeremias/Documentos/pasta_de_projetos/Automatizacao _pagamentos_internacionais/manipulacao_planilha/dados_planilha.py", line 42, in juncao_dados
    pandas = pd.merge(
             ^^^^^^^^^
  File "/home/jeremias/Documentos/pasta_de_projetos/Automatizacao _pagamentos_internacionais/.venv/lib/python3.12/site-packages/pandas/core/reshape/merge.py", line 367, in merge
    left_df = _validate_operand(left)
              ^^^^^^^^^^^^^^^^^^^^^^^
  File "/home/jeremias/Documentos/pasta_de_projetos/Automatizacao _pagamentos_internacionais/.venv/lib/python3.12/site-packages/pandas/core/reshape/merge.py", line 3063, in _validate_operand
    raise TypeError(
TypeError: Can only merge Series or DataFrame objects, a <class 'list'> was passed
21/08/2026 - [11:48:06][INFO]: package: mysql.connector.plugins
21/08/2026 - [11:48:06][INFO]: plugin_name: caching_sha2_password
21/08/2026 - [11:48:06][INFO]: AUTHENTICATION_PLUGIN_CLASS: MySQLCachingSHA2PasswordAuthPlugin
21/08/2026 - [11:48:06][INFO]: package: mysql.connector.plugins
21/08/2026 - [11:48:06][INFO]: plugin_name: mysql_native_password
21/08/2026 - [11:48:06][INFO]: AUTHENTICATION_PLUGIN_CLASS: MySQLNativePasswordAuthPlugin
21/08/2026 - [11:48:06][INFO]: O banco de dados foi conectado!!!
21/08/2026 - [11:48:06][ERROR]: Houve um erro inesperado ao tentar juntar dados: DataFrame constructor not properly called!
Traceback (most recent call last):
  File "/home/jeremias/Documentos/pasta_de_projetos/Automatizacao _pagamentos_internacionais/manipulacao_planilha/dados_planilha.py", line 40, in juncao_dados
    sql = pd.DataFrame(self.dados_db)
          ^^^^^^^^^^^^^^^^^^^^^^^^^^^
  File "/home/jeremias/Documentos/pasta_de_projetos/Automatizacao _pagamentos_internacionais/.venv/lib/python3.12/site-packages/pandas/core/frame.py", line 869, in __init__
    raise ValueError("DataFrame constructor not properly called!")
ValueError: DataFrame constructor not properly called!
21/08/2026 - [11:49:39][INFO]: package: mysql.connector.plugins
21/08/2026 - [11:49:39][INFO]: plugin_name: caching_sha2_password
21/08/2026 - [11:49:39][INFO]: AUTHENTICATION_PLUGIN_CLASS: MySQLCachingSHA2PasswordAuthPlugin
21/08/2026 - [11:49:39][INFO]: package: mysql.connector.plugins
21/08/2026 - [11:49:39][INFO]: plugin_name: mysql_native_password
21/08/2026 - [11:49:39][INFO]: AUTHENTICATION_PLUGIN_CLASS: MySQLNativePasswordAuthPlugin
21/08/2026 - [11:49:39][INFO]: O banco de dados foi conectado!!!
21/08/2026 - [11:49:39][ERROR]: Houve um erro inesperado ao tentar juntar dados: DataFrame constructor not properly called!
Traceback (most recent call last):
  File "/home/jeremias/Documentos/pasta_de_projetos/Automatizacao _pagamentos_internacionais/manipulacao_planilha/dados_planilha.py", line 40, in juncao_dados
    sql = pd.DataFrame(self.dados_db)
          ^^^^^^^^^^^^^^^^^^^^^^^^^^^
  File "/home/jeremias/Documentos/pasta_de_projetos/Automatizacao _pagamentos_internacionais/.venv/lib/python3.12/site-packages/pandas/core/frame.py", line 869, in __init__
    raise ValueError("DataFrame constructor not properly called!")
ValueError: DataFrame constructor not properly called!
21/08/2026 - [11:50:01][INFO]: package: mysql.connector.plugins
21/08/2026 - [11:50:01][INFO]: plugin_name: caching_sha2_password
21/08/2026 - [11:50:01][INFO]: AUTHENTICATION_PLUGIN_CLASS: MySQLCachingSHA2PasswordAuthPlugin
21/08/2026 - [11:50:01][INFO]: package: mysql.connector.plugins
21/08/2026 - [11:50:01][INFO]: plugin_name: mysql_native_password
21/08/2026 - [11:50:01][INFO]: AUTHENTICATION_PLUGIN_CLASS: MySQLNativePasswordAuthPlugin
21/08/2026 - [11:50:01][INFO]: O banco de dados foi conectado!!!
21/08/2026 - [11:50:01][ERROR]: Houve um erro inesperado ao tentar juntar dados: DataFrame constructor not properly called!
Traceback (most recent call last):
  File "/home/jeremias/Documentos/pasta_de_projetos/Automatizacao _pagamentos_internacionais/manipulacao_planilha/dados_planilha.py", line 40, in juncao_dados
    sql = pd.DataFrame(str(self.dados_db))
          ^^^^^^^^^^^^^^^^^^^^^^^^^^^^^^^^
  File "/home/jeremias/Documentos/pasta_de_projetos/Automatizacao _pagamentos_internacionais/.venv/lib/python3.12/site-packages/pandas/core/frame.py", line 869, in __init__
    raise ValueError("DataFrame constructor not properly called!")
ValueError: DataFrame constructor not properly called!
21/08/2026 - [11:50:29][INFO]: package: mysql.connector.plugins
21/08/2026 - [11:50:29][INFO]: plugin_name: caching_sha2_password
21/08/2026 - [11:50:29][INFO]: AUTHENTICATION_PLUGIN_CLASS: MySQLCachingSHA2PasswordAuthPlugin
21/08/2026 - [11:50:29][INFO]: package: mysql.connector.plugins
21/08/2026 - [11:50:29][INFO]: plugin_name: mysql_native_password
21/08/2026 - [11:50:29][INFO]: AUTHENTICATION_PLUGIN_CLASS: MySQLNativePasswordAuthPlugin
21/08/2026 - [11:50:29][INFO]: O banco de dados foi conectado!!!
21/08/2026 - [11:50:29][ERROR]: Houve um erro inesperado ao tentar juntar dados: Cannot merge a Series without a name
Traceback (most recent call last):
  File "/home/jeremias/Documentos/pasta_de_projetos/Automatizacao _pagamentos_internacionais/manipulacao_planilha/dados_planilha.py", line 44, in juncao_dados
    pandas = pd.merge(
             ^^^^^^^^^
  File "/home/jeremias/Documentos/pasta_de_projetos/Automatizacao _pagamentos_internacionais/.venv/lib/python3.12/site-packages/pandas/core/reshape/merge.py", line 367, in merge
    left_df = _validate_operand(left)
              ^^^^^^^^^^^^^^^^^^^^^^^
  File "/home/jeremias/Documentos/pasta_de_projetos/Automatizacao _pagamentos_internacionais/.venv/lib/python3.12/site-packages/pandas/core/reshape/merge.py", line 3060, in _validate_operand
    raise ValueError("Cannot merge a Series without a name")
ValueError: Cannot merge a Series without a name
21/08/2026 - [11:51:26][INFO]: package: mysql.connector.plugins
21/08/2026 - [11:51:26][INFO]: plugin_name: caching_sha2_password
21/08/2026 - [11:51:26][INFO]: AUTHENTICATION_PLUGIN_CLASS: MySQLCachingSHA2PasswordAuthPlugin
21/08/2026 - [11:51:26][INFO]: package: mysql.connector.plugins
21/08/2026 - [11:51:26][INFO]: plugin_name: mysql_native_password
21/08/2026 - [11:51:26][INFO]: AUTHENTICATION_PLUGIN_CLASS: MySQLNativePasswordAuthPlugin
21/08/2026 - [11:51:26][INFO]: O banco de dados foi conectado!!!
21/08/2026 - [11:51:26][ERROR]: Houve um erro inesperado ao tentar juntar dados: DataFrame constructor not properly called!
Traceback (most recent call last):
  File "/home/jeremias/Documentos/pasta_de_projetos/Automatizacao _pagamentos_internacionais/manipulacao_planilha/dados_planilha.py", line 40, in juncao_dados
    sql = pd.DataFrame(self.dados_db)
          ^^^^^^^^^^^^^^^^^^^^^^^^^^^
  File "/home/jeremias/Documentos/pasta_de_projetos/Automatizacao _pagamentos_internacionais/.venv/lib/python3.12/site-packages/pandas/core/frame.py", line 869, in __init__
    raise ValueError("DataFrame constructor not properly called!")
ValueError: DataFrame constructor not properly called!
21/08/2026 - [11:52:30][INFO]: package: mysql.connector.plugins
21/08/2026 - [11:52:30][INFO]: plugin_name: caching_sha2_password
21/08/2026 - [11:52:30][INFO]: AUTHENTICATION_PLUGIN_CLASS: MySQLCachingSHA2PasswordAuthPlugin
21/08/2026 - [11:52:30][INFO]: package: mysql.connector.plugins
21/08/2026 - [11:52:30][INFO]: plugin_name: mysql_native_password
21/08/2026 - [11:52:30][INFO]: AUTHENTICATION_PLUGIN_CLASS: MySQLNativePasswordAuthPlugin
21/08/2026 - [11:52:30][INFO]: O banco de dados foi conectado!!!
21/08/2026 - [11:52:30][ERROR]: Houve um erro inesperado ao tentar juntar dados: 'Proprietario'
Traceback (most recent call last):
  File "/home/jeremias/Documentos/pasta_de_projetos/Automatizacao _pagamentos_internacionais/manipulacao_planilha/dados_planilha.py", line 44, in juncao_dados
    pandas = pd.merge(
             ^^^^^^^^^
  File "/home/jeremias/Documentos/pasta_de_projetos/Automatizacao _pagamentos_internacionais/.venv/lib/python3.12/site-packages/pandas/core/reshape/merge.py", line 385, in merge
    op = _MergeOperation(
         ^^^^^^^^^^^^^^^^
  File "/home/jeremias/Documentos/pasta_de_projetos/Automatizacao _pagamentos_internacionais/.venv/lib/python3.12/site-packages/pandas/core/reshape/merge.py", line 1018, in __init__
    ) = self._get_merge_keys()
        ^^^^^^^^^^^^^^^^^^^^^^
  File "/home/jeremias/Documentos/pasta_de_projetos/Automatizacao _pagamentos_internacionais/.venv/lib/python3.12/site-packages/pandas/core/reshape/merge.py", line 1620, in _get_merge_keys
    right_keys.append(right._get_label_or_level_values(rk))
                      ^^^^^^^^^^^^^^^^^^^^^^^^^^^^^^^^^^^^
  File "/home/jeremias/Documentos/pasta_de_projetos/Automatizacao _pagamentos_internacionais/.venv/lib/python3.12/site-packages/pandas/core/generic.py", line 1764, in _get_label_or_level_values
    raise KeyError(key)
KeyError: 'Proprietario'
21/08/2026 - [11:55:34][INFO]: package: mysql.connector.plugins
21/08/2026 - [11:55:34][INFO]: plugin_name: caching_sha2_password
21/08/2026 - [11:55:34][INFO]: AUTHENTICATION_PLUGIN_CLASS: MySQLCachingSHA2PasswordAuthPlugin
21/08/2026 - [11:55:34][INFO]: package: mysql.connector.plugins
21/08/2026 - [11:55:34][INFO]: plugin_name: mysql_native_password
21/08/2026 - [11:55:34][INFO]: AUTHENTICATION_PLUGIN_CLASS: MySQLNativePasswordAuthPlugin
21/08/2026 - [11:55:34][INFO]: O banco de dados foi conectado!!!
21/08/2026 - [11:55:34][ERROR]: Houve um erro inesperado ao tentar juntar dados: 'Proprietario'
Traceback (most recent call last):
  File "/home/jeremias/Documentos/pasta_de_projetos/Automatizacao _pagamentos_internacionais/manipulacao_planilha/dados_planilha.py", line 44, in juncao_dados
    pandas = pd.merge(
             ^^^^^^^^^
  File "/home/jeremias/Documentos/pasta_de_projetos/Automatizacao _pagamentos_internacionais/.venv/lib/python3.12/site-packages/pandas/core/reshape/merge.py", line 385, in merge
    op = _MergeOperation(
         ^^^^^^^^^^^^^^^^
  File "/home/jeremias/Documentos/pasta_de_projetos/Automatizacao _pagamentos_internacionais/.venv/lib/python3.12/site-packages/pandas/core/reshape/merge.py", line 1018, in __init__
    ) = self._get_merge_keys()
        ^^^^^^^^^^^^^^^^^^^^^^
  File "/home/jeremias/Documentos/pasta_de_projetos/Automatizacao _pagamentos_internacionais/.venv/lib/python3.12/site-packages/pandas/core/reshape/merge.py", line 1633, in _get_merge_keys
    left_keys.append(left._get_label_or_level_values(lk))
                     ^^^^^^^^^^^^^^^^^^^^^^^^^^^^^^^^^^^
  File "/home/jeremias/Documentos/pasta_de_projetos/Automatizacao _pagamentos_internacionais/.venv/lib/python3.12/site-packages/pandas/core/generic.py", line 1764, in _get_label_or_level_values
    raise KeyError(key)
KeyError: 'Proprietario'
21/08/2026 - [11:55:54][INFO]: package: mysql.connector.plugins
21/08/2026 - [11:55:54][INFO]: plugin_name: caching_sha2_password
21/08/2026 - [11:55:54][INFO]: AUTHENTICATION_PLUGIN_CLASS: MySQLCachingSHA2PasswordAuthPlugin
21/08/2026 - [11:55:54][INFO]: package: mysql.connector.plugins
21/08/2026 - [11:55:54][INFO]: plugin_name: mysql_native_password
21/08/2026 - [11:55:54][INFO]: AUTHENTICATION_PLUGIN_CLASS: MySQLNativePasswordAuthPlugin
21/08/2026 - [11:55:54][INFO]: O banco de dados foi conectado!!!
21/08/2026 - [11:55:54][ERROR]: Houve um erro inesperado ao tentar juntar dados: 'Proprietario'
Traceback (most recent call last):
  File "/home/jeremias/Documentos/pasta_de_projetos/Automatizacao _pagamentos_internacionais/manipulacao_planilha/dados_planilha.py", line 44, in juncao_dados
    pandas = pd.merge(
             ^^^^^^^^^
  File "/home/jeremias/Documentos/pasta_de_projetos/Automatizacao _pagamentos_internacionais/.venv/lib/python3.12/site-packages/pandas/core/reshape/merge.py", line 385, in merge
    op = _MergeOperation(
         ^^^^^^^^^^^^^^^^
  File "/home/jeremias/Documentos/pasta_de_projetos/Automatizacao _pagamentos_internacionais/.venv/lib/python3.12/site-packages/pandas/core/reshape/merge.py", line 1018, in __init__
    ) = self._get_merge_keys()
        ^^^^^^^^^^^^^^^^^^^^^^
  File "/home/jeremias/Documentos/pasta_de_projetos/Automatizacao _pagamentos_internacionais/.venv/lib/python3.12/site-packages/pandas/core/reshape/merge.py", line 1633, in _get_merge_keys
    left_keys.append(left._get_label_or_level_values(lk))
                     ^^^^^^^^^^^^^^^^^^^^^^^^^^^^^^^^^^^
  File "/home/jeremias/Documentos/pasta_de_projetos/Automatizacao _pagamentos_internacionais/.venv/lib/python3.12/site-packages/pandas/core/generic.py", line 1764, in _get_label_or_level_values
    raise KeyError(key)
KeyError: 'Proprietario'
21/08/2026 - [11:56:08][INFO]: package: mysql.connector.plugins
21/08/2026 - [11:56:08][INFO]: plugin_name: caching_sha2_password
21/08/2026 - [11:56:08][INFO]: AUTHENTICATION_PLUGIN_CLASS: MySQLCachingSHA2PasswordAuthPlugin
21/08/2026 - [11:56:08][INFO]: package: mysql.connector.plugins
21/08/2026 - [11:56:08][INFO]: plugin_name: mysql_native_password
21/08/2026 - [11:56:08][INFO]: AUTHENTICATION_PLUGIN_CLASS: MySQLNativePasswordAuthPlugin
21/08/2026 - [11:56:08][INFO]: O banco de dados foi conectado!!!
21/08/2026 - [11:56:08][ERROR]: Houve um erro inesperado ao tentar juntar dados: 'Proprietario '
Traceback (most recent call last):
  File "/home/jeremias/Documentos/pasta_de_projetos/Automatizacao _pagamentos_internacionais/manipulacao_planilha/dados_planilha.py", line 44, in juncao_dados
    pandas = pd.merge(
             ^^^^^^^^^
  File "/home/jeremias/Documentos/pasta_de_projetos/Automatizacao _pagamentos_internacionais/.venv/lib/python3.12/site-packages/pandas/core/reshape/merge.py", line 385, in merge
    op = _MergeOperation(
         ^^^^^^^^^^^^^^^^
  File "/home/jeremias/Documentos/pasta_de_projetos/Automatizacao _pagamentos_internacionais/.venv/lib/python3.12/site-packages/pandas/core/reshape/merge.py", line 1018, in __init__
    ) = self._get_merge_keys()
        ^^^^^^^^^^^^^^^^^^^^^^
  File "/home/jeremias/Documentos/pasta_de_projetos/Automatizacao _pagamentos_internacionais/.venv/lib/python3.12/site-packages/pandas/core/reshape/merge.py", line 1620, in _get_merge_keys
    right_keys.append(right._get_label_or_level_values(rk))
                      ^^^^^^^^^^^^^^^^^^^^^^^^^^^^^^^^^^^^
  File "/home/jeremias/Documentos/pasta_de_projetos/Automatizacao _pagamentos_internacionais/.venv/lib/python3.12/site-packages/pandas/core/generic.py", line 1764, in _get_label_or_level_values
    raise KeyError(key)
KeyError: 'Proprietario '
21/08/2026 - [11:57:02][INFO]: package: mysql.connector.plugins
21/08/2026 - [11:57:02][INFO]: plugin_name: caching_sha2_password
21/08/2026 - [11:57:02][INFO]: AUTHENTICATION_PLUGIN_CLASS: MySQLCachingSHA2PasswordAuthPlugin
21/08/2026 - [11:57:02][INFO]: package: mysql.connector.plugins
21/08/2026 - [11:57:02][INFO]: plugin_name: mysql_native_password
21/08/2026 - [11:57:02][INFO]: AUTHENTICATION_PLUGIN_CLASS: MySQLNativePasswordAuthPlugin
21/08/2026 - [11:57:02][INFO]: O banco de dados foi conectado!!!
21/08/2026 - [11:57:02][ERROR]: Houve um erro inesperado ao tentar juntar dados: 'rigth' is not a valid Merge type: left, right, inner, outer, left_anti, right_anti, cross, asof
Traceback (most recent call last):
  File "/home/jeremias/Documentos/pasta_de_projetos/Automatizacao _pagamentos_internacionais/manipulacao_planilha/dados_planilha.py", line 44, in juncao_dados
    pandas = pd.merge(
             ^^^^^^^^^
  File "/home/jeremias/Documentos/pasta_de_projetos/Automatizacao _pagamentos_internacionais/.venv/lib/python3.12/site-packages/pandas/core/reshape/merge.py", line 385, in merge
    op = _MergeOperation(
         ^^^^^^^^^^^^^^^^
  File "/home/jeremias/Documentos/pasta_de_projetos/Automatizacao _pagamentos_internacionais/.venv/lib/python3.12/site-packages/pandas/core/reshape/merge.py", line 980, in __init__
    self.how, self.anti_join = self._validate_how(how)
                               ^^^^^^^^^^^^^^^^^^^^^^^
  File "/home/jeremias/Documentos/pasta_de_projetos/Automatizacao _pagamentos_internacionais/.venv/lib/python3.12/site-packages/pandas/core/reshape/merge.py", line 1059, in _validate_how
    raise ValueError(
ValueError: 'rigth' is not a valid Merge type: left, right, inner, outer, left_anti, right_anti, cross, asof
21/08/2026 - [11:57:18][INFO]: package: mysql.connector.plugins
21/08/2026 - [11:57:18][INFO]: plugin_name: caching_sha2_password
21/08/2026 - [11:57:18][INFO]: AUTHENTICATION_PLUGIN_CLASS: MySQLCachingSHA2PasswordAuthPlugin
21/08/2026 - [11:57:18][INFO]: package: mysql.connector.plugins
21/08/2026 - [11:57:18][INFO]: plugin_name: mysql_native_password
21/08/2026 - [11:57:18][INFO]: AUTHENTICATION_PLUGIN_CLASS: MySQLNativePasswordAuthPlugin
21/08/2026 - [11:57:18][INFO]: O banco de dados foi conectado!!!
21/08/2026 - [11:57:18][ERROR]: Houve um erro inesperado ao tentar juntar dados: 'Proprietario'
Traceback (most recent call last):
  File "/home/jeremias/Documentos/pasta_de_projetos/Automatizacao _pagamentos_internacionais/manipulacao_planilha/dados_planilha.py", line 44, in juncao_dados
    pandas = pd.merge(
             ^^^^^^^^^
  File "/home/jeremias/Documentos/pasta_de_projetos/Automatizacao _pagamentos_internacionais/.venv/lib/python3.12/site-packages/pandas/core/reshape/merge.py", line 385, in merge
    op = _MergeOperation(
         ^^^^^^^^^^^^^^^^
  File "/home/jeremias/Documentos/pasta_de_projetos/Automatizacao _pagamentos_internacionais/.venv/lib/python3.12/site-packages/pandas/core/reshape/merge.py", line 1018, in __init__
    ) = self._get_merge_keys()
        ^^^^^^^^^^^^^^^^^^^^^^
  File "/home/jeremias/Documentos/pasta_de_projetos/Automatizacao _pagamentos_internacionais/.venv/lib/python3.12/site-packages/pandas/core/reshape/merge.py", line 1633, in _get_merge_keys
    left_keys.append(left._get_label_or_level_values(lk))
                     ^^^^^^^^^^^^^^^^^^^^^^^^^^^^^^^^^^^
  File "/home/jeremias/Documentos/pasta_de_projetos/Automatizacao _pagamentos_internacionais/.venv/lib/python3.12/site-packages/pandas/core/generic.py", line 1764, in _get_label_or_level_values
    raise KeyError(key)
KeyError: 'Proprietario'
21/08/2026 - [11:58:45][INFO]: package: mysql.connector.plugins
21/08/2026 - [11:58:45][INFO]: plugin_name: caching_sha2_password
21/08/2026 - [11:58:45][INFO]: AUTHENTICATION_PLUGIN_CLASS: MySQLCachingSHA2PasswordAuthPlugin
21/08/2026 - [11:58:45][INFO]: package: mysql.connector.plugins
21/08/2026 - [11:58:45][INFO]: plugin_name: mysql_native_password
21/08/2026 - [11:58:45][INFO]: AUTHENTICATION_PLUGIN_CLASS: MySQLNativePasswordAuthPlugin
21/08/2026 - [11:58:45][INFO]: O banco de dados foi conectado!!!
21/08/2026 - [11:58:45][ERROR]: Houve um erro inesperado ao tentar juntar dados: 'Proprietario'
Traceback (most recent call last):
  File "/home/jeremias/Documentos/pasta_de_projetos/Automatizacao _pagamentos_internacionais/manipulacao_planilha/dados_planilha.py", line 44, in juncao_dados
    pandas = pd.merge(
             ^^^^^^^^^
  File "/home/jeremias/Documentos/pasta_de_projetos/Automatizacao _pagamentos_internacionais/.venv/lib/python3.12/site-packages/pandas/core/reshape/merge.py", line 385, in merge
    op = _MergeOperation(
         ^^^^^^^^^^^^^^^^
  File "/home/jeremias/Documentos/pasta_de_projetos/Automatizacao _pagamentos_internacionais/.venv/lib/python3.12/site-packages/pandas/core/reshape/merge.py", line 1018, in __init__
    ) = self._get_merge_keys()
        ^^^^^^^^^^^^^^^^^^^^^^
  File "/home/jeremias/Documentos/pasta_de_projetos/Automatizacao _pagamentos_internacionais/.venv/lib/python3.12/site-packages/pandas/core/reshape/merge.py", line 1633, in _get_merge_keys
    left_keys.append(left._get_label_or_level_values(lk))
                     ^^^^^^^^^^^^^^^^^^^^^^^^^^^^^^^^^^^
  File "/home/jeremias/Documentos/pasta_de_projetos/Automatizacao _pagamentos_internacionais/.venv/lib/python3.12/site-packages/pandas/core/generic.py", line 1764, in _get_label_or_level_values
    raise KeyError(key)
KeyError: 'Proprietario'
21/08/2026 - [11:58:55][INFO]: package: mysql.connector.plugins
21/08/2026 - [11:58:55][INFO]: plugin_name: caching_sha2_password
21/08/2026 - [11:58:55][INFO]: AUTHENTICATION_PLUGIN_CLASS: MySQLCachingSHA2PasswordAuthPlugin
21/08/2026 - [11:58:55][INFO]: package: mysql.connector.plugins
21/08/2026 - [11:58:55][INFO]: plugin_name: mysql_native_password
21/08/2026 - [11:58:55][INFO]: AUTHENTICATION_PLUGIN_CLASS: MySQLNativePasswordAuthPlugin
21/08/2026 - [11:58:55][INFO]: O banco de dados foi conectado!!!
21/08/2026 - [11:58:55][ERROR]: Houve um erro inesperado ao tentar juntar dados: 'Proprietario'
Traceback (most recent call last):
  File "/home/jeremias/Documentos/pasta_de_projetos/Automatizacao _pagamentos_internacionais/manipulacao_planilha/dados_planilha.py", line 44, in juncao_dados
    pandas = pd.merge(
             ^^^^^^^^^
  File "/home/jeremias/Documentos/pasta_de_projetos/Automatizacao _pagamentos_internacionais/.venv/lib/python3.12/site-packages/pandas/core/reshape/merge.py", line 385, in merge
    op = _MergeOperation(
         ^^^^^^^^^^^^^^^^
  File "/home/jeremias/Documentos/pasta_de_projetos/Automatizacao _pagamentos_internacionais/.venv/lib/python3.12/site-packages/pandas/core/reshape/merge.py", line 1018, in __init__
    ) = self._get_merge_keys()
        ^^^^^^^^^^^^^^^^^^^^^^
  File "/home/jeremias/Documentos/pasta_de_projetos/Automatizacao _pagamentos_internacionais/.venv/lib/python3.12/site-packages/pandas/core/reshape/merge.py", line 1633, in _get_merge_keys
    left_keys.append(left._get_label_or_level_values(lk))
                     ^^^^^^^^^^^^^^^^^^^^^^^^^^^^^^^^^^^
  File "/home/jeremias/Documentos/pasta_de_projetos/Automatizacao _pagamentos_internacionais/.venv/lib/python3.12/site-packages/pandas/core/generic.py", line 1764, in _get_label_or_level_values
    raise KeyError(key)
KeyError: 'Proprietario'
21/08/2026 - [11:59:13][INFO]: package: mysql.connector.plugins
21/08/2026 - [11:59:13][INFO]: plugin_name: caching_sha2_password
21/08/2026 - [11:59:13][INFO]: AUTHENTICATION_PLUGIN_CLASS: MySQLCachingSHA2PasswordAuthPlugin
21/08/2026 - [11:59:13][INFO]: package: mysql.connector.plugins
21/08/2026 - [11:59:13][INFO]: plugin_name: mysql_native_password
21/08/2026 - [11:59:13][INFO]: AUTHENTICATION_PLUGIN_CLASS: MySQLNativePasswordAuthPlugin
21/08/2026 - [11:59:13][INFO]: O banco de dados foi conectado!!!
21/08/2026 - [11:59:13][ERROR]: Houve um erro inesperado ao tentar juntar dados: 'Proprietario'
Traceback (most recent call last):
  File "/home/jeremias/Documentos/pasta_de_projetos/Automatizacao _pagamentos_internacionais/manipulacao_planilha/dados_planilha.py", line 44, in juncao_dados
    pandas = pd.merge(
             ^^^^^^^^^
  File "/home/jeremias/Documentos/pasta_de_projetos/Automatizacao _pagamentos_internacionais/.venv/lib/python3.12/site-packages/pandas/core/reshape/merge.py", line 385, in merge
    op = _MergeOperation(
         ^^^^^^^^^^^^^^^^
  File "/home/jeremias/Documentos/pasta_de_projetos/Automatizacao _pagamentos_internacionais/.venv/lib/python3.12/site-packages/pandas/core/reshape/merge.py", line 1018, in __init__
    ) = self._get_merge_keys()
        ^^^^^^^^^^^^^^^^^^^^^^
  File "/home/jeremias/Documentos/pasta_de_projetos/Automatizacao _pagamentos_internacionais/.venv/lib/python3.12/site-packages/pandas/core/reshape/merge.py", line 1633, in _get_merge_keys
    left_keys.append(left._get_label_or_level_values(lk))
                     ^^^^^^^^^^^^^^^^^^^^^^^^^^^^^^^^^^^
  File "/home/jeremias/Documentos/pasta_de_projetos/Automatizacao _pagamentos_internacionais/.venv/lib/python3.12/site-packages/pandas/core/generic.py", line 1764, in _get_label_or_level_values
    raise KeyError(key)
KeyError: 'Proprietario'
21/08/2026 - [11:59:38][INFO]: package: mysql.connector.plugins
21/08/2026 - [11:59:38][INFO]: plugin_name: caching_sha2_password
21/08/2026 - [11:59:38][INFO]: AUTHENTICATION_PLUGIN_CLASS: MySQLCachingSHA2PasswordAuthPlugin
21/08/2026 - [11:59:38][INFO]: package: mysql.connector.plugins
21/08/2026 - [11:59:38][INFO]: plugin_name: mysql_native_password
21/08/2026 - [11:59:38][INFO]: AUTHENTICATION_PLUGIN_CLASS: MySQLNativePasswordAuthPlugin
21/08/2026 - [11:59:38][INFO]: O banco de dados foi conectado!!!
21/08/2026 - [11:59:38][ERROR]: Houve um erro inesperado ao tentar juntar dados: 'Proprietario'
Traceback (most recent call last):
  File "/home/jeremias/Documentos/pasta_de_projetos/Automatizacao _pagamentos_internacionais/manipulacao_planilha/dados_planilha.py", line 44, in juncao_dados
    pandas = pd.merge(
             ^^^^^^^^^
  File "/home/jeremias/Documentos/pasta_de_projetos/Automatizacao _pagamentos_internacionais/.venv/lib/python3.12/site-packages/pandas/core/reshape/merge.py", line 385, in merge
    op = _MergeOperation(
         ^^^^^^^^^^^^^^^^
  File "/home/jeremias/Documentos/pasta_de_projetos/Automatizacao _pagamentos_internacionais/.venv/lib/python3.12/site-packages/pandas/core/reshape/merge.py", line 1018, in __init__
    ) = self._get_merge_keys()
        ^^^^^^^^^^^^^^^^^^^^^^
  File "/home/jeremias/Documentos/pasta_de_projetos/Automatizacao _pagamentos_internacionais/.venv/lib/python3.12/site-packages/pandas/core/reshape/merge.py", line 1633, in _get_merge_keys
    left_keys.append(left._get_label_or_level_values(lk))
                     ^^^^^^^^^^^^^^^^^^^^^^^^^^^^^^^^^^^
  File "/home/jeremias/Documentos/pasta_de_projetos/Automatizacao _pagamentos_internacionais/.venv/lib/python3.12/site-packages/pandas/core/generic.py", line 1764, in _get_label_or_level_values
    raise KeyError(key)
KeyError: 'Proprietario'
21/08/2026 - [13:05:50][INFO]: package: mysql.connector.plugins
21/08/2026 - [13:05:50][INFO]: plugin_name: caching_sha2_password
21/08/2026 - [13:05:50][INFO]: AUTHENTICATION_PLUGIN_CLASS: MySQLCachingSHA2PasswordAuthPlugin
21/08/2026 - [13:05:50][INFO]: package: mysql.connector.plugins
21/08/2026 - [13:05:50][INFO]: plugin_name: mysql_native_password
21/08/2026 - [13:05:51][INFO]: AUTHENTICATION_PLUGIN_CLASS: MySQLNativePasswordAuthPlugin
21/08/2026 - [13:05:51][INFO]: O banco de dados foi conectado!!!
21/08/2026 - [13:05:51][ERROR]: Houve um erro inesperado ao tentar juntar dados: DataFrame constructor not properly called!
Traceback (most recent call last):
  File "/home/jeremias/Documentos/pasta_de_projetos/Automatizacao _pagamentos_internacionais/manipulacao_planilha/dados_planilha.py", line 40, in juncao_dados
    sql = pd.DataFrame(dados)
          ^^^^^^^^^^^^^^^^^^^
  File "/home/jeremias/Documentos/pasta_de_projetos/Automatizacao _pagamentos_internacionais/.venv/lib/python3.12/site-packages/pandas/core/frame.py", line 869, in __init__
    raise ValueError("DataFrame constructor not properly called!")
ValueError: DataFrame constructor not properly called!
21/08/2026 - [13:06:44][INFO]: package: mysql.connector.plugins
21/08/2026 - [13:06:44][INFO]: plugin_name: caching_sha2_password
21/08/2026 - [13:06:44][INFO]: AUTHENTICATION_PLUGIN_CLASS: MySQLCachingSHA2PasswordAuthPlugin
21/08/2026 - [13:06:44][INFO]: package: mysql.connector.plugins
21/08/2026 - [13:06:44][INFO]: plugin_name: mysql_native_password
21/08/2026 - [13:06:44][INFO]: AUTHENTICATION_PLUGIN_CLASS: MySQLNativePasswordAuthPlugin
21/08/2026 - [13:06:44][INFO]: O banco de dados foi conectado!!!
21/08/2026 - [13:06:44][ERROR]: Houve um erro inesperado ao tentar juntar dados: 'Proprietario'
Traceback (most recent call last):
  File "/home/jeremias/Documentos/pasta_de_projetos/Automatizacao _pagamentos_internacionais/manipulacao_planilha/dados_planilha.py", line 44, in juncao_dados
    pandas = pd.merge(
             ^^^^^^^^^
  File "/home/jeremias/Documentos/pasta_de_projetos/Automatizacao _pagamentos_internacionais/.venv/lib/python3.12/site-packages/pandas/core/reshape/merge.py", line 385, in merge
    op = _MergeOperation(
         ^^^^^^^^^^^^^^^^
  File "/home/jeremias/Documentos/pasta_de_projetos/Automatizacao _pagamentos_internacionais/.venv/lib/python3.12/site-packages/pandas/core/reshape/merge.py", line 1018, in __init__
    ) = self._get_merge_keys()
        ^^^^^^^^^^^^^^^^^^^^^^
  File "/home/jeremias/Documentos/pasta_de_projetos/Automatizacao _pagamentos_internacionais/.venv/lib/python3.12/site-packages/pandas/core/reshape/merge.py", line 1633, in _get_merge_keys
    left_keys.append(left._get_label_or_level_values(lk))
                     ^^^^^^^^^^^^^^^^^^^^^^^^^^^^^^^^^^^
  File "/home/jeremias/Documentos/pasta_de_projetos/Automatizacao _pagamentos_internacionais/.venv/lib/python3.12/site-packages/pandas/core/generic.py", line 1764, in _get_label_or_level_values
    raise KeyError(key)
KeyError: 'Proprietario'
21/08/2026 - [13:07:09][INFO]: package: mysql.connector.plugins
21/08/2026 - [13:07:09][INFO]: plugin_name: caching_sha2_password
21/08/2026 - [13:07:09][INFO]: AUTHENTICATION_PLUGIN_CLASS: MySQLCachingSHA2PasswordAuthPlugin
21/08/2026 - [13:07:09][INFO]: package: mysql.connector.plugins
21/08/2026 - [13:07:09][INFO]: plugin_name: mysql_native_password
21/08/2026 - [13:07:09][INFO]: AUTHENTICATION_PLUGIN_CLASS: MySQLNativePasswordAuthPlugin
21/08/2026 - [13:07:09][INFO]: O banco de dados foi conectado!!!
21/08/2026 - [13:07:09][ERROR]: Houve um erro inesperado ao tentar juntar dados: Can only merge Series or DataFrame objects, a <class 'list'> was passed
Traceback (most recent call last):
  File "/home/jeremias/Documentos/pasta_de_projetos/Automatizacao _pagamentos_internacionais/manipulacao_planilha/dados_planilha.py", line 44, in juncao_dados
    pandas = pd.merge(
             ^^^^^^^^^
  File "/home/jeremias/Documentos/pasta_de_projetos/Automatizacao _pagamentos_internacionais/.venv/lib/python3.12/site-packages/pandas/core/reshape/merge.py", line 367, in merge
    left_df = _validate_operand(left)
              ^^^^^^^^^^^^^^^^^^^^^^^
  File "/home/jeremias/Documentos/pasta_de_projetos/Automatizacao _pagamentos_internacionais/.venv/lib/python3.12/site-packages/pandas/core/reshape/merge.py", line 3063, in _validate_operand
    raise TypeError(
TypeError: Can only merge Series or DataFrame objects, a <class 'list'> was passed
21/08/2026 - [13:07:42][INFO]: package: mysql.connector.plugins
21/08/2026 - [13:07:42][INFO]: plugin_name: caching_sha2_password
21/08/2026 - [13:07:42][INFO]: AUTHENTICATION_PLUGIN_CLASS: MySQLCachingSHA2PasswordAuthPlugin
21/08/2026 - [13:07:42][INFO]: package: mysql.connector.plugins
21/08/2026 - [13:07:42][INFO]: plugin_name: mysql_native_password
21/08/2026 - [13:07:42][INFO]: AUTHENTICATION_PLUGIN_CLASS: MySQLNativePasswordAuthPlugin
21/08/2026 - [13:07:42][INFO]: O banco de dados foi conectado!!!
21/08/2026 - [13:07:42][ERROR]: Houve um erro inesperado ao tentar juntar dados: Cannot merge a Series without a name
Traceback (most recent call last):
  File "/home/jeremias/Documentos/pasta_de_projetos/Automatizacao _pagamentos_internacionais/manipulacao_planilha/dados_planilha.py", line 44, in juncao_dados
    pandas = pd.merge(
             ^^^^^^^^^
  File "/home/jeremias/Documentos/pasta_de_projetos/Automatizacao _pagamentos_internacionais/.venv/lib/python3.12/site-packages/pandas/core/reshape/merge.py", line 367, in merge
    left_df = _validate_operand(left)
              ^^^^^^^^^^^^^^^^^^^^^^^
  File "/home/jeremias/Documentos/pasta_de_projetos/Automatizacao _pagamentos_internacionais/.venv/lib/python3.12/site-packages/pandas/core/reshape/merge.py", line 3060, in _validate_operand
    raise ValueError("Cannot merge a Series without a name")
ValueError: Cannot merge a Series without a name
21/08/2026 - [13:08:45][INFO]: package: mysql.connector.plugins
21/08/2026 - [13:08:45][INFO]: plugin_name: caching_sha2_password
21/08/2026 - [13:08:45][INFO]: AUTHENTICATION_PLUGIN_CLASS: MySQLCachingSHA2PasswordAuthPlugin
21/08/2026 - [13:08:45][INFO]: package: mysql.connector.plugins
21/08/2026 - [13:08:45][INFO]: plugin_name: mysql_native_password
21/08/2026 - [13:08:45][INFO]: AUTHENTICATION_PLUGIN_CLASS: MySQLNativePasswordAuthPlugin
21/08/2026 - [13:08:45][INFO]: O banco de dados foi conectado!!!
21/08/2026 - [13:08:45][ERROR]: Houve um erro inesperado ao tentar juntar dados: Cannot merge a Series without a name
Traceback (most recent call last):
  File "/home/jeremias/Documentos/pasta_de_projetos/Automatizacao _pagamentos_internacionais/manipulacao_planilha/dados_planilha.py", line 44, in juncao_dados
    pandas = pd.merge(
             ^^^^^^^^^
  File "/home/jeremias/Documentos/pasta_de_projetos/Automatizacao _pagamentos_internacionais/.venv/lib/python3.12/site-packages/pandas/core/reshape/merge.py", line 367, in merge
    left_df = _validate_operand(left)
              ^^^^^^^^^^^^^^^^^^^^^^^
  File "/home/jeremias/Documentos/pasta_de_projetos/Automatizacao _pagamentos_internacionais/.venv/lib/python3.12/site-packages/pandas/core/reshape/merge.py", line 3060, in _validate_operand
    raise ValueError("Cannot merge a Series without a name")
ValueError: Cannot merge a Series without a name
21/08/2026 - [13:11:36][INFO]: package: mysql.connector.plugins
21/08/2026 - [13:11:36][INFO]: plugin_name: caching_sha2_password
21/08/2026 - [13:11:36][INFO]: AUTHENTICATION_PLUGIN_CLASS: MySQLCachingSHA2PasswordAuthPlugin
21/08/2026 - [13:11:36][INFO]: package: mysql.connector.plugins
21/08/2026 - [13:11:36][INFO]: plugin_name: mysql_native_password
21/08/2026 - [13:11:36][INFO]: AUTHENTICATION_PLUGIN_CLASS: MySQLNativePasswordAuthPlugin
21/08/2026 - [13:11:36][INFO]: O banco de dados foi conectado!!!
21/08/2026 - [13:11:36][ERROR]: Houve um erro inesperado ao tentar juntar dados: Query must be a string unless using sqlalchemy.
Traceback (most recent call last):
  File "/home/jeremias/Documentos/pasta_de_projetos/Automatizacao _pagamentos_internacionais/manipulacao_planilha/dados_planilha.py", line 39, in juncao_dados
    sql = pd.read_sql(self.dados_db, self.dados_db.conexao)
          ^^^^^^^^^^^^^^^^^^^^^^^^^^^^^^^^^^^^^^^^^^^^^^^^^
  File "/home/jeremias/Documentos/pasta_de_projetos/Automatizacao _pagamentos_internacionais/.venv/lib/python3.12/site-packages/pandas/io/sql.py", line 702, in read_sql
    return pandas_sql.read_query(
           ^^^^^^^^^^^^^^^^^^^^^^
  File "/home/jeremias/Documentos/pasta_de_projetos/Automatizacao _pagamentos_internacionais/.venv/lib/python3.12/site-packages/pandas/io/sql.py", line 2809, in read_query
    cursor = self.execute(sql, params)
             ^^^^^^^^^^^^^^^^^^^^^^^^^
  File "/home/jeremias/Documentos/pasta_de_projetos/Automatizacao _pagamentos_internacionais/.venv/lib/python3.12/site-packages/pandas/io/sql.py", line 2741, in execute
    raise TypeError("Query must be a string unless using sqlalchemy.")
TypeError: Query must be a string unless using sqlalchemy.
21/08/2026 - [13:13:03][INFO]: package: mysql.connector.plugins
21/08/2026 - [13:13:03][INFO]: plugin_name: caching_sha2_password
21/08/2026 - [13:13:03][INFO]: AUTHENTICATION_PLUGIN_CLASS: MySQLCachingSHA2PasswordAuthPlugin
21/08/2026 - [13:13:03][INFO]: package: mysql.connector.plugins
21/08/2026 - [13:13:03][INFO]: plugin_name: mysql_native_password
21/08/2026 - [13:13:03][INFO]: AUTHENTICATION_PLUGIN_CLASS: MySQLNativePasswordAuthPlugin
21/08/2026 - [13:13:03][INFO]: O banco de dados foi conectado!!!
21/08/2026 - [13:13:03][ERROR]: Houve um erro inesperado ao tentar juntar dados: Query must be a string unless using sqlalchemy.
Traceback (most recent call last):
  File "/home/jeremias/Documentos/pasta_de_projetos/Automatizacao _pagamentos_internacionais/manipulacao_planilha/dados_planilha.py", line 39, in juncao_dados
    sql = pd.read_sql(self.dados_db, self.dados_db.conexao)
          ^^^^^^^^^^^^^^^^^^^^^^^^^^^^^^^^^^^^^^^^^^^^^^^^^
  File "/home/jeremias/Documentos/pasta_de_projetos/Automatizacao _pagamentos_internacionais/.venv/lib/python3.12/site-packages/pandas/io/sql.py", line 702, in read_sql
    return pandas_sql.read_query(
           ^^^^^^^^^^^^^^^^^^^^^^
  File "/home/jeremias/Documentos/pasta_de_projetos/Automatizacao _pagamentos_internacionais/.venv/lib/python3.12/site-packages/pandas/io/sql.py", line 2809, in read_query
    cursor = self.execute(sql, params)
             ^^^^^^^^^^^^^^^^^^^^^^^^^
  File "/home/jeremias/Documentos/pasta_de_projetos/Automatizacao _pagamentos_internacionais/.venv/lib/python3.12/site-packages/pandas/io/sql.py", line 2741, in execute
    raise TypeError("Query must be a string unless using sqlalchemy.")
TypeError: Query must be a string unless using sqlalchemy.
21/08/2026 - [13:13:48][INFO]: package: mysql.connector.plugins
21/08/2026 - [13:13:48][INFO]: plugin_name: caching_sha2_password
21/08/2026 - [13:13:48][INFO]: AUTHENTICATION_PLUGIN_CLASS: MySQLCachingSHA2PasswordAuthPlugin
21/08/2026 - [13:13:48][INFO]: package: mysql.connector.plugins
21/08/2026 - [13:13:48][INFO]: plugin_name: mysql_native_password
21/08/2026 - [13:13:48][INFO]: AUTHENTICATION_PLUGIN_CLASS: MySQLNativePasswordAuthPlugin
21/08/2026 - [13:13:48][INFO]: O banco de dados foi conectado!!!
21/08/2026 - [13:13:49][INFO]: O banco de dados foi conectado!!!
21/08/2026 - [13:13:49][ERROR]: Houve um erro inesperado ao tentar juntar dados: Query must be a string unless using sqlalchemy.
Traceback (most recent call last):
  File "/home/jeremias/Documentos/pasta_de_projetos/Automatizacao _pagamentos_internacionais/manipulacao_planilha/dados_planilha.py", line 39, in juncao_dados
    sql = pd.read_sql(self.dados_db, self.dados_db.conectar_banco())
          ^^^^^^^^^^^^^^^^^^^^^^^^^^^^^^^^^^^^^^^^^^^^^^^^^^^^^^^^^^
  File "/home/jeremias/Documentos/pasta_de_projetos/Automatizacao _pagamentos_internacionais/.venv/lib/python3.12/site-packages/pandas/io/sql.py", line 702, in read_sql
    return pandas_sql.read_query(
           ^^^^^^^^^^^^^^^^^^^^^^
  File "/home/jeremias/Documentos/pasta_de_projetos/Automatizacao _pagamentos_internacionais/.venv/lib/python3.12/site-packages/pandas/io/sql.py", line 2809, in read_query
    cursor = self.execute(sql, params)
             ^^^^^^^^^^^^^^^^^^^^^^^^^
  File "/home/jeremias/Documentos/pasta_de_projetos/Automatizacao _pagamentos_internacionais/.venv/lib/python3.12/site-packages/pandas/io/sql.py", line 2741, in execute
    raise TypeError("Query must be a string unless using sqlalchemy.")
TypeError: Query must be a string unless using sqlalchemy.
21/08/2026 - [13:14:56][INFO]: package: mysql.connector.plugins
21/08/2026 - [13:14:56][INFO]: plugin_name: caching_sha2_password
21/08/2026 - [13:14:56][INFO]: AUTHENTICATION_PLUGIN_CLASS: MySQLCachingSHA2PasswordAuthPlugin
21/08/2026 - [13:14:56][INFO]: package: mysql.connector.plugins
21/08/2026 - [13:14:56][INFO]: plugin_name: mysql_native_password
21/08/2026 - [13:14:56][INFO]: AUTHENTICATION_PLUGIN_CLASS: MySQLNativePasswordAuthPlugin
21/08/2026 - [13:14:56][INFO]: O banco de dados foi conectado!!!
21/08/2026 - [13:14:56][ERROR]: Houve um erro inesperado ao tentar juntar dados: Query must be a string unless using sqlalchemy.
Traceback (most recent call last):
  File "/home/jeremias/Documentos/pasta_de_projetos/Automatizacao _pagamentos_internacionais/manipulacao_planilha/dados_planilha.py", line 39, in juncao_dados
    sql = pd.read_sql(self.dados_db, self.dados_db.conexao,)
          ^^^^^^^^^^^^^^^^^^^^^^^^^^^^^^^^^^^^^^^^^^^^^^^^^^
  File "/home/jeremias/Documentos/pasta_de_projetos/Automatizacao _pagamentos_internacionais/.venv/lib/python3.12/site-packages/pandas/io/sql.py", line 702, in read_sql
    return pandas_sql.read_query(
           ^^^^^^^^^^^^^^^^^^^^^^
  File "/home/jeremias/Documentos/pasta_de_projetos/Automatizacao _pagamentos_internacionais/.venv/lib/python3.12/site-packages/pandas/io/sql.py", line 2809, in read_query
    cursor = self.execute(sql, params)
             ^^^^^^^^^^^^^^^^^^^^^^^^^
  File "/home/jeremias/Documentos/pasta_de_projetos/Automatizacao _pagamentos_internacionais/.venv/lib/python3.12/site-packages/pandas/io/sql.py", line 2741, in execute
    raise TypeError("Query must be a string unless using sqlalchemy.")
TypeError: Query must be a string unless using sqlalchemy.
21/08/2026 - [13:15:24][INFO]: package: mysql.connector.plugins
21/08/2026 - [13:15:24][INFO]: plugin_name: caching_sha2_password
21/08/2026 - [13:15:24][INFO]: AUTHENTICATION_PLUGIN_CLASS: MySQLCachingSHA2PasswordAuthPlugin
21/08/2026 - [13:15:24][INFO]: package: mysql.connector.plugins
21/08/2026 - [13:15:24][INFO]: plugin_name: mysql_native_password
21/08/2026 - [13:15:24][INFO]: AUTHENTICATION_PLUGIN_CLASS: MySQLNativePasswordAuthPlugin
21/08/2026 - [13:15:24][INFO]: O banco de dados foi conectado!!!
21/08/2026 - [13:15:24][ERROR]: Houve um erro inesperado ao tentar juntar dados: Query must be a string unless using sqlalchemy.
Traceback (most recent call last):
  File "/home/jeremias/Documentos/pasta_de_projetos/Automatizacao _pagamentos_internacionais/manipulacao_planilha/dados_planilha.py", line 39, in juncao_dados
    sql = pd.read_sql(self.dados_db, self.dados_db.conexao)
          ^^^^^^^^^^^^^^^^^^^^^^^^^^^^^^^^^^^^^^^^^^^^^^^^^
  File "/home/jeremias/Documentos/pasta_de_projetos/Automatizacao _pagamentos_internacionais/.venv/lib/python3.12/site-packages/pandas/io/sql.py", line 702, in read_sql
    return pandas_sql.read_query(
           ^^^^^^^^^^^^^^^^^^^^^^
  File "/home/jeremias/Documentos/pasta_de_projetos/Automatizacao _pagamentos_internacionais/.venv/lib/python3.12/site-packages/pandas/io/sql.py", line 2809, in read_query
    cursor = self.execute(sql, params)
             ^^^^^^^^^^^^^^^^^^^^^^^^^
  File "/home/jeremias/Documentos/pasta_de_projetos/Automatizacao _pagamentos_internacionais/.venv/lib/python3.12/site-packages/pandas/io/sql.py", line 2741, in execute
    raise TypeError("Query must be a string unless using sqlalchemy.")
TypeError: Query must be a string unless using sqlalchemy.
21/08/2026 - [13:15:32][INFO]: package: mysql.connector.plugins
21/08/2026 - [13:15:32][INFO]: plugin_name: caching_sha2_password
21/08/2026 - [13:15:32][INFO]: AUTHENTICATION_PLUGIN_CLASS: MySQLCachingSHA2PasswordAuthPlugin
21/08/2026 - [13:15:32][INFO]: package: mysql.connector.plugins
21/08/2026 - [13:15:32][INFO]: plugin_name: mysql_native_password
21/08/2026 - [13:15:32][INFO]: AUTHENTICATION_PLUGIN_CLASS: MySQLNativePasswordAuthPlugin
21/08/2026 - [13:15:32][INFO]: O banco de dados foi conectado!!!
21/08/2026 - [13:15:32][ERROR]: Houve um erro inesperado ao tentar juntar dados: read_sql() missing 1 required positional argument: 'con'
Traceback (most recent call last):
  File "/home/jeremias/Documentos/pasta_de_projetos/Automatizacao _pagamentos_internacionais/manipulacao_planilha/dados_planilha.py", line 39, in juncao_dados
    sql = pd.read_sql(self.dados_db)
          ^^^^^^^^^^^^^^^^^^^^^^^^^^
TypeError: read_sql() missing 1 required positional argument: 'con'
21/08/2026 - [13:16:25][INFO]: package: mysql.connector.plugins
21/08/2026 - [13:16:25][INFO]: plugin_name: caching_sha2_password
21/08/2026 - [13:16:25][INFO]: AUTHENTICATION_PLUGIN_CLASS: MySQLCachingSHA2PasswordAuthPlugin
21/08/2026 - [13:16:25][INFO]: package: mysql.connector.plugins
21/08/2026 - [13:16:25][INFO]: plugin_name: mysql_native_password
21/08/2026 - [13:16:25][INFO]: AUTHENTICATION_PLUGIN_CLASS: MySQLNativePasswordAuthPlugin
21/08/2026 - [13:16:25][INFO]: O banco de dados foi conectado!!!
21/08/2026 - [13:16:25][ERROR]: Houve um erro inesperado ao tentar juntar dados: Query must be a string unless using sqlalchemy.
Traceback (most recent call last):
  File "/home/jeremias/Documentos/pasta_de_projetos/Automatizacao _pagamentos_internacionais/manipulacao_planilha/dados_planilha.py", line 39, in juncao_dados
    sql = pd.read_sql(d, self.dados_db.conexao)
          ^^^^^^^^^^^^^^^^^^^^^^^^^^^^^^^^^^^^^
  File "/home/jeremias/Documentos/pasta_de_projetos/Automatizacao _pagamentos_internacionais/.venv/lib/python3.12/site-packages/pandas/io/sql.py", line 702, in read_sql
    return pandas_sql.read_query(
           ^^^^^^^^^^^^^^^^^^^^^^
  File "/home/jeremias/Documentos/pasta_de_projetos/Automatizacao _pagamentos_internacionais/.venv/lib/python3.12/site-packages/pandas/io/sql.py", line 2809, in read_query
    cursor = self.execute(sql, params)
             ^^^^^^^^^^^^^^^^^^^^^^^^^
  File "/home/jeremias/Documentos/pasta_de_projetos/Automatizacao _pagamentos_internacionais/.venv/lib/python3.12/site-packages/pandas/io/sql.py", line 2741, in execute
    raise TypeError("Query must be a string unless using sqlalchemy.")
TypeError: Query must be a string unless using sqlalchemy.
21/08/2026 - [13:19:56][INFO]: package: mysql.connector.plugins
21/08/2026 - [13:19:56][INFO]: plugin_name: caching_sha2_password
21/08/2026 - [13:19:56][INFO]: AUTHENTICATION_PLUGIN_CLASS: MySQLCachingSHA2PasswordAuthPlugin
21/08/2026 - [13:19:56][INFO]: package: mysql.connector.plugins
21/08/2026 - [13:19:56][INFO]: plugin_name: mysql_native_password
21/08/2026 - [13:19:56][INFO]: AUTHENTICATION_PLUGIN_CLASS: MySQLNativePasswordAuthPlugin
21/08/2026 - [13:19:56][INFO]: O banco de dados foi conectado!!!
21/08/2026 - [13:19:57][INFO]: Banco de dados desconectado
21/08/2026 - [13:20:35][INFO]: package: mysql.connector.plugins
21/08/2026 - [13:20:35][INFO]: plugin_name: caching_sha2_password
21/08/2026 - [13:20:35][INFO]: AUTHENTICATION_PLUGIN_CLASS: MySQLCachingSHA2PasswordAuthPlugin
21/08/2026 - [13:20:35][INFO]: package: mysql.connector.plugins
21/08/2026 - [13:20:35][INFO]: plugin_name: mysql_native_password
21/08/2026 - [13:20:35][INFO]: AUTHENTICATION_PLUGIN_CLASS: MySQLNativePasswordAuthPlugin
21/08/2026 - [13:20:35][INFO]: O banco de dados foi conectado!!!
21/08/2026 - [13:20:35][INFO]: Banco de dados desconectado
21/08/2026 - [13:25:05][INFO]: package: mysql.connector.plugins
21/08/2026 - [13:25:05][INFO]: plugin_name: caching_sha2_password
21/08/2026 - [13:25:05][INFO]: AUTHENTICATION_PLUGIN_CLASS: MySQLCachingSHA2PasswordAuthPlugin
21/08/2026 - [13:25:05][INFO]: package: mysql.connector.plugins
21/08/2026 - [13:25:05][INFO]: plugin_name: mysql_native_password
21/08/2026 - [13:25:05][INFO]: AUTHENTICATION_PLUGIN_CLASS: MySQLNativePasswordAuthPlugin
21/08/2026 - [13:25:05][INFO]: O banco de dados foi conectado!!!
21/08/2026 - [13:25:05][INFO]: Banco de dados desconectado
21/08/2026 - [13:25:14][INFO]: package: mysql.connector.plugins
21/08/2026 - [13:25:14][INFO]: plugin_name: caching_sha2_password
21/08/2026 - [13:25:14][INFO]: AUTHENTICATION_PLUGIN_CLASS: MySQLCachingSHA2PasswordAuthPlugin
21/08/2026 - [13:25:14][INFO]: package: mysql.connector.plugins
21/08/2026 - [13:25:14][INFO]: plugin_name: mysql_native_password
21/08/2026 - [13:25:14][INFO]: AUTHENTICATION_PLUGIN_CLASS: MySQLNativePasswordAuthPlugin
21/08/2026 - [13:25:14][INFO]: O banco de dados foi conectado!!!
21/08/2026 - [13:25:14][INFO]: Banco de dados desconectado
21/08/2026 - [13:26:12][INFO]: package: mysql.connector.plugins
21/08/2026 - [13:26:12][INFO]: plugin_name: caching_sha2_password
21/08/2026 - [13:26:12][INFO]: AUTHENTICATION_PLUGIN_CLASS: MySQLCachingSHA2PasswordAuthPlugin
21/08/2026 - [13:26:12][INFO]: package: mysql.connector.plugins
21/08/2026 - [13:26:12][INFO]: plugin_name: mysql_native_password
21/08/2026 - [13:26:12][INFO]: AUTHENTICATION_PLUGIN_CLASS: MySQLNativePasswordAuthPlugin
21/08/2026 - [13:26:12][INFO]: O banco de dados foi conectado!!!
21/08/2026 - [13:26:12][ERROR]: Houve um erro inesperado ao tentar juntar dados: '[<built-in function id>] not found in axis'
Traceback (most recent call last):
  File "/home/jeremias/Documentos/pasta_de_projetos/Automatizacao _pagamentos_internacionais/manipulacao_planilha/dados_planilha.py", line 41, in juncao_dados
    planilha_faturas.drop(columns=id)
  File "/home/jeremias/Documentos/pasta_de_projetos/Automatizacao _pagamentos_internacionais/.venv/lib/python3.12/site-packages/pandas/core/frame.py", line 6302, in drop
    return super().drop(
           ^^^^^^^^^^^^^
  File "/home/jeremias/Documentos/pasta_de_projetos/Automatizacao _pagamentos_internacionais/.venv/lib/python3.12/site-packages/pandas/core/generic.py", line 4632, in drop
    obj = obj._drop_axis(labels, axis, level=level, errors=errors)
          ^^^^^^^^^^^^^^^^^^^^^^^^^^^^^^^^^^^^^^^^^^^^^^^^^^^^^^^^
  File "/home/jeremias/Documentos/pasta_de_projetos/Automatizacao _pagamentos_internacionais/.venv/lib/python3.12/site-packages/pandas/core/generic.py", line 4674, in _drop_axis
    new_axis = axis.drop(labels, errors=errors)
               ^^^^^^^^^^^^^^^^^^^^^^^^^^^^^^^^
  File "/home/jeremias/Documentos/pasta_de_projetos/Automatizacao _pagamentos_internacionais/.venv/lib/python3.12/site-packages/pandas/core/indexes/base.py", line 7268, in drop
    raise KeyError(f"{labels[mask].tolist()} not found in axis")
KeyError: '[<built-in function id>] not found in axis'
21/08/2026 - [13:26:28][INFO]: package: mysql.connector.plugins
21/08/2026 - [13:26:28][INFO]: plugin_name: caching_sha2_password
21/08/2026 - [13:26:28][INFO]: AUTHENTICATION_PLUGIN_CLASS: MySQLCachingSHA2PasswordAuthPlugin
21/08/2026 - [13:26:28][INFO]: package: mysql.connector.plugins
21/08/2026 - [13:26:28][INFO]: plugin_name: mysql_native_password
21/08/2026 - [13:26:28][INFO]: AUTHENTICATION_PLUGIN_CLASS: MySQLNativePasswordAuthPlugin
21/08/2026 - [13:26:28][INFO]: O banco de dados foi conectado!!!
21/08/2026 - [13:26:28][INFO]: Banco de dados desconectado
21/08/2026 - [13:27:11][INFO]: package: mysql.connector.plugins
21/08/2026 - [13:27:11][INFO]: plugin_name: caching_sha2_password
21/08/2026 - [13:27:11][INFO]: AUTHENTICATION_PLUGIN_CLASS: MySQLCachingSHA2PasswordAuthPlugin
21/08/2026 - [13:27:11][INFO]: package: mysql.connector.plugins
21/08/2026 - [13:27:11][INFO]: plugin_name: mysql_native_password
21/08/2026 - [13:27:11][INFO]: AUTHENTICATION_PLUGIN_CLASS: MySQLNativePasswordAuthPlugin
21/08/2026 - [13:27:11][INFO]: O banco de dados foi conectado!!!
21/08/2026 - [13:27:11][ERROR]: Houve um erro inesperado ao tentar juntar dados: '[1, 2] not found in axis'
Traceback (most recent call last):
  File "/home/jeremias/Documentos/pasta_de_projetos/Automatizacao _pagamentos_internacionais/manipulacao_planilha/dados_planilha.py", line 41, in juncao_dados
    planilha_faturas.drop(columns=planilha_faturas['id'])
  File "/home/jeremias/Documentos/pasta_de_projetos/Automatizacao _pagamentos_internacionais/.venv/lib/python3.12/site-packages/pandas/core/frame.py", line 6302, in drop
    return super().drop(
           ^^^^^^^^^^^^^
  File "/home/jeremias/Documentos/pasta_de_projetos/Automatizacao _pagamentos_internacionais/.venv/lib/python3.12/site-packages/pandas/core/generic.py", line 4632, in drop
    obj = obj._drop_axis(labels, axis, level=level, errors=errors)
          ^^^^^^^^^^^^^^^^^^^^^^^^^^^^^^^^^^^^^^^^^^^^^^^^^^^^^^^^
  File "/home/jeremias/Documentos/pasta_de_projetos/Automatizacao _pagamentos_internacionais/.venv/lib/python3.12/site-packages/pandas/core/generic.py", line 4674, in _drop_axis
    new_axis = axis.drop(labels, errors=errors)
               ^^^^^^^^^^^^^^^^^^^^^^^^^^^^^^^^
  File "/home/jeremias/Documentos/pasta_de_projetos/Automatizacao _pagamentos_internacionais/.venv/lib/python3.12/site-packages/pandas/core/indexes/base.py", line 7268, in drop
    raise KeyError(f"{labels[mask].tolist()} not found in axis")
KeyError: '[1, 2] not found in axis'
21/08/2026 - [13:27:30][INFO]: package: mysql.connector.plugins
21/08/2026 - [13:27:30][INFO]: plugin_name: caching_sha2_password
21/08/2026 - [13:27:30][INFO]: AUTHENTICATION_PLUGIN_CLASS: MySQLCachingSHA2PasswordAuthPlugin
21/08/2026 - [13:27:30][INFO]: package: mysql.connector.plugins
21/08/2026 - [13:27:30][INFO]: plugin_name: mysql_native_password
21/08/2026 - [13:27:30][INFO]: AUTHENTICATION_PLUGIN_CLASS: MySQLNativePasswordAuthPlugin
21/08/2026 - [13:27:30][INFO]: O banco de dados foi conectado!!!
21/08/2026 - [13:27:31][INFO]: Banco de dados desconectado
21/08/2026 - [13:27:53][INFO]: package: mysql.connector.plugins
21/08/2026 - [13:27:53][INFO]: plugin_name: caching_sha2_password
21/08/2026 - [13:27:53][INFO]: AUTHENTICATION_PLUGIN_CLASS: MySQLCachingSHA2PasswordAuthPlugin
21/08/2026 - [13:27:53][INFO]: package: mysql.connector.plugins
21/08/2026 - [13:27:53][INFO]: plugin_name: mysql_native_password
21/08/2026 - [13:27:53][INFO]: AUTHENTICATION_PLUGIN_CLASS: MySQLNativePasswordAuthPlugin
21/08/2026 - [13:27:53][INFO]: O banco de dados foi conectado!!!
21/08/2026 - [13:27:53][INFO]: Banco de dados desconectado
21/08/2026 - [13:28:12][INFO]: package: mysql.connector.plugins
21/08/2026 - [13:28:12][INFO]: plugin_name: caching_sha2_password
21/08/2026 - [13:28:12][INFO]: AUTHENTICATION_PLUGIN_CLASS: MySQLCachingSHA2PasswordAuthPlugin
21/08/2026 - [13:28:12][INFO]: package: mysql.connector.plugins
21/08/2026 - [13:28:12][INFO]: plugin_name: mysql_native_password
21/08/2026 - [13:28:12][INFO]: AUTHENTICATION_PLUGIN_CLASS: MySQLNativePasswordAuthPlugin
21/08/2026 - [13:28:13][INFO]: O banco de dados foi conectado!!!
21/08/2026 - [13:28:13][INFO]: Banco de dados desconectado
21/08/2026 - [13:28:35][INFO]: package: mysql.connector.plugins
21/08/2026 - [13:28:35][INFO]: plugin_name: caching_sha2_password
21/08/2026 - [13:28:35][INFO]: AUTHENTICATION_PLUGIN_CLASS: MySQLCachingSHA2PasswordAuthPlugin
21/08/2026 - [13:28:35][INFO]: package: mysql.connector.plugins
21/08/2026 - [13:28:35][INFO]: plugin_name: mysql_native_password
21/08/2026 - [13:28:35][INFO]: AUTHENTICATION_PLUGIN_CLASS: MySQLNativePasswordAuthPlugin
21/08/2026 - [13:28:35][INFO]: O banco de dados foi conectado!!!
21/08/2026 - [13:28:35][ERROR]: Houve um erro inesperado ao tentar juntar dados: DataFrame.drop_duplicates() got an unexpected keyword argument 'columns'
Traceback (most recent call last):
  File "/home/jeremias/Documentos/pasta_de_projetos/Automatizacao _pagamentos_internacionais/manipulacao_planilha/dados_planilha.py", line 41, in juncao_dados
    planilha_faturas.drop_duplicates(columns='id')
TypeError: DataFrame.drop_duplicates() got an unexpected keyword argument 'columns'
21/08/2026 - [13:28:54][INFO]: package: mysql.connector.plugins
21/08/2026 - [13:28:54][INFO]: plugin_name: caching_sha2_password
21/08/2026 - [13:28:54][INFO]: AUTHENTICATION_PLUGIN_CLASS: MySQLCachingSHA2PasswordAuthPlugin
21/08/2026 - [13:28:54][INFO]: package: mysql.connector.plugins
21/08/2026 - [13:28:54][INFO]: plugin_name: mysql_native_password
21/08/2026 - [13:28:54][INFO]: AUTHENTICATION_PLUGIN_CLASS: MySQLNativePasswordAuthPlugin
21/08/2026 - [13:28:54][INFO]: O banco de dados foi conectado!!!
21/08/2026 - [13:28:54][INFO]: Banco de dados desconectado
21/08/2026 - [13:29:17][INFO]: package: mysql.connector.plugins
21/08/2026 - [13:29:17][INFO]: plugin_name: caching_sha2_password
21/08/2026 - [13:29:17][INFO]: AUTHENTICATION_PLUGIN_CLASS: MySQLCachingSHA2PasswordAuthPlugin
21/08/2026 - [13:29:17][INFO]: package: mysql.connector.plugins
21/08/2026 - [13:29:17][INFO]: plugin_name: mysql_native_password
21/08/2026 - [13:29:17][INFO]: AUTHENTICATION_PLUGIN_CLASS: MySQLNativePasswordAuthPlugin
21/08/2026 - [13:29:17][INFO]: O banco de dados foi conectado!!!
21/08/2026 - [13:29:17][ERROR]: Houve um erro inesperado ao tentar juntar dados: Index(['id'], dtype='str')
Traceback (most recent call last):
  File "/home/jeremias/Documentos/pasta_de_projetos/Automatizacao _pagamentos_internacionais/manipulacao_planilha/dados_planilha.py", line 48, in juncao_dados
    ).drop_duplicates(subset='id')
      ^^^^^^^^^^^^^^^^^^^^^^^^^^^^
  File "/home/jeremias/Documentos/pasta_de_projetos/Automatizacao _pagamentos_internacionais/.venv/lib/python3.12/site-packages/pandas/core/frame.py", line 7955, in drop_duplicates
    result = self[-self.duplicated(subset, keep=keep)]
                   ^^^^^^^^^^^^^^^^^^^^^^^^^^^^^^^^^^
  File "/home/jeremias/Documentos/pasta_de_projetos/Automatizacao _pagamentos_internacionais/.venv/lib/python3.12/site-packages/pandas/core/frame.py", line 8085, in duplicated
    raise KeyError(Index(diff))
KeyError: Index(['id'], dtype='str')
21/08/2026 - [13:33:49][INFO]: package: mysql.connector.plugins
21/08/2026 - [13:33:49][INFO]: plugin_name: caching_sha2_password
21/08/2026 - [13:33:49][INFO]: AUTHENTICATION_PLUGIN_CLASS: MySQLCachingSHA2PasswordAuthPlugin
21/08/2026 - [13:33:49][INFO]: package: mysql.connector.plugins
21/08/2026 - [13:33:49][INFO]: plugin_name: mysql_native_password
21/08/2026 - [13:33:49][INFO]: AUTHENTICATION_PLUGIN_CLASS: MySQLNativePasswordAuthPlugin
21/08/2026 - [13:33:49][INFO]: O banco de dados foi conectado!!!
21/08/2026 - [13:33:49][ERROR]: Houve um erro inesperado ao tentar juntar dados: "[('id',)] not found in axis"
Traceback (most recent call last):
  File "/home/jeremias/Documentos/pasta_de_projetos/Automatizacao _pagamentos_internacionais/manipulacao_planilha/dados_planilha.py", line 45, in juncao_dados
    planilha_faturas.drop(columns=[['id']]),
    ^^^^^^^^^^^^^^^^^^^^^^^^^^^^^^^^^^^^^^^
  File "/home/jeremias/Documentos/pasta_de_projetos/Automatizacao _pagamentos_internacionais/.venv/lib/python3.12/site-packages/pandas/core/frame.py", line 6302, in drop
    return super().drop(
           ^^^^^^^^^^^^^
  File "/home/jeremias/Documentos/pasta_de_projetos/Automatizacao _pagamentos_internacionais/.venv/lib/python3.12/site-packages/pandas/core/generic.py", line 4632, in drop
    obj = obj._drop_axis(labels, axis, level=level, errors=errors)
          ^^^^^^^^^^^^^^^^^^^^^^^^^^^^^^^^^^^^^^^^^^^^^^^^^^^^^^^^
  File "/home/jeremias/Documentos/pasta_de_projetos/Automatizacao _pagamentos_internacionais/.venv/lib/python3.12/site-packages/pandas/core/generic.py", line 4674, in _drop_axis
    new_axis = axis.drop(labels, errors=errors)
               ^^^^^^^^^^^^^^^^^^^^^^^^^^^^^^^^
  File "/home/jeremias/Documentos/pasta_de_projetos/Automatizacao _pagamentos_internacionais/.venv/lib/python3.12/site-packages/pandas/core/indexes/base.py", line 7268, in drop
    raise KeyError(f"{labels[mask].tolist()} not found in axis")
KeyError: "[('id',)] not found in axis"
21/08/2026 - [13:34:08][INFO]: package: mysql.connector.plugins
21/08/2026 - [13:34:08][INFO]: plugin_name: caching_sha2_password
21/08/2026 - [13:34:08][INFO]: AUTHENTICATION_PLUGIN_CLASS: MySQLCachingSHA2PasswordAuthPlugin
21/08/2026 - [13:34:08][INFO]: package: mysql.connector.plugins
21/08/2026 - [13:34:08][INFO]: plugin_name: mysql_native_password
21/08/2026 - [13:34:08][INFO]: AUTHENTICATION_PLUGIN_CLASS: MySQLNativePasswordAuthPlugin
21/08/2026 - [13:34:08][INFO]: O banco de dados foi conectado!!!
21/08/2026 - [13:34:08][INFO]: Banco de dados desconectado
22/08/2026 - [11:10:14][INFO]: package: mysql.connector.plugins
22/08/2026 - [11:10:14][INFO]: plugin_name: caching_sha2_password
22/08/2026 - [11:10:14][INFO]: AUTHENTICATION_PLUGIN_CLASS: MySQLCachingSHA2PasswordAuthPlugin
22/08/2026 - [11:10:14][INFO]: package: mysql.connector.plugins
22/08/2026 - [11:10:14][INFO]: plugin_name: mysql_native_password
22/08/2026 - [11:10:14][INFO]: AUTHENTICATION_PLUGIN_CLASS: MySQLNativePasswordAuthPlugin
22/08/2026 - [11:10:14][INFO]: O banco de dados foi conectado!!!
22/08/2026 - [11:10:14][INFO]: Banco de dados desconectado
22/08/2026 - [13:49:24][INFO]: package: mysql.connector.plugins
22/08/2026 - [13:49:24][INFO]: plugin_name: caching_sha2_password
22/08/2026 - [13:49:24][INFO]: AUTHENTICATION_PLUGIN_CLASS: MySQLCachingSHA2PasswordAuthPlugin
22/08/2026 - [13:49:24][INFO]: package: mysql.connector.plugins
22/08/2026 - [13:49:24][INFO]: plugin_name: mysql_native_password
22/08/2026 - [13:49:24][INFO]: AUTHENTICATION_PLUGIN_CLASS: MySQLNativePasswordAuthPlugin
22/08/2026 - [13:49:24][INFO]: O banco de dados foi conectado!!!
22/08/2026 - [13:49:24][ERROR]: Houve um erro inesperado ao tentar fechar conexão com o banco: 'NoneType' object has no attribute 'close'
Traceback (most recent call last):
  File "/home/jeremias/Documentos/pasta_de_projetos/Automatizacao _pagamentos_internacionais/manipulacao_dados/banco_dados.py", line 54, in desconectar_banco
    self.cursor.close()
    ^^^^^^^^^^^^^^^^^
AttributeError: 'NoneType' object has no attribute 'close'
22/08/2026 - [13:49:24][ERROR]: Houve um erro inesperado ao tentar juntar dados: 'NoneType' object has no attribute 'cursor'
Traceback (most recent call last):
  File "/home/jeremias/Documentos/pasta_de_projetos/Automatizacao _pagamentos_internacionais/manipulacao_planilha/dados_planilha.py", line 34, in juncao_dados
    sql = pd.read_sql(
          ^^^^^^^^^^^^
  File "/home/jeremias/Documentos/pasta_de_projetos/Automatizacao _pagamentos_internacionais/.venv/lib/python3.12/site-packages/pandas/io/sql.py", line 702, in read_sql
    return pandas_sql.read_query(
           ^^^^^^^^^^^^^^^^^^^^^^
  File "/home/jeremias/Documentos/pasta_de_projetos/Automatizacao _pagamentos_internacionais/.venv/lib/python3.12/site-packages/pandas/io/sql.py", line 2809, in read_query
    cursor = self.execute(sql, params)
             ^^^^^^^^^^^^^^^^^^^^^^^^^
  File "/home/jeremias/Documentos/pasta_de_projetos/Automatizacao _pagamentos_internacionais/.venv/lib/python3.12/site-packages/pandas/io/sql.py", line 2743, in execute
    cur = self.con.cursor()
          ^^^^^^^^^^^^^^^
AttributeError: 'NoneType' object has no attribute 'cursor'
22/08/2026 - [13:53:04][INFO]: package: mysql.connector.plugins
22/08/2026 - [13:53:04][INFO]: plugin_name: caching_sha2_password
22/08/2026 - [13:53:04][INFO]: AUTHENTICATION_PLUGIN_CLASS: MySQLCachingSHA2PasswordAuthPlugin
22/08/2026 - [13:53:04][INFO]: package: mysql.connector.plugins
22/08/2026 - [13:53:04][INFO]: plugin_name: mysql_native_password
22/08/2026 - [13:53:04][INFO]: AUTHENTICATION_PLUGIN_CLASS: MySQLNativePasswordAuthPlugin
22/08/2026 - [13:53:04][INFO]: O banco de dados foi conectado!!!
22/08/2026 - [13:53:04][ERROR]: Houve um erro inesperado ao tentar juntar dados: 'NoneType' object has no attribute 'cursor'
Traceback (most recent call last):
  File "/home/jeremias/Documentos/pasta_de_projetos/Automatizacao _pagamentos_internacionais/manipulacao_planilha/dados_planilha.py", line 34, in juncao_dados
    sql = pd.read_sql(
          ^^^^^^^^^^^^
  File "/home/jeremias/Documentos/pasta_de_projetos/Automatizacao _pagamentos_internacionais/.venv/lib/python3.12/site-packages/pandas/io/sql.py", line 702, in read_sql
    return pandas_sql.read_query(
           ^^^^^^^^^^^^^^^^^^^^^^
  File "/home/jeremias/Documentos/pasta_de_projetos/Automatizacao _pagamentos_internacionais/.venv/lib/python3.12/site-packages/pandas/io/sql.py", line 2809, in read_query
    cursor = self.execute(sql, params)
             ^^^^^^^^^^^^^^^^^^^^^^^^^
  File "/home/jeremias/Documentos/pasta_de_projetos/Automatizacao _pagamentos_internacionais/.venv/lib/python3.12/site-packages/pandas/io/sql.py", line 2743, in execute
    cur = self.con.cursor()
          ^^^^^^^^^^^^^^^
AttributeError: 'NoneType' object has no attribute 'cursor'
22/08/2026 - [13:53:37][INFO]: package: mysql.connector.plugins
22/08/2026 - [13:53:37][INFO]: plugin_name: caching_sha2_password
22/08/2026 - [13:53:37][INFO]: AUTHENTICATION_PLUGIN_CLASS: MySQLCachingSHA2PasswordAuthPlugin
22/08/2026 - [13:53:37][INFO]: package: mysql.connector.plugins
22/08/2026 - [13:53:37][INFO]: plugin_name: mysql_native_password
22/08/2026 - [13:53:37][INFO]: AUTHENTICATION_PLUGIN_CLASS: MySQLNativePasswordAuthPlugin
22/08/2026 - [13:53:37][INFO]: O banco de dados foi conectado!!!
22/08/2026 - [13:53:37][ERROR]: Houve um erro inesperado ao tentar juntar dados: 'NoneType' object has no attribute 'cursor'
Traceback (most recent call last):
  File "/home/jeremias/Documentos/pasta_de_projetos/Automatizacao _pagamentos_internacionais/manipulacao_planilha/dados_planilha.py", line 34, in juncao_dados
    sql = pd.read_sql(
          ^^^^^^^^^^^^
  File "/home/jeremias/Documentos/pasta_de_projetos/Automatizacao _pagamentos_internacionais/.venv/lib/python3.12/site-packages/pandas/io/sql.py", line 702, in read_sql
    return pandas_sql.read_query(
           ^^^^^^^^^^^^^^^^^^^^^^
  File "/home/jeremias/Documentos/pasta_de_projetos/Automatizacao _pagamentos_internacionais/.venv/lib/python3.12/site-packages/pandas/io/sql.py", line 2809, in read_query
    cursor = self.execute(sql, params)
             ^^^^^^^^^^^^^^^^^^^^^^^^^
  File "/home/jeremias/Documentos/pasta_de_projetos/Automatizacao _pagamentos_internacionais/.venv/lib/python3.12/site-packages/pandas/io/sql.py", line 2743, in execute
    cur = self.con.cursor()
          ^^^^^^^^^^^^^^^
AttributeError: 'NoneType' object has no attribute 'cursor'
22/08/2026 - [13:56:14][INFO]: package: mysql.connector.plugins
22/08/2026 - [13:56:14][INFO]: plugin_name: caching_sha2_password
22/08/2026 - [13:56:14][INFO]: AUTHENTICATION_PLUGIN_CLASS: MySQLCachingSHA2PasswordAuthPlugin
22/08/2026 - [13:56:14][INFO]: package: mysql.connector.plugins
22/08/2026 - [13:56:14][INFO]: plugin_name: mysql_native_password
22/08/2026 - [13:56:14][INFO]: AUTHENTICATION_PLUGIN_CLASS: MySQLNativePasswordAuthPlugin
22/08/2026 - [13:56:14][INFO]: O banco de dados foi conectado!!!
22/08/2026 - [13:56:14][ERROR]: Houve um erro inesperado ao tentar juntar dados: 'NoneType' object has no attribute 'cursor'
Traceback (most recent call last):
  File "/home/jeremias/Documentos/pasta_de_projetos/Automatizacao _pagamentos_internacionais/manipulacao_planilha/dados_planilha.py", line 34, in juncao_dados
    sql = pd.read_sql(
          ^^^^^^^^^^^^
  File "/home/jeremias/Documentos/pasta_de_projetos/Automatizacao _pagamentos_internacionais/.venv/lib/python3.12/site-packages/pandas/io/sql.py", line 702, in read_sql
    return pandas_sql.read_query(
           ^^^^^^^^^^^^^^^^^^^^^^
  File "/home/jeremias/Documentos/pasta_de_projetos/Automatizacao _pagamentos_internacionais/.venv/lib/python3.12/site-packages/pandas/io/sql.py", line 2809, in read_query
    cursor = self.execute(sql, params)
             ^^^^^^^^^^^^^^^^^^^^^^^^^
  File "/home/jeremias/Documentos/pasta_de_projetos/Automatizacao _pagamentos_internacionais/.venv/lib/python3.12/site-packages/pandas/io/sql.py", line 2743, in execute
    cur = self.con.cursor()
          ^^^^^^^^^^^^^^^
AttributeError: 'NoneType' object has no attribute 'cursor'
22/08/2026 - [13:57:48][INFO]: package: mysql.connector.plugins
22/08/2026 - [13:57:48][INFO]: plugin_name: caching_sha2_password
22/08/2026 - [13:57:48][INFO]: AUTHENTICATION_PLUGIN_CLASS: MySQLCachingSHA2PasswordAuthPlugin
22/08/2026 - [13:57:48][INFO]: package: mysql.connector.plugins
22/08/2026 - [13:57:48][INFO]: plugin_name: mysql_native_password
22/08/2026 - [13:57:48][INFO]: AUTHENTICATION_PLUGIN_CLASS: MySQLNativePasswordAuthPlugin
22/08/2026 - [13:57:48][INFO]: O banco de dados foi conectado!!!
22/08/2026 - [13:57:48][ERROR]: Houve um erro inesperado ao tentar juntar dados: 'NoneType' object has no attribute 'cursor'
Traceback (most recent call last):
  File "/home/jeremias/Documentos/pasta_de_projetos/Automatizacao _pagamentos_internacionais/manipulacao_planilha/dados_planilha.py", line 34, in juncao_dados
    sql = pd.read_sql(
          ^^^^^^^^^^^^
  File "/home/jeremias/Documentos/pasta_de_projetos/Automatizacao _pagamentos_internacionais/.venv/lib/python3.12/site-packages/pandas/io/sql.py", line 702, in read_sql
    return pandas_sql.read_query(
           ^^^^^^^^^^^^^^^^^^^^^^
  File "/home/jeremias/Documentos/pasta_de_projetos/Automatizacao _pagamentos_internacionais/.venv/lib/python3.12/site-packages/pandas/io/sql.py", line 2809, in read_query
    cursor = self.execute(sql, params)
             ^^^^^^^^^^^^^^^^^^^^^^^^^
  File "/home/jeremias/Documentos/pasta_de_projetos/Automatizacao _pagamentos_internacionais/.venv/lib/python3.12/site-packages/pandas/io/sql.py", line 2743, in execute
    cur = self.con.cursor()
          ^^^^^^^^^^^^^^^
AttributeError: 'NoneType' object has no attribute 'cursor'
22/08/2026 - [13:59:56][INFO]: package: mysql.connector.plugins
22/08/2026 - [13:59:56][INFO]: plugin_name: caching_sha2_password
22/08/2026 - [13:59:56][INFO]: AUTHENTICATION_PLUGIN_CLASS: MySQLCachingSHA2PasswordAuthPlugin
22/08/2026 - [13:59:56][INFO]: package: mysql.connector.plugins
22/08/2026 - [13:59:56][INFO]: plugin_name: mysql_native_password
22/08/2026 - [13:59:56][INFO]: AUTHENTICATION_PLUGIN_CLASS: MySQLNativePasswordAuthPlugin
22/08/2026 - [13:59:56][INFO]: O banco de dados foi conectado!!!
22/08/2026 - [13:59:56][ERROR]: Houve um erro inesperado ao tentar juntar dados: 'NoneType' object has no attribute 'cursor'
Traceback (most recent call last):
  File "/home/jeremias/Documentos/pasta_de_projetos/Automatizacao _pagamentos_internacionais/manipulacao_planilha/dados_planilha.py", line 34, in juncao_dados
    sql = pd.read_sql(
          ^^^^^^^^^^^^
  File "/home/jeremias/Documentos/pasta_de_projetos/Automatizacao _pagamentos_internacionais/.venv/lib/python3.12/site-packages/pandas/io/sql.py", line 702, in read_sql
    return pandas_sql.read_query(
           ^^^^^^^^^^^^^^^^^^^^^^
  File "/home/jeremias/Documentos/pasta_de_projetos/Automatizacao _pagamentos_internacionais/.venv/lib/python3.12/site-packages/pandas/io/sql.py", line 2809, in read_query
    cursor = self.execute(sql, params)
             ^^^^^^^^^^^^^^^^^^^^^^^^^
  File "/home/jeremias/Documentos/pasta_de_projetos/Automatizacao _pagamentos_internacionais/.venv/lib/python3.12/site-packages/pandas/io/sql.py", line 2743, in execute
    cur = self.con.cursor()
          ^^^^^^^^^^^^^^^
AttributeError: 'NoneType' object has no attribute 'cursor'
22/08/2026 - [13:59:56][INFO]: Banco de dados desconectado
22/08/2026 - [14:00:59][INFO]: package: mysql.connector.plugins
22/08/2026 - [14:00:59][INFO]: plugin_name: caching_sha2_password
22/08/2026 - [14:00:59][INFO]: AUTHENTICATION_PLUGIN_CLASS: MySQLCachingSHA2PasswordAuthPlugin
22/08/2026 - [14:00:59][INFO]: package: mysql.connector.plugins
22/08/2026 - [14:00:59][INFO]: plugin_name: mysql_native_password
22/08/2026 - [14:00:59][INFO]: AUTHENTICATION_PLUGIN_CLASS: MySQLNativePasswordAuthPlugin
22/08/2026 - [14:00:59][INFO]: O banco de dados foi conectado!!!
22/08/2026 - [14:00:59][INFO]: Banco de dados desconectado
23/08/2026 - [10:38:20][ERROR]: Error terminating service process.
Traceback (most recent call last):
  File "/home/jeremias/Documentos/pasta_de_projetos/Automatizacao _pagamentos_internacionais/.venv/lib/python3.12/site-packages/selenium/webdriver/common/service.py", line 182, in _terminate_process
    self.process.terminate()
  File "/usr/lib/python3.12/subprocess.py", line 2211, in terminate
    self.send_signal(signal.SIGTERM)
  File "/usr/lib/python3.12/subprocess.py", line 2203, in send_signal
    os.kill(self.pid, sig)
PermissionError: [Errno 13] Permission denied
23/08/2026 - [11:17:04][INFO]: package: mysql.connector.plugins
23/08/2026 - [11:17:04][INFO]: plugin_name: caching_sha2_password
23/08/2026 - [11:17:04][INFO]: AUTHENTICATION_PLUGIN_CLASS: MySQLCachingSHA2PasswordAuthPlugin
23/08/2026 - [11:17:04][INFO]: package: mysql.connector.plugins
23/08/2026 - [11:17:04][INFO]: plugin_name: mysql_native_password
23/08/2026 - [11:17:04][INFO]: AUTHENTICATION_PLUGIN_CLASS: MySQLNativePasswordAuthPlugin
23/08/2026 - [11:17:04][INFO]: O banco de dados foi conectado!!!
23/08/2026 - [11:17:07][ERROR]: Houve um erro inesperado no codigo: 'USDBTC'
Traceback (most recent call last):
  File "/home/jeremias/Documentos/pasta_de_projetos/Automatizacao _pagamentos_internacionais/tratamento_api/busca_api.py", line 39, in cotacao_moeda
    "valor_cotacao": round(float(valor_cota[f'USD{moeda}']['bid']), 2)
                                 ~~~~~~~~~~^^^^^^^^^^^^^^^
KeyError: 'USDBTC'
23/08/2026 - [11:17:07][ERROR]: Houve um erro inesperado ao tentar juntar tabela no soma valores: 'USDBTC'
Traceback (most recent call last):
  File "/home/jeremias/Documentos/pasta_de_projetos/Automatizacao _pagamentos_internacionais/conversor_moeda/total_pagar.py", line 18, in soma_valor_cota
    valores = self.api_cotacao.cotacao_moeda()
              ^^^^^^^^^^^^^^^^^^^^^^^^^^^^^^^^
  File "/home/jeremias/Documentos/pasta_de_projetos/Automatizacao _pagamentos_internacionais/tratamento_api/busca_api.py", line 39, in cotacao_moeda
    "valor_cotacao": round(float(valor_cota[f'USD{moeda}']['bid']), 2)
                                 ~~~~~~~~~~^^^^^^^^^^^^^^^
KeyError: 'USDBTC'
23/08/2026 - [11:21:54][INFO]: package: mysql.connector.plugins
23/08/2026 - [11:21:54][INFO]: plugin_name: caching_sha2_password
23/08/2026 - [11:21:54][INFO]: AUTHENTICATION_PLUGIN_CLASS: MySQLCachingSHA2PasswordAuthPlugin
23/08/2026 - [11:21:54][INFO]: package: mysql.connector.plugins
23/08/2026 - [11:21:54][INFO]: plugin_name: mysql_native_password
23/08/2026 - [11:21:54][INFO]: AUTHENTICATION_PLUGIN_CLASS: MySQLNativePasswordAuthPlugin
23/08/2026 - [11:21:54][INFO]: O banco de dados foi conectado!!!
23/08/2026 - [11:21:59][ERROR]: Houve um erro inesperado no codigo: 'USDBTC'
Traceback (most recent call last):
  File "/home/jeremias/Documentos/pasta_de_projetos/Automatizacao _pagamentos_internacionais/tratamento_api/busca_api.py", line 39, in cotacao_moeda
    "valor_cotacao": round(float(valor_cota[f'USD{moeda}']['bid']), 2)
                                 ~~~~~~~~~~^^^^^^^^^^^^^^^
KeyError: 'USDBTC'
23/08/2026 - [11:21:59][ERROR]: Houve um erro inesperado ao tentar juntar tabela no soma valores: 'USDBTC'
Traceback (most recent call last):
  File "/home/jeremias/Documentos/pasta_de_projetos/Automatizacao _pagamentos_internacionais/conversor_moeda/total_pagar.py", line 18, in soma_valor_cota
    valores = self.api_cotacao.cotacao_moeda()
              ^^^^^^^^^^^^^^^^^^^^^^^^^^^^^^^^
  File "/home/jeremias/Documentos/pasta_de_projetos/Automatizacao _pagamentos_internacionais/tratamento_api/busca_api.py", line 39, in cotacao_moeda
    "valor_cotacao": round(float(valor_cota[f'USD{moeda}']['bid']), 2)
                                 ~~~~~~~~~~^^^^^^^^^^^^^^^
KeyError: 'USDBTC'
23/08/2026 - [11:25:13][INFO]: package: mysql.connector.plugins
23/08/2026 - [11:25:13][INFO]: plugin_name: caching_sha2_password
23/08/2026 - [11:25:13][INFO]: AUTHENTICATION_PLUGIN_CLASS: MySQLCachingSHA2PasswordAuthPlugin
23/08/2026 - [11:25:13][INFO]: package: mysql.connector.plugins
23/08/2026 - [11:25:13][INFO]: plugin_name: mysql_native_password
23/08/2026 - [11:25:13][INFO]: AUTHENTICATION_PLUGIN_CLASS: MySQLNativePasswordAuthPlugin
23/08/2026 - [11:25:13][INFO]: O banco de dados foi conectado!!!
23/08/2026 - [11:25:16][ERROR]: Houve um erro inesperado no codigo: 'USDBTC'
Traceback (most recent call last):
  File "/home/jeremias/Documentos/pasta_de_projetos/Automatizacao _pagamentos_internacionais/tratamento_api/busca_api.py", line 39, in cotacao_moeda
    "valor_cotacao": round(float(valor_cota[f'USD{moeda}']['bid']), 2)
                                 ~~~~~~~~~~^^^^^^^^^^^^^^^
KeyError: 'USDBTC'
23/08/2026 - [11:28:00][INFO]: package: mysql.connector.plugins
23/08/2026 - [11:28:00][INFO]: plugin_name: caching_sha2_password
23/08/2026 - [11:28:00][INFO]: AUTHENTICATION_PLUGIN_CLASS: MySQLCachingSHA2PasswordAuthPlugin
23/08/2026 - [11:28:00][INFO]: package: mysql.connector.plugins
23/08/2026 - [11:28:00][INFO]: plugin_name: mysql_native_password
23/08/2026 - [11:28:00][INFO]: AUTHENTICATION_PLUGIN_CLASS: MySQLNativePasswordAuthPlugin
23/08/2026 - [11:28:00][INFO]: O banco de dados foi conectado!!!
23/08/2026 - [11:28:02][ERROR]: Houve um erro inesperado no codigo: 'BRLUSD'
Traceback (most recent call last):
  File "/home/jeremias/Documentos/pasta_de_projetos/Automatizacao _pagamentos_internacionais/tratamento_api/busca_api.py", line 39, in cotacao_moeda
    "valor_cotacao": round(float(valor_cota[f'{moeda}USD']['bid']), 2)
                                 ~~~~~~~~~~^^^^^^^^^^^^^^^
KeyError: 'BRLUSD'
23/08/2026 - [12:01:08][INFO]: package: mysql.connector.plugins
23/08/2026 - [12:01:08][INFO]: plugin_name: caching_sha2_password
23/08/2026 - [12:01:08][INFO]: AUTHENTICATION_PLUGIN_CLASS: MySQLCachingSHA2PasswordAuthPlugin
23/08/2026 - [12:01:08][INFO]: package: mysql.connector.plugins
23/08/2026 - [12:01:08][INFO]: plugin_name: mysql_native_password
23/08/2026 - [12:01:08][INFO]: AUTHENTICATION_PLUGIN_CLASS: MySQLNativePasswordAuthPlugin
23/08/2026 - [12:01:08][INFO]: O banco de dados foi conectado!!!
23/08/2026 - [12:01:09][ERROR]: Houve um erro inesperado no codigo: 'BRL'
Traceback (most recent call last):
  File "/home/jeremias/Documentos/pasta_de_projetos/Automatizacao _pagamentos_internacionais/tratamento_api/busca_api.py", line 39, in cotacao_moeda
    "valor_cotacao": round(float(valor_cota[f'{moeda}']['bid']), 2)
                                 ~~~~~~~~~~^^^^^^^^^^^^
KeyError: 'BRL'
23/08/2026 - [12:09:49][INFO]: package: mysql.connector.plugins
23/08/2026 - [12:09:49][INFO]: plugin_name: caching_sha2_password
23/08/2026 - [12:09:49][INFO]: AUTHENTICATION_PLUGIN_CLASS: MySQLCachingSHA2PasswordAuthPlugin
23/08/2026 - [12:09:49][INFO]: package: mysql.connector.plugins
23/08/2026 - [12:09:49][INFO]: plugin_name: mysql_native_password
23/08/2026 - [12:09:49][INFO]: AUTHENTICATION_PLUGIN_CLASS: MySQLNativePasswordAuthPlugin
23/08/2026 - [12:09:49][INFO]: O banco de dados foi conectado!!!
23/08/2026 - [12:09:50][INFO]: Banco de dados desconectado
23/08/2026 - [12:10:02][INFO]: package: mysql.connector.plugins
23/08/2026 - [12:10:02][INFO]: plugin_name: caching_sha2_password
23/08/2026 - [12:10:02][INFO]: AUTHENTICATION_PLUGIN_CLASS: MySQLCachingSHA2PasswordAuthPlugin
23/08/2026 - [12:10:02][INFO]: package: mysql.connector.plugins
23/08/2026 - [12:10:02][INFO]: plugin_name: mysql_native_password
23/08/2026 - [12:10:02][INFO]: AUTHENTICATION_PLUGIN_CLASS: MySQLNativePasswordAuthPlugin
23/08/2026 - [12:10:02][INFO]: O banco de dados foi conectado!!!
23/08/2026 - [12:10:03][ERROR]: Houve um erro inesperado no codigo: 'BRL'
Traceback (most recent call last):
  File "/home/jeremias/Documentos/pasta_de_projetos/Automatizacao _pagamentos_internacionais/tratamento_api/busca_api.py", line 39, in cotacao_moeda
    "valor_cotacao": round(float(valor_cota[f'{moeda}']['bid']), 2)
                                 ~~~~~~~~~~^^^^^^^^^^^^
KeyError: 'BRL'
23/08/2026 - [12:12:52][INFO]: package: mysql.connector.plugins
23/08/2026 - [12:12:52][INFO]: plugin_name: caching_sha2_password
23/08/2026 - [12:12:52][INFO]: AUTHENTICATION_PLUGIN_CLASS: MySQLCachingSHA2PasswordAuthPlugin
23/08/2026 - [12:12:52][INFO]: package: mysql.connector.plugins
23/08/2026 - [12:12:52][INFO]: plugin_name: mysql_native_password
23/08/2026 - [12:12:52][INFO]: AUTHENTICATION_PLUGIN_CLASS: MySQLNativePasswordAuthPlugin
23/08/2026 - [12:12:52][INFO]: O banco de dados foi conectado!!!
23/08/2026 - [12:12:55][INFO]: Banco de dados desconectado
23/08/2026 - [12:32:41][INFO]: package: mysql.connector.plugins
23/08/2026 - [12:32:41][INFO]: plugin_name: caching_sha2_password
23/08/2026 - [12:32:41][INFO]: AUTHENTICATION_PLUGIN_CLASS: MySQLCachingSHA2PasswordAuthPlugin
23/08/2026 - [12:32:41][INFO]: package: mysql.connector.plugins
23/08/2026 - [12:32:41][INFO]: plugin_name: mysql_native_password
23/08/2026 - [12:32:41][INFO]: AUTHENTICATION_PLUGIN_CLASS: MySQLNativePasswordAuthPlugin
23/08/2026 - [12:32:41][INFO]: O banco de dados foi conectado!!!
23/08/2026 - [12:32:41][INFO]: Banco de dados desconectado
23/08/2026 - [12:32:51][INFO]: package: mysql.connector.plugins
23/08/2026 - [12:32:51][INFO]: plugin_name: caching_sha2_password
23/08/2026 - [12:32:51][INFO]: AUTHENTICATION_PLUGIN_CLASS: MySQLCachingSHA2PasswordAuthPlugin
23/08/2026 - [12:32:51][INFO]: package: mysql.connector.plugins
23/08/2026 - [12:32:51][INFO]: plugin_name: mysql_native_password
23/08/2026 - [12:32:51][INFO]: AUTHENTICATION_PLUGIN_CLASS: MySQLNativePasswordAuthPlugin
23/08/2026 - [12:32:51][INFO]: O banco de dados foi conectado!!!
23/08/2026 - [12:32:55][INFO]: Banco de dados desconectado
23/08/2026 - [12:34:53][INFO]: package: mysql.connector.plugins
23/08/2026 - [12:34:53][INFO]: plugin_name: caching_sha2_password
23/08/2026 - [12:34:53][INFO]: AUTHENTICATION_PLUGIN_CLASS: MySQLCachingSHA2PasswordAuthPlugin
23/08/2026 - [12:34:53][INFO]: package: mysql.connector.plugins
23/08/2026 - [12:34:53][INFO]: plugin_name: mysql_native_password
23/08/2026 - [12:34:53][INFO]: AUTHENTICATION_PLUGIN_CLASS: MySQLNativePasswordAuthPlugin
23/08/2026 - [12:34:53][INFO]: O banco de dados foi conectado!!!
23/08/2026 - [12:34:56][INFO]: Banco de dados desconectado
23/08/2026 - [12:37:18][INFO]: package: mysql.connector.plugins
23/08/2026 - [12:37:18][INFO]: plugin_name: caching_sha2_password
23/08/2026 - [12:37:18][INFO]: AUTHENTICATION_PLUGIN_CLASS: MySQLCachingSHA2PasswordAuthPlugin
23/08/2026 - [12:37:18][INFO]: package: mysql.connector.plugins
23/08/2026 - [12:37:18][INFO]: plugin_name: mysql_native_password
23/08/2026 - [12:37:18][INFO]: AUTHENTICATION_PLUGIN_CLASS: MySQLNativePasswordAuthPlugin
23/08/2026 - [12:37:18][INFO]: O banco de dados foi conectado!!!
23/08/2026 - [12:37:21][INFO]: Banco de dados desconectado
23/08/2026 - [12:37:33][INFO]: package: mysql.connector.plugins
23/08/2026 - [12:37:33][INFO]: plugin_name: caching_sha2_password
23/08/2026 - [12:37:33][INFO]: AUTHENTICATION_PLUGIN_CLASS: MySQLCachingSHA2PasswordAuthPlugin
23/08/2026 - [12:37:33][INFO]: package: mysql.connector.plugins
23/08/2026 - [12:37:33][INFO]: plugin_name: mysql_native_password
23/08/2026 - [12:37:33][INFO]: AUTHENTICATION_PLUGIN_CLASS: MySQLNativePasswordAuthPlugin
23/08/2026 - [12:37:33][INFO]: O banco de dados foi conectado!!!
23/08/2026 - [12:37:36][INFO]: Banco de dados desconectado
23/08/2026 - [12:40:40][INFO]: package: mysql.connector.plugins
23/08/2026 - [12:40:40][INFO]: plugin_name: caching_sha2_password
23/08/2026 - [12:40:40][INFO]: AUTHENTICATION_PLUGIN_CLASS: MySQLCachingSHA2PasswordAuthPlugin
23/08/2026 - [12:40:40][INFO]: package: mysql.connector.plugins
23/08/2026 - [12:40:40][INFO]: plugin_name: mysql_native_password
23/08/2026 - [12:40:40][INFO]: AUTHENTICATION_PLUGIN_CLASS: MySQLNativePasswordAuthPlugin
23/08/2026 - [12:40:40][INFO]: O banco de dados foi conectado!!!
23/08/2026 - [12:40:40][ERROR]: Houve um erro inesperado ao tentar juntar dados: 'NoneType' object has no attribute 'cursor'
Traceback (most recent call last):
  File "/home/jeremias/Documentos/pasta_de_projetos/Automatizacao _pagamentos_internacionais/manipulacao_planilha/dados_planilha.py", line 34, in juncao_dados
    sql = pd.read_sql(
          ^^^^^^^^^^^^
  File "/home/jeremias/Documentos/pasta_de_projetos/Automatizacao _pagamentos_internacionais/.venv/lib/python3.12/site-packages/pandas/io/sql.py", line 702, in read_sql
    return pandas_sql.read_query(
           ^^^^^^^^^^^^^^^^^^^^^^
  File "/home/jeremias/Documentos/pasta_de_projetos/Automatizacao _pagamentos_internacionais/.venv/lib/python3.12/site-packages/pandas/io/sql.py", line 2809, in read_query
    cursor = self.execute(sql, params)
             ^^^^^^^^^^^^^^^^^^^^^^^^^
  File "/home/jeremias/Documentos/pasta_de_projetos/Automatizacao _pagamentos_internacionais/.venv/lib/python3.12/site-packages/pandas/io/sql.py", line 2743, in execute
    cur = self.con.cursor()
          ^^^^^^^^^^^^^^^
AttributeError: 'NoneType' object has no attribute 'cursor'
23/08/2026 - [12:40:40][INFO]: Banco de dados desconectado
23/08/2026 - [12:41:37][INFO]: package: mysql.connector.plugins
23/08/2026 - [12:41:37][INFO]: plugin_name: caching_sha2_password
23/08/2026 - [12:41:37][INFO]: AUTHENTICATION_PLUGIN_CLASS: MySQLCachingSHA2PasswordAuthPlugin
23/08/2026 - [12:41:37][INFO]: package: mysql.connector.plugins
23/08/2026 - [12:41:37][INFO]: plugin_name: mysql_native_password
23/08/2026 - [12:41:37][INFO]: AUTHENTICATION_PLUGIN_CLASS: MySQLNativePasswordAuthPlugin
23/08/2026 - [12:41:37][INFO]: O banco de dados foi conectado!!!
23/08/2026 - [12:42:11][INFO]: package: mysql.connector.plugins
23/08/2026 - [12:42:11][INFO]: plugin_name: caching_sha2_password
23/08/2026 - [12:42:11][INFO]: AUTHENTICATION_PLUGIN_CLASS: MySQLCachingSHA2PasswordAuthPlugin
23/08/2026 - [12:42:11][INFO]: package: mysql.connector.plugins
23/08/2026 - [12:42:11][INFO]: plugin_name: mysql_native_password
23/08/2026 - [12:42:11][INFO]: AUTHENTICATION_PLUGIN_CLASS: MySQLNativePasswordAuthPlugin
23/08/2026 - [12:42:11][INFO]: O banco de dados foi conectado!!!
23/08/2026 - [12:42:11][ERROR]: Houve um erro inesperado ao tentar juntar dados: 'NoneType' object has no attribute 'cursor'
Traceback (most recent call last):
  File "/home/jeremias/Documentos/pasta_de_projetos/Automatizacao _pagamentos_internacionais/manipulacao_planilha/dados_planilha.py", line 34, in juncao_dados
    sql = pd.read_sql(
          ^^^^^^^^^^^^
  File "/home/jeremias/Documentos/pasta_de_projetos/Automatizacao _pagamentos_internacionais/.venv/lib/python3.12/site-packages/pandas/io/sql.py", line 702, in read_sql
    return pandas_sql.read_query(
           ^^^^^^^^^^^^^^^^^^^^^^
  File "/home/jeremias/Documentos/pasta_de_projetos/Automatizacao _pagamentos_internacionais/.venv/lib/python3.12/site-packages/pandas/io/sql.py", line 2809, in read_query
    cursor = self.execute(sql, params)
             ^^^^^^^^^^^^^^^^^^^^^^^^^
  File "/home/jeremias/Documentos/pasta_de_projetos/Automatizacao _pagamentos_internacionais/.venv/lib/python3.12/site-packages/pandas/io/sql.py", line 2743, in execute
    cur = self.con.cursor()
          ^^^^^^^^^^^^^^^
AttributeError: 'NoneType' object has no attribute 'cursor'
23/08/2026 - [12:42:11][INFO]: Banco de dados desconectado
23/08/2026 - [12:42:19][INFO]: package: mysql.connector.plugins
23/08/2026 - [12:42:19][INFO]: plugin_name: caching_sha2_password
23/08/2026 - [12:42:19][INFO]: AUTHENTICATION_PLUGIN_CLASS: MySQLCachingSHA2PasswordAuthPlugin
23/08/2026 - [12:42:19][INFO]: package: mysql.connector.plugins
23/08/2026 - [12:42:19][INFO]: plugin_name: mysql_native_password
23/08/2026 - [12:42:19][INFO]: AUTHENTICATION_PLUGIN_CLASS: MySQLNativePasswordAuthPlugin
23/08/2026 - [12:42:19][INFO]: O banco de dados foi conectado!!!
23/08/2026 - [12:42:19][ERROR]: Houve um erro inesperado ao tentar juntar dados: 'NoneType' object has no attribute 'cursor'
Traceback (most recent call last):
  File "/home/jeremias/Documentos/pasta_de_projetos/Automatizacao _pagamentos_internacionais/manipulacao_planilha/dados_planilha.py", line 34, in juncao_dados
    sql = pd.read_sql(
          ^^^^^^^^^^^^
  File "/home/jeremias/Documentos/pasta_de_projetos/Automatizacao _pagamentos_internacionais/.venv/lib/python3.12/site-packages/pandas/io/sql.py", line 702, in read_sql
    return pandas_sql.read_query(
           ^^^^^^^^^^^^^^^^^^^^^^
  File "/home/jeremias/Documentos/pasta_de_projetos/Automatizacao _pagamentos_internacionais/.venv/lib/python3.12/site-packages/pandas/io/sql.py", line 2809, in read_query
    cursor = self.execute(sql, params)
             ^^^^^^^^^^^^^^^^^^^^^^^^^
  File "/home/jeremias/Documentos/pasta_de_projetos/Automatizacao _pagamentos_internacionais/.venv/lib/python3.12/site-packages/pandas/io/sql.py", line 2743, in execute
    cur = self.con.cursor()
          ^^^^^^^^^^^^^^^
AttributeError: 'NoneType' object has no attribute 'cursor'
23/08/2026 - [12:42:19][INFO]: Banco de dados desconectado
24/08/2026 - [02:01:46][ERROR]: Error terminating service process.
Traceback (most recent call last):
  File "/home/jeremias/Documentos/pasta_de_projetos/Automatizacao _pagamentos_internacionais/.venv/lib/python3.12/site-packages/selenium/webdriver/common/service.py", line 182, in _terminate_process
    self.process.terminate()
  File "/usr/lib/python3.12/subprocess.py", line 2211, in terminate
    self.send_signal(signal.SIGTERM)
  File "/usr/lib/python3.12/subprocess.py", line 2203, in send_signal
    os.kill(self.pid, sig)
PermissionError: [Errno 13] Permission denied
24/08/2026 - [02:09:01][ERROR]: Error terminating service process.
Traceback (most recent call last):
  File "/home/jeremias/Documentos/pasta_de_projetos/Automatizacao _pagamentos_internacionais/.venv/lib/python3.12/site-packages/selenium/webdriver/common/service.py", line 182, in _terminate_process
    self.process.terminate()
  File "/usr/lib/python3.12/subprocess.py", line 2211, in terminate
    self.send_signal(signal.SIGTERM)
  File "/usr/lib/python3.12/subprocess.py", line 2203, in send_signal
    os.kill(self.pid, sig)
PermissionError: [Errno 13] Permission denied
24/08/2026 - [11:57:12][INFO]: Processando cadastro do proprietario: 1 | Google
24/08/2026 - [11:57:13][ERROR]: Houve um erro inesperado ao tentar atualizar status do banco de dados 'NoneType' object has no attribute 'execute'
Traceback (most recent call last):
  File "/home/jeremias/Documentos/pasta_de_projetos/Automatizacao _pagamentos_internacionais/tratamento_botweb/criacao_bot.py", line 22, in atualizar_status
    self.banco_dados.cursor.execute(
    ^^^^^^^^^^^^^^^^^^^^^^^^^^^^^^^
AttributeError: 'NoneType' object has no attribute 'execute'
24/08/2026 - [11:57:14][ERROR]: Error terminating service process.
Traceback (most recent call last):
  File "/home/jeremias/Documentos/pasta_de_projetos/Automatizacao _pagamentos_internacionais/.venv/lib/python3.12/site-packages/selenium/webdriver/common/service.py", line 182, in _terminate_process
    self.process.terminate()
  File "/usr/lib/python3.12/subprocess.py", line 2211, in terminate
    self.send_signal(signal.SIGTERM)
  File "/usr/lib/python3.12/subprocess.py", line 2203, in send_signal
    os.kill(self.pid, sig)
PermissionError: [Errno 13] Permission denied
24/08/2026 - [12:04:14][INFO]: Processando cadastro do proprietario: 1 | Google
24/08/2026 - [12:04:16][INFO]: package: mysql.connector.plugins
24/08/2026 - [12:04:16][INFO]: plugin_name: caching_sha2_password
24/08/2026 - [12:04:16][INFO]: AUTHENTICATION_PLUGIN_CLASS: MySQLCachingSHA2PasswordAuthPlugin
24/08/2026 - [12:04:16][INFO]: package: mysql.connector.plugins
24/08/2026 - [12:04:16][INFO]: plugin_name: mysql_native_password
24/08/2026 - [12:04:16][INFO]: AUTHENTICATION_PLUGIN_CLASS: MySQLNativePasswordAuthPlugin
24/08/2026 - [12:04:16][INFO]: O banco de dados foi conectado!!!
24/08/2026 - [12:04:16][INFO]: Status da fatura 1 atualizado para PAGO
24/08/2026 - [12:04:16][INFO]: Banco de dados desconectado
24/08/2026 - [12:04:16][INFO]: Status do cliente 1 | Google atualizado com successo
24/08/2026 - [12:04:16][INFO]: Cliente 1 | Google cadastrado com sucesso
24/08/2026 - [12:04:18][INFO]: Processando cadastro do proprietario: 2 | Microsoft
24/08/2026 - [12:04:19][INFO]: O banco de dados foi conectado!!!
24/08/2026 - [12:04:19][INFO]: Status da fatura 2 atualizado para PAGO
24/08/2026 - [12:04:19][INFO]: Banco de dados desconectado
24/08/2026 - [12:04:19][INFO]: Status do cliente 2 | Microsoft atualizado com successo
24/08/2026 - [12:04:19][INFO]: Cliente 2 | Microsoft cadastrado com sucesso
24/08/2026 - [12:04:23][INFO]: Processando cadastro do proprietario: 4 | Proprietario_teste
24/08/2026 - [12:04:23][INFO]: O banco de dados foi conectado!!!
24/08/2026 - [12:04:23][INFO]: Status da fatura 4 atualizado para PAGO
24/08/2026 - [12:04:23][INFO]: Banco de dados desconectado
24/08/2026 - [12:04:23][INFO]: Status do cliente 4 | Proprietario_teste atualizado com successo
24/08/2026 - [12:04:23][INFO]: Cliente 4 | Proprietario_teste cadastrado com sucesso
24/08/2026 - [13:15:30][INFO]: Processando cadastro do proprietario: 1 | Google
24/08/2026 - [13:15:32][INFO]: package: mysql.connector.plugins
24/08/2026 - [13:15:32][INFO]: plugin_name: caching_sha2_password
24/08/2026 - [13:15:32][INFO]: AUTHENTICATION_PLUGIN_CLASS: MySQLCachingSHA2PasswordAuthPlugin
24/08/2026 - [13:15:32][INFO]: package: mysql.connector.plugins
24/08/2026 - [13:15:32][INFO]: plugin_name: mysql_native_password
24/08/2026 - [13:15:32][INFO]: AUTHENTICATION_PLUGIN_CLASS: MySQLNativePasswordAuthPlugin
24/08/2026 - [13:15:32][INFO]: O banco de dados foi conectado!!!
24/08/2026 - [13:15:32][INFO]: Status da fatura 1 atualizado para PAGO
24/08/2026 - [13:15:32][INFO]: Banco de dados desconectado
24/08/2026 - [13:15:32][INFO]: Status do cliente 1 | Google atualizado com successo
24/08/2026 - [13:15:32][INFO]: Cliente 1 | Google cadastrado com sucesso
24/08/2026 - [13:15:35][INFO]: Processando cadastro do proprietario: 2 | Microsoft
24/08/2026 - [13:15:36][INFO]: O banco de dados foi conectado!!!
24/08/2026 - [13:15:36][INFO]: Status da fatura 2 atualizado para PAGO
24/08/2026 - [13:15:36][INFO]: Banco de dados desconectado
24/08/2026 - [13:15:36][INFO]: Status do cliente 2 | Microsoft atualizado com successo
24/08/2026 - [13:15:36][INFO]: Cliente 2 | Microsoft cadastrado com sucesso
24/08/2026 - [13:15:40][INFO]: Processando cadastro do proprietario: 4 | Proprietario_teste
24/08/2026 - [13:15:42][INFO]: O banco de dados foi conectado!!!
24/08/2026 - [13:15:42][INFO]: Status da fatura 4 atualizado para PAGO
24/08/2026 - [13:15:42][INFO]: Banco de dados desconectado
24/08/2026 - [13:15:42][INFO]: Status do cliente 4 | Proprietario_teste atualizado com successo
24/08/2026 - [13:15:42][INFO]: Cliente 4 | Proprietario_teste cadastrado com sucesso
24/08/2026 - [13:16:48][INFO]: Processando cadastro do proprietario: 1 | Google
24/08/2026 - [13:16:49][INFO]: package: mysql.connector.plugins
24/08/2026 - [13:16:49][INFO]: plugin_name: caching_sha2_password
24/08/2026 - [13:16:49][INFO]: AUTHENTICATION_PLUGIN_CLASS: MySQLCachingSHA2PasswordAuthPlugin
24/08/2026 - [13:16:49][INFO]: package: mysql.connector.plugins
24/08/2026 - [13:16:49][INFO]: plugin_name: mysql_native_password
24/08/2026 - [13:16:49][INFO]: AUTHENTICATION_PLUGIN_CLASS: MySQLNativePasswordAuthPlugin
24/08/2026 - [13:16:49][INFO]: O banco de dados foi conectado!!!
24/08/2026 - [13:16:49][INFO]: Status da fatura 1 atualizado para PAGO
24/08/2026 - [13:16:49][INFO]: Banco de dados desconectado
24/08/2026 - [13:16:49][INFO]: Status do cliente 1 | Google atualizado com successo
24/08/2026 - [13:16:49][INFO]: Cliente 1 | Google cadastrado com sucesso
24/08/2026 - [13:16:53][INFO]: Processando cadastro do proprietario: 2 | Microsoft
24/08/2026 - [13:16:54][INFO]: O banco de dados foi conectado!!!
24/08/2026 - [13:16:54][INFO]: Status da fatura 2 atualizado para PAGO
24/08/2026 - [13:16:54][INFO]: Banco de dados desconectado
24/08/2026 - [13:16:54][INFO]: Status do cliente 2 | Microsoft atualizado com successo
24/08/2026 - [13:16:54][INFO]: Cliente 2 | Microsoft cadastrado com sucesso
24/08/2026 - [13:16:58][INFO]: Processando cadastro do proprietario: 4 | Proprietario_teste
24/08/2026 - [13:16:59][INFO]: O banco de dados foi conectado!!!
24/08/2026 - [13:16:59][INFO]: Status da fatura 4 atualizado para PAGO
24/08/2026 - [13:16:59][INFO]: Banco de dados desconectado
24/08/2026 - [13:16:59][INFO]: Status do cliente 4 | Proprietario_teste atualizado com successo
24/08/2026 - [13:16:59][INFO]: Cliente 4 | Proprietario_teste cadastrado com sucesso
24/08/2026 - [13:25:33][ERROR]: Aconteceu um erro inesperado ao tentar consultar dados do banco de dados: 'NoneType' object has no attribute 'execute'
Traceback (most recent call last):
  File "/home/jeremias/Documentos/pasta_de_projetos/Automatizacao _pagamentos_internacionais/manipulacao_dados/banco_dados.py", line 65, in clientes_pendentes
    self.cursor.execute(
    ^^^^^^^^^^^^^^^^^^^
AttributeError: 'NoneType' object has no attribute 'execute'
24/08/2026 - [13:25:33][INFO]: 0(zero) cadastros efetuados. Nenhum cliente pendente no momento!!
24/08/2026 - [13:25:34][ERROR]: Error terminating service process.
Traceback (most recent call last):
  File "/home/jeremias/Documentos/pasta_de_projetos/Automatizacao _pagamentos_internacionais/.venv/lib/python3.12/site-packages/selenium/webdriver/common/service.py", line 182, in _terminate_process
    self.process.terminate()
  File "/usr/lib/python3.12/subprocess.py", line 2211, in terminate
    self.send_signal(signal.SIGTERM)
  File "/usr/lib/python3.12/subprocess.py", line 2203, in send_signal
    os.kill(self.pid, sig)
PermissionError: [Errno 13] Permission denied
24/08/2026 - [13:30:22][INFO]: package: mysql.connector.plugins
24/08/2026 - [13:30:22][INFO]: plugin_name: caching_sha2_password
24/08/2026 - [13:30:22][INFO]: AUTHENTICATION_PLUGIN_CLASS: MySQLCachingSHA2PasswordAuthPlugin
24/08/2026 - [13:30:22][INFO]: package: mysql.connector.plugins
24/08/2026 - [13:30:22][INFO]: plugin_name: mysql_native_password
24/08/2026 - [13:30:22][INFO]: AUTHENTICATION_PLUGIN_CLASS: MySQLNativePasswordAuthPlugin
24/08/2026 - [13:30:23][INFO]: O banco de dados foi conectado!!!
24/08/2026 - [13:30:23][INFO]: 0(zero) cadastros efetuados. Nenhum cliente pendente no momento!!
24/08/2026 - [13:36:16][INFO]: package: mysql.connector.plugins
24/08/2026 - [13:36:16][INFO]: plugin_name: caching_sha2_password
24/08/2026 - [13:36:16][INFO]: AUTHENTICATION_PLUGIN_CLASS: MySQLCachingSHA2PasswordAuthPlugin
24/08/2026 - [13:36:16][INFO]: package: mysql.connector.plugins
24/08/2026 - [13:36:16][INFO]: plugin_name: mysql_native_password
24/08/2026 - [13:36:16][INFO]: AUTHENTICATION_PLUGIN_CLASS: MySQLNativePasswordAuthPlugin
24/08/2026 - [13:36:16][INFO]: O banco de dados foi conectado!!!
24/08/2026 - [13:36:16][ERROR]: Houve um erro inesperado ao tentar fechar conexão com o banco: Unread result found
Traceback (most recent call last):
  File "/home/jeremias/Documentos/pasta_de_projetos/Automatizacao _pagamentos_internacionais/manipulacao_dados/banco_dados.py", line 54, in desconectar_banco
    self.cursor.close()
  File "/home/jeremias/Documentos/pasta_de_projetos/Automatizacao _pagamentos_internacionais/.venv/lib/python3.12/site-packages/mysql/connector/cursor.py", line 267, in close
    self._connection.handle_unread_result()
  File "/home/jeremias/Documentos/pasta_de_projetos/Automatizacao _pagamentos_internacionais/.venv/lib/python3.12/site-packages/mysql/connector/connection.py", line 1784, in handle_unread_result
    raise InternalError("Unread result found")
mysql.connector.errors.InternalError: Unread result found
24/08/2026 - [13:36:48][INFO]: package: mysql.connector.plugins
24/08/2026 - [13:36:48][INFO]: plugin_name: caching_sha2_password
24/08/2026 - [13:36:48][INFO]: AUTHENTICATION_PLUGIN_CLASS: MySQLCachingSHA2PasswordAuthPlugin
24/08/2026 - [13:36:48][INFO]: package: mysql.connector.plugins
24/08/2026 - [13:36:48][INFO]: plugin_name: mysql_native_password
24/08/2026 - [13:36:48][INFO]: AUTHENTICATION_PLUGIN_CLASS: MySQLNativePasswordAuthPlugin
24/08/2026 - [13:36:48][INFO]: O banco de dados foi conectado!!!
24/08/2026 - [13:36:48][ERROR]: Houve um erro inesperado ao tentar fechar conexão com o banco: Unread result found
Traceback (most recent call last):
  File "/home/jeremias/Documentos/pasta_de_projetos/Automatizacao _pagamentos_internacionais/manipulacao_dados/banco_dados.py", line 54, in desconectar_banco
    self.cursor.close()
  File "/home/jeremias/Documentos/pasta_de_projetos/Automatizacao _pagamentos_internacionais/.venv/lib/python3.12/site-packages/mysql/connector/cursor.py", line 267, in close
    self._connection.handle_unread_result()
  File "/home/jeremias/Documentos/pasta_de_projetos/Automatizacao _pagamentos_internacionais/.venv/lib/python3.12/site-packages/mysql/connector/connection.py", line 1784, in handle_unread_result
    raise InternalError("Unread result found")
mysql.connector.errors.InternalError: Unread result found
25/08/2026 - [01:46:13][INFO]: package: mysql.connector.plugins
25/08/2026 - [01:46:13][INFO]: plugin_name: caching_sha2_password
25/08/2026 - [01:46:13][INFO]: AUTHENTICATION_PLUGIN_CLASS: MySQLCachingSHA2PasswordAuthPlugin
25/08/2026 - [01:46:13][INFO]: package: mysql.connector.plugins
25/08/2026 - [01:46:13][INFO]: plugin_name: mysql_native_password
25/08/2026 - [01:46:13][INFO]: AUTHENTICATION_PLUGIN_CLASS: MySQLNativePasswordAuthPlugin
25/08/2026 - [01:46:13][INFO]: O banco de dados foi conectado!!!
25/08/2026 - [01:46:13][ERROR]: Houve um erro inesperado ao tentar fechar conexão com o banco: Unread result found
Traceback (most recent call last):
  File "/home/jeremias/Documentos/pasta_de_projetos/Automatizacao _pagamentos_internacionais/manipulacao_dados/banco_dados.py", line 54, in desconectar_banco
    self.cursor.close()
  File "/home/jeremias/Documentos/pasta_de_projetos/Automatizacao _pagamentos_internacionais/.venv/lib/python3.12/site-packages/mysql/connector/cursor.py", line 267, in close
    self._connection.handle_unread_result()
  File "/home/jeremias/Documentos/pasta_de_projetos/Automatizacao _pagamentos_internacionais/.venv/lib/python3.12/site-packages/mysql/connector/connection.py", line 1784, in handle_unread_result
    raise InternalError("Unread result found")
mysql.connector.errors.InternalError: Unread result found
25/08/2026 - [01:46:36][INFO]: package: mysql.connector.plugins
25/08/2026 - [01:46:36][INFO]: plugin_name: caching_sha2_password
25/08/2026 - [01:46:36][INFO]: AUTHENTICATION_PLUGIN_CLASS: MySQLCachingSHA2PasswordAuthPlugin
25/08/2026 - [01:46:36][INFO]: package: mysql.connector.plugins
25/08/2026 - [01:46:36][INFO]: plugin_name: mysql_native_password
25/08/2026 - [01:46:36][INFO]: AUTHENTICATION_PLUGIN_CLASS: MySQLNativePasswordAuthPlugin
25/08/2026 - [01:46:36][INFO]: O banco de dados foi conectado!!!
25/08/2026 - [01:46:36][ERROR]: Houve um erro inesperado ao tentar fechar conexão com o banco: Unread result found
Traceback (most recent call last):
  File "/home/jeremias/Documentos/pasta_de_projetos/Automatizacao _pagamentos_internacionais/manipulacao_dados/banco_dados.py", line 54, in desconectar_banco
    self.cursor.close()
  File "/home/jeremias/Documentos/pasta_de_projetos/Automatizacao _pagamentos_internacionais/.venv/lib/python3.12/site-packages/mysql/connector/cursor.py", line 267, in close
    self._connection.handle_unread_result()
  File "/home/jeremias/Documentos/pasta_de_projetos/Automatizacao _pagamentos_internacionais/.venv/lib/python3.12/site-packages/mysql/connector/connection.py", line 1784, in handle_unread_result
    raise InternalError("Unread result found")
mysql.connector.errors.InternalError: Unread result found
25/08/2026 - [02:08:58][INFO]: Processando cadastro do proprietario: 1 | Google
25/08/2026 - [02:09:00][INFO]: package: mysql.connector.plugins
25/08/2026 - [02:09:00][INFO]: plugin_name: caching_sha2_password
25/08/2026 - [02:09:00][INFO]: AUTHENTICATION_PLUGIN_CLASS: MySQLCachingSHA2PasswordAuthPlugin
25/08/2026 - [02:09:00][INFO]: package: mysql.connector.plugins
25/08/2026 - [02:09:00][INFO]: plugin_name: mysql_native_password
25/08/2026 - [02:09:00][INFO]: AUTHENTICATION_PLUGIN_CLASS: MySQLNativePasswordAuthPlugin
25/08/2026 - [02:09:00][INFO]: O banco de dados foi conectado!!!
25/08/2026 - [02:09:00][INFO]: Status da fatura 1 atualizado para PAGO
25/08/2026 - [02:09:00][INFO]: Banco de dados desconectado
25/08/2026 - [02:09:00][INFO]: Status do cliente 1 | Google atualizado com successo!!
25/08/2026 - [02:09:00][INFO]: Cliente 1 | Google cadastrado com sucesso!!
25/08/2026 - [02:09:00][INFO]: Status do cliente 1 | Google Atualizada com sucesso!!
25/08/2026 - [02:09:05][INFO]: Processando cadastro do proprietario: 2 | Microsoft
25/08/2026 - [02:09:05][INFO]: O banco de dados foi conectado!!!
25/08/2026 - [02:09:05][INFO]: Status da fatura 2 atualizado para PAGO
25/08/2026 - [02:09:05][INFO]: Banco de dados desconectado
25/08/2026 - [02:09:05][INFO]: Status do cliente 2 | Microsoft atualizado com successo!!
25/08/2026 - [02:09:05][INFO]: Cliente 2 | Microsoft cadastrado com sucesso!!
25/08/2026 - [02:09:05][INFO]: Status do cliente 2 | Microsoft Atualizada com sucesso!!
25/08/2026 - [02:09:09][INFO]: Processando cadastro do proprietario: 4 | Proprietario_teste
25/08/2026 - [02:09:10][INFO]: O banco de dados foi conectado!!!
25/08/2026 - [02:09:10][INFO]: Status da fatura 4 atualizado para PAGO
25/08/2026 - [02:09:10][INFO]: Banco de dados desconectado
25/08/2026 - [02:09:10][INFO]: Status do cliente 4 | Proprietario_teste atualizado com successo!!
25/08/2026 - [02:09:10][INFO]: Cliente 4 | Proprietario_teste cadastrado com sucesso!!
25/08/2026 - [02:09:10][INFO]: Status do cliente 4 | Proprietario_teste Atualizada com sucesso!!
25/08/2026 - [02:10:35][ERROR]: Houve um erro desconhecido ao tentar cadastrar 1 | Google. Erro: Message: no such window: target window already closed
from unknown error: web view not found
  (Session info: chrome=150.0.7871.114)
Stacktrace:
#0 0x611bb8f13aea <unknown>
#1 0x611bb8908509 <unknown>
#2 0x611bb88dbd98 <unknown>
#3 0x611bb898af48 <unknown>
#4 0x611bb89a4c68 <unknown>
#5 0x611bb89505a9 <unknown>
#6 0x611bb89513c1 <unknown>
#7 0x611bb8ed93db <unknown>
#8 0x611bb8ed80e4 <unknown>
#9 0x611bb8ec4784 <unknown>
#10 0x611bb8ed8882 <unknown>
#11 0x611bb8eae467 <unknown>
#12 0x611bb8f00148 <unknown>
#13 0x611bb8f00336 <unknown>
#14 0x611bb8f12657 <unknown>
#15 0x7d6748365aa4 <unknown>
#16 0x7d67483f2c6c <unknown>
Traceback (most recent call last):
  File "/home/jeremias/Documentos/pasta_de_projetos/Automatizacao _pagamentos_internacionais/tratamento_botweb/criacao_bot.py", line 61, in cadastro_clientes
    nome_cliente = WebDriverWait(self.bot, 30).until(
                   ^^^^^^^^^^^^^^^^^^^^^^^^^^^^^^^^^^
  File "/home/jeremias/Documentos/pasta_de_projetos/Automatizacao _pagamentos_internacionais/.venv/lib/python3.12/site-packages/selenium/webdriver/support/wait.py", line 112, in until
    value = method(self._driver)
            ^^^^^^^^^^^^^^^^^^^^
  File "/home/jeremias/Documentos/pasta_de_projetos/Automatizacao _pagamentos_internacionais/.venv/lib/python3.12/site-packages/selenium/webdriver/support/expected_conditions.py", line 96, in _predicate
    return driver.find_element(*locator)
           ^^^^^^^^^^^^^^^^^^^^^^^^^^^^^
  File "/home/jeremias/Documentos/pasta_de_projetos/Automatizacao _pagamentos_internacionais/.venv/lib/python3.12/site-packages/selenium/webdriver/remote/webdriver.py", line 911, in find_element
    return self.execute(Command.FIND_ELEMENT, {"using": by, "value": value})["value"]
           ^^^^^^^^^^^^^^^^^^^^^^^^^^^^^^^^^^^^^^^^^^^^^^^^^^^^^^^^^^^^^^^^^
  File "/home/jeremias/Documentos/pasta_de_projetos/Automatizacao _pagamentos_internacionais/.venv/lib/python3.12/site-packages/selenium/webdriver/remote/webdriver.py", line 504, in execute
    self.error_handler.check_response(response)
  File "/home/jeremias/Documentos/pasta_de_projetos/Automatizacao _pagamentos_internacionais/.venv/lib/python3.12/site-packages/selenium/webdriver/remote/errorhandler.py", line 232, in check_response
    raise exception_class(message, screen, stacktrace)
selenium.common.exceptions.NoSuchWindowException: Message: no such window: target window already closed
from unknown error: web view not found
  (Session info: chrome=150.0.7871.114)
Stacktrace:
#0 0x611bb8f13aea <unknown>
#1 0x611bb8908509 <unknown>
#2 0x611bb88dbd98 <unknown>
#3 0x611bb898af48 <unknown>
#4 0x611bb89a4c68 <unknown>
#5 0x611bb89505a9 <unknown>
#6 0x611bb89513c1 <unknown>
#7 0x611bb8ed93db <unknown>
#8 0x611bb8ed80e4 <unknown>
#9 0x611bb8ec4784 <unknown>
#10 0x611bb8ed8882 <unknown>
#11 0x611bb8eae467 <unknown>
#12 0x611bb8f00148 <unknown>
#13 0x611bb8f00336 <unknown>
#14 0x611bb8f12657 <unknown>
#15 0x7d6748365aa4 <unknown>
#16 0x7d67483f2c6c <unknown>

25/08/2026 - [02:10:35][ERROR]: Error terminating service process.
Traceback (most recent call last):
  File "/home/jeremias/Documentos/pasta_de_projetos/Automatizacao _pagamentos_internacionais/.venv/lib/python3.12/site-packages/selenium/webdriver/common/service.py", line 182, in _terminate_process
    self.process.terminate()
  File "/usr/lib/python3.12/subprocess.py", line 2211, in terminate
    self.send_signal(signal.SIGTERM)
  File "/usr/lib/python3.12/subprocess.py", line 2203, in send_signal
    os.kill(self.pid, sig)
PermissionError: [Errno 13] Permission denied
25/08/2026 - [02:17:29][ERROR]: Error terminating service process.
Traceback (most recent call last):
  File "/home/jeremias/Documentos/pasta_de_projetos/Automatizacao _pagamentos_internacionais/.venv/lib/python3.12/site-packages/selenium/webdriver/common/service.py", line 182, in _terminate_process
    self.process.terminate()
  File "/usr/lib/python3.12/subprocess.py", line 2211, in terminate
    self.send_signal(signal.SIGTERM)
  File "/usr/lib/python3.12/subprocess.py", line 2203, in send_signal
    os.kill(self.pid, sig)
PermissionError: [Errno 13] Permission denied
25/08/2026 - [02:22:19][INFO]: Processando cadastro do proprietario: 1 | Google
25/08/2026 - [02:22:21][INFO]: package: mysql.connector.plugins
25/08/2026 - [02:22:21][INFO]: plugin_name: caching_sha2_password
25/08/2026 - [02:22:21][INFO]: AUTHENTICATION_PLUGIN_CLASS: MySQLCachingSHA2PasswordAuthPlugin
25/08/2026 - [02:22:21][INFO]: package: mysql.connector.plugins
25/08/2026 - [02:22:21][INFO]: plugin_name: mysql_native_password
25/08/2026 - [02:22:21][INFO]: AUTHENTICATION_PLUGIN_CLASS: MySQLNativePasswordAuthPlugin
25/08/2026 - [02:22:21][INFO]: O banco de dados foi conectado!!!
25/08/2026 - [02:22:21][INFO]: Status da fatura 1 atualizado para PAGO
25/08/2026 - [02:22:21][INFO]: Banco de dados desconectado
25/08/2026 - [02:22:21][INFO]: Status do cliente 1 | Google atualizado com successo!!
25/08/2026 - [02:22:21][INFO]: Cliente 1 | Google cadastrado com sucesso!!
25/08/2026 - [02:22:21][INFO]: Status do cliente 1 | Google Atualizada com sucesso!!
25/08/2026 - [02:22:25][INFO]: Processando cadastro do proprietario: 2 | Microsoft
25/08/2026 - [02:22:26][INFO]: O banco de dados foi conectado!!!
25/08/2026 - [02:22:26][INFO]: Status da fatura 2 atualizado para PAGO
25/08/2026 - [02:22:26][INFO]: Banco de dados desconectado
25/08/2026 - [02:22:26][INFO]: Status do cliente 2 | Microsoft atualizado com successo!!
25/08/2026 - [02:22:26][INFO]: Cliente 2 | Microsoft cadastrado com sucesso!!
25/08/2026 - [02:22:26][INFO]: Status do cliente 2 | Microsoft Atualizada com sucesso!!
25/08/2026 - [02:22:29][INFO]: Processando cadastro do proprietario: 4 | Proprietario_teste
25/08/2026 - [02:22:31][INFO]: O banco de dados foi conectado!!!
25/08/2026 - [02:22:31][INFO]: Status da fatura 4 atualizado para PAGO
25/08/2026 - [02:22:31][INFO]: Banco de dados desconectado
25/08/2026 - [02:22:31][INFO]: Status do cliente 4 | Proprietario_teste atualizado com successo!!
25/08/2026 - [02:22:31][INFO]: Cliente 4 | Proprietario_teste cadastrado com sucesso!!
25/08/2026 - [02:22:31][INFO]: Status do cliente 4 | Proprietario_teste Atualizada com sucesso!!
25/08/2026 - [02:22:33][ERROR]: Error terminating service process.
Traceback (most recent call last):
  File "/home/jeremias/Documentos/pasta_de_projetos/Automatizacao _pagamentos_internacionais/.venv/lib/python3.12/site-packages/selenium/webdriver/common/service.py", line 182, in _terminate_process
    self.process.terminate()
  File "/usr/lib/python3.12/subprocess.py", line 2211, in terminate
    self.send_signal(signal.SIGTERM)
  File "/usr/lib/python3.12/subprocess.py", line 2203, in send_signal
    os.kill(self.pid, sig)
PermissionError: [Errno 13] Permission denied
25/08/2026 - [10:17:29][INFO]: Processando cadastro do proprietario: 1 | Google
25/08/2026 - [10:17:30][INFO]: package: mysql.connector.plugins
25/08/2026 - [10:17:30][INFO]: plugin_name: caching_sha2_password
25/08/2026 - [10:17:30][INFO]: AUTHENTICATION_PLUGIN_CLASS: MySQLCachingSHA2PasswordAuthPlugin
25/08/2026 - [10:17:30][INFO]: package: mysql.connector.plugins
25/08/2026 - [10:17:30][INFO]: plugin_name: mysql_native_password
25/08/2026 - [10:17:30][INFO]: AUTHENTICATION_PLUGIN_CLASS: MySQLNativePasswordAuthPlugin
25/08/2026 - [10:17:30][INFO]: O banco de dados foi conectado!!!
25/08/2026 - [10:17:30][INFO]: Status da fatura 1 atualizado para PAGO
25/08/2026 - [10:17:30][INFO]: Banco de dados desconectado
25/08/2026 - [10:17:30][INFO]: Status do cliente 1 | Google atualizado com successo!!
25/08/2026 - [10:17:30][INFO]: Cliente 1 | Google cadastrado com sucesso!!
25/08/2026 - [10:17:30][INFO]: Status do cliente 1 | Google Atualizada com sucesso!!
25/08/2026 - [10:17:35][INFO]: Processando cadastro do proprietario: 2 | Microsoft
25/08/2026 - [10:17:36][INFO]: O banco de dados foi conectado!!!
25/08/2026 - [10:17:36][INFO]: Status da fatura 2 atualizado para PAGO
25/08/2026 - [10:17:36][INFO]: Banco de dados desconectado
25/08/2026 - [10:17:36][INFO]: Status do cliente 2 | Microsoft atualizado com successo!!
25/08/2026 - [10:17:36][INFO]: Cliente 2 | Microsoft cadastrado com sucesso!!
25/08/2026 - [10:17:36][INFO]: Status do cliente 2 | Microsoft Atualizada com sucesso!!
25/08/2026 - [10:17:40][INFO]: Processando cadastro do proprietario: 4 | Proprietario_teste
25/08/2026 - [10:17:41][INFO]: O banco de dados foi conectado!!!
25/08/2026 - [10:17:41][INFO]: Status da fatura 4 atualizado para PAGO
25/08/2026 - [10:17:41][INFO]: Banco de dados desconectado
25/08/2026 - [10:17:41][INFO]: Status do cliente 4 | Proprietario_teste atualizado com successo!!
25/08/2026 - [10:17:41][INFO]: Cliente 4 | Proprietario_teste cadastrado com sucesso!!
25/08/2026 - [10:17:41][INFO]: Status do cliente 4 | Proprietario_teste Atualizada com sucesso!!
25/08/2026 - [10:19:49][ERROR]: Houve um erro desconhecido ao tentar cadastrar 1 | Google. Erro: Message: no such window: target window already closed
from unknown error: web view not found
  (Session info: chrome=150.0.7871.114)
Stacktrace:
#0 0x56da9aadbaea <unknown>
#1 0x56da9a4d0509 <unknown>
#2 0x56da9a4a3d98 <unknown>
#3 0x56da9a552f48 <unknown>
#4 0x56da9a56cc68 <unknown>
#5 0x56da9a5185a9 <unknown>
#6 0x56da9a5193c1 <unknown>
#7 0x56da9aaa13db <unknown>
#8 0x56da9aaa00e4 <unknown>
#9 0x56da9aa8c784 <unknown>
#10 0x56da9aaa0882 <unknown>
#11 0x56da9aa76467 <unknown>
#12 0x56da9aac8148 <unknown>
#13 0x56da9aac8336 <unknown>
#14 0x56da9aada657 <unknown>
#15 0x709905a51aa4 <unknown>
#16 0x709905adec6c <unknown>
Traceback (most recent call last):
  File "/home/jeremias/Documentos/pasta_de_projetos/Automatizacao _pagamentos_internacionais/tratamento_botweb/criacao_bot.py", line 61, in cadastro_clientes
    nome_cliente = WebDriverWait(self.bot, 30).until(
                   ^^^^^^^^^^^^^^^^^^^^^^^^^^^^^^^^^^
  File "/home/jeremias/Documentos/pasta_de_projetos/Automatizacao _pagamentos_internacionais/.venv/lib/python3.12/site-packages/selenium/webdriver/support/wait.py", line 112, in until
    value = method(self._driver)
            ^^^^^^^^^^^^^^^^^^^^
  File "/home/jeremias/Documentos/pasta_de_projetos/Automatizacao _pagamentos_internacionais/.venv/lib/python3.12/site-packages/selenium/webdriver/support/expected_conditions.py", line 96, in _predicate
    return driver.find_element(*locator)
           ^^^^^^^^^^^^^^^^^^^^^^^^^^^^^
  File "/home/jeremias/Documentos/pasta_de_projetos/Automatizacao _pagamentos_internacionais/.venv/lib/python3.12/site-packages/selenium/webdriver/remote/webdriver.py", line 911, in find_element
    return self.execute(Command.FIND_ELEMENT, {"using": by, "value": value})["value"]
           ^^^^^^^^^^^^^^^^^^^^^^^^^^^^^^^^^^^^^^^^^^^^^^^^^^^^^^^^^^^^^^^^^
  File "/home/jeremias/Documentos/pasta_de_projetos/Automatizacao _pagamentos_internacionais/.venv/lib/python3.12/site-packages/selenium/webdriver/remote/webdriver.py", line 504, in execute
    self.error_handler.check_response(response)
  File "/home/jeremias/Documentos/pasta_de_projetos/Automatizacao _pagamentos_internacionais/.venv/lib/python3.12/site-packages/selenium/webdriver/remote/errorhandler.py", line 232, in check_response
    raise exception_class(message, screen, stacktrace)
selenium.common.exceptions.NoSuchWindowException: Message: no such window: target window already closed
from unknown error: web view not found
  (Session info: chrome=150.0.7871.114)
Stacktrace:
#0 0x56da9aadbaea <unknown>
#1 0x56da9a4d0509 <unknown>
#2 0x56da9a4a3d98 <unknown>
#3 0x56da9a552f48 <unknown>
#4 0x56da9a56cc68 <unknown>
#5 0x56da9a5185a9 <unknown>
#6 0x56da9a5193c1 <unknown>
#7 0x56da9aaa13db <unknown>
#8 0x56da9aaa00e4 <unknown>
#9 0x56da9aa8c784 <unknown>
#10 0x56da9aaa0882 <unknown>
#11 0x56da9aa76467 <unknown>
#12 0x56da9aac8148 <unknown>
#13 0x56da9aac8336 <unknown>
#14 0x56da9aada657 <unknown>
#15 0x709905a51aa4 <unknown>
#16 0x709905adec6c <unknown>

25/08/2026 - [10:22:40][ERROR]: Error terminating service process.
Traceback (most recent call last):
  File "/home/jeremias/Documentos/pasta_de_projetos/Automatizacao _pagamentos_internacionais/.venv/lib/python3.12/site-packages/selenium/webdriver/common/service.py", line 182, in _terminate_process
    self.process.terminate()
  File "/usr/lib/python3.12/subprocess.py", line 2211, in terminate
    self.send_signal(signal.SIGTERM)
  File "/usr/lib/python3.12/subprocess.py", line 2203, in send_signal
    os.kill(self.pid, sig)
PermissionError: [Errno 13] Permission denied
25/08/2026 - [10:52:21][INFO]: Processando cadastro do proprietario: 1 | Google
25/08/2026 - [10:52:23][INFO]: package: mysql.connector.plugins
25/08/2026 - [10:52:23][INFO]: plugin_name: caching_sha2_password
25/08/2026 - [10:52:23][INFO]: AUTHENTICATION_PLUGIN_CLASS: MySQLCachingSHA2PasswordAuthPlugin
25/08/2026 - [10:52:23][INFO]: package: mysql.connector.plugins
25/08/2026 - [10:52:23][INFO]: plugin_name: mysql_native_password
25/08/2026 - [10:52:23][INFO]: AUTHENTICATION_PLUGIN_CLASS: MySQLNativePasswordAuthPlugin
25/08/2026 - [10:52:23][INFO]: O banco de dados foi conectado!!!
25/08/2026 - [10:52:23][INFO]: Status da fatura 1 atualizado para PAGO
25/08/2026 - [10:52:23][INFO]: Banco de dados desconectado
25/08/2026 - [10:52:23][INFO]: Status do cliente 1 | Google atualizado com successo!!
25/08/2026 - [10:52:23][INFO]: Cliente 1 | Google cadastrado com sucesso!!
25/08/2026 - [10:52:23][INFO]: Status do cliente 1 | Google Atualizada com sucesso!!
25/08/2026 - [10:52:25][INFO]: Processando cadastro do proprietario: 2 | Microsoft
25/08/2026 - [10:52:26][INFO]: O banco de dados foi conectado!!!
25/08/2026 - [10:52:26][INFO]: Status da fatura 2 atualizado para PAGO
25/08/2026 - [10:52:26][INFO]: Banco de dados desconectado
25/08/2026 - [10:52:26][INFO]: Status do cliente 2 | Microsoft atualizado com successo!!
25/08/2026 - [10:52:26][INFO]: Cliente 2 | Microsoft cadastrado com sucesso!!
25/08/2026 - [10:52:26][INFO]: Status do cliente 2 | Microsoft Atualizada com sucesso!!
25/08/2026 - [10:52:28][INFO]: Processando cadastro do proprietario: 4 | Proprietario_teste
25/08/2026 - [10:52:29][INFO]: O banco de dados foi conectado!!!
25/08/2026 - [10:52:29][INFO]: Status da fatura 4 atualizado para PAGO
25/08/2026 - [10:52:29][INFO]: Banco de dados desconectado
25/08/2026 - [10:52:29][INFO]: Status do cliente 4 | Proprietario_teste atualizado com successo!!
25/08/2026 - [10:52:29][INFO]: Cliente 4 | Proprietario_teste cadastrado com sucesso!!
25/08/2026 - [10:52:29][INFO]: Status do cliente 4 | Proprietario_teste Atualizada com sucesso!!
25/08/2026 - [10:52:42][INFO]: package: mysql.connector.plugins
25/08/2026 - [10:52:42][INFO]: plugin_name: caching_sha2_password
25/08/2026 - [10:52:42][INFO]: AUTHENTICATION_PLUGIN_CLASS: MySQLCachingSHA2PasswordAuthPlugin
25/08/2026 - [10:52:42][INFO]: package: mysql.connector.plugins
25/08/2026 - [10:52:42][INFO]: plugin_name: mysql_native_password
25/08/2026 - [10:52:42][INFO]: AUTHENTICATION_PLUGIN_CLASS: MySQLNativePasswordAuthPlugin
25/08/2026 - [10:52:42][INFO]: O banco de dados foi conectado!!!
25/08/2026 - [10:52:42][INFO]: Status da fatura 1 atualizado para PAGO
25/08/2026 - [10:52:42][INFO]: Banco de dados desconectado
25/08/2026 - [10:52:42][INFO]: Status do cliente 1 | Google atualizado com successo!!
25/08/2026 - [10:52:42][INFO]: Cliente 1 | Google cadastrado com sucesso!!
25/08/2026 - [10:52:42][INFO]: Status do cliente 1 | Google Atualizada com sucesso!!
25/08/2026 - [11:06:33][INFO]: Nenhum status pendente. Nenhum cliente foi cadastrado
25/08/2026 - [11:06:33][INFO]: Nenhum status pendente. Nenhum cliente foi cadastrado
25/08/2026 - [11:06:33][INFO]: Nenhum status pendente. Nenhum cliente foi cadastrado
25/08/2026 - [11:06:49][INFO]: Nenhum status pendente. Nenhum cliente foi cadastrado
25/08/2026 - [11:15:03][INFO]: Nenhum status pendente. Nenhum cliente foi cadastrado
26/08/2026 - [11:17:35][ERROR]: Houve um erro inesperado ao tentar se conectar ao banco de dados: int() argument must be a string, a bytes-like object or a real number, not 'NoneType'
Traceback (most recent call last):
  File "/home/jeremias/Documentos/pasta_de_projetos/Automatizacao _pagamentos_internacionais/manipulacao_dados/banco_dados.py", line 27, in conectar_banco
    self.conexao = mysql.connector.connect(
                   ^^^^^^^^^^^^^^^^^^^^^^^^
  File "/home/jeremias/Documentos/pasta_de_projetos/Automatizacao _pagamentos_internacionais/.venv/lib/python3.12/site-packages/mysql/connector/pooling.py", line 323, in connect
    return MySQLConnection(*args, **kwargs)
           ^^^^^^^^^^^^^^^^^^^^^^^^^^^^^^^^
  File "/home/jeremias/Documentos/pasta_de_projetos/Automatizacao _pagamentos_internacionais/.venv/lib/python3.12/site-packages/mysql/connector/connection.py", line 185, in __init__
    self.connect(**kwargs)
  File "/home/jeremias/Documentos/pasta_de_projetos/Automatizacao _pagamentos_internacionais/.venv/lib/python3.12/site-packages/mysql/connector/abstracts.py", line 1601, in connect
    self.config(**kwargs)
  File "/home/jeremias/Documentos/pasta_de_projetos/Automatizacao _pagamentos_internacionais/.venv/lib/python3.12/site-packages/mysql/connector/abstracts.py", line 705, in config
    self._port = int(config["port"])
                 ^^^^^^^^^^^^^^^^^^^
TypeError: int() argument must be a string, a bytes-like object or a real number, not 'NoneType'
26/08/2026 - [11:17:35][ERROR]: Aconteceu um erro inesperado ao tentar consultar dados do banco de dados: 'NoneType' object has no attribute 'execute'
Traceback (most recent call last):
  File "/home/jeremias/Documentos/pasta_de_projetos/Automatizacao _pagamentos_internacionais/manipulacao_dados/banco_dados.py", line 65, in clientes_pendentes
    self.cursor.execute(
    ^^^^^^^^^^^^^^^^^^^
AttributeError: 'NoneType' object has no attribute 'execute'
26/08/2026 - [11:17:35][ERROR]: Houve um erro inesperado ao tentar fechar conexão com o banco: 'NoneType' object has no attribute 'close'
Traceback (most recent call last):
  File "/home/jeremias/Documentos/pasta_de_projetos/Automatizacao _pagamentos_internacionais/manipulacao_dados/banco_dados.py", line 54, in desconectar_banco
    self.cursor.close()
    ^^^^^^^^^^^^^^^^^
AttributeError: 'NoneType' object has no attribute 'close'
26/08/2026 - [11:18:19][ERROR]: Houve um erro inesperado ao tentar se conectar ao banco de dados: int() argument must be a string, a bytes-like object or a real number, not 'NoneType'
Traceback (most recent call last):
  File "/home/jeremias/Documentos/pasta_de_projetos/Automatizacao _pagamentos_internacionais/manipulacao_dados/banco_dados.py", line 27, in conectar_banco
    self.conexao = mysql.connector.connect(
                   ^^^^^^^^^^^^^^^^^^^^^^^^
  File "/home/jeremias/Documentos/pasta_de_projetos/Automatizacao _pagamentos_internacionais/.venv/lib/python3.12/site-packages/mysql/connector/pooling.py", line 323, in connect
    return MySQLConnection(*args, **kwargs)
           ^^^^^^^^^^^^^^^^^^^^^^^^^^^^^^^^
  File "/home/jeremias/Documentos/pasta_de_projetos/Automatizacao _pagamentos_internacionais/.venv/lib/python3.12/site-packages/mysql/connector/connection.py", line 185, in __init__
    self.connect(**kwargs)
  File "/home/jeremias/Documentos/pasta_de_projetos/Automatizacao _pagamentos_internacionais/.venv/lib/python3.12/site-packages/mysql/connector/abstracts.py", line 1601, in connect
    self.config(**kwargs)
  File "/home/jeremias/Documentos/pasta_de_projetos/Automatizacao _pagamentos_internacionais/.venv/lib/python3.12/site-packages/mysql/connector/abstracts.py", line 705, in config
    self._port = int(config["port"])
                 ^^^^^^^^^^^^^^^^^^^
TypeError: int() argument must be a string, a bytes-like object or a real number, not 'NoneType'
26/08/2026 - [11:18:19][ERROR]: Aconteceu um erro inesperado ao tentar consultar dados do banco de dados: 'NoneType' object has no attribute 'execute'
Traceback (most recent call last):
  File "/home/jeremias/Documentos/pasta_de_projetos/Automatizacao _pagamentos_internacionais/manipulacao_dados/banco_dados.py", line 65, in clientes_pendentes
    self.cursor.execute(
    ^^^^^^^^^^^^^^^^^^^
AttributeError: 'NoneType' object has no attribute 'execute'
26/08/2026 - [11:18:19][ERROR]: Houve um erro inesperado ao tentar fechar conexão com o banco: 'NoneType' object has no attribute 'close'
Traceback (most recent call last):
  File "/home/jeremias/Documentos/pasta_de_projetos/Automatizacao _pagamentos_internacionais/manipulacao_dados/banco_dados.py", line 54, in desconectar_banco
    self.cursor.close()
    ^^^^^^^^^^^^^^^^^
AttributeError: 'NoneType' object has no attribute 'close'
26/08/2026 - [11:19:16][ERROR]: Houve um erro inesperado ao tentar se conectar ao banco de dados: int() argument must be a string, a bytes-like object or a real number, not 'NoneType'
Traceback (most recent call last):
  File "/home/jeremias/Documentos/pasta_de_projetos/Automatizacao _pagamentos_internacionais/manipulacao_dados/banco_dados.py", line 27, in conectar_banco
    self.conexao = mysql.connector.connect(
                   ^^^^^^^^^^^^^^^^^^^^^^^^
  File "/home/jeremias/Documentos/pasta_de_projetos/Automatizacao _pagamentos_internacionais/.venv/lib/python3.12/site-packages/mysql/connector/pooling.py", line 323, in connect
    return MySQLConnection(*args, **kwargs)
           ^^^^^^^^^^^^^^^^^^^^^^^^^^^^^^^^
  File "/home/jeremias/Documentos/pasta_de_projetos/Automatizacao _pagamentos_internacionais/.venv/lib/python3.12/site-packages/mysql/connector/connection.py", line 185, in __init__
    self.connect(**kwargs)
  File "/home/jeremias/Documentos/pasta_de_projetos/Automatizacao _pagamentos_internacionais/.venv/lib/python3.12/site-packages/mysql/connector/abstracts.py", line 1601, in connect
    self.config(**kwargs)
  File "/home/jeremias/Documentos/pasta_de_projetos/Automatizacao _pagamentos_internacionais/.venv/lib/python3.12/site-packages/mysql/connector/abstracts.py", line 705, in config
    self._port = int(config["port"])
                 ^^^^^^^^^^^^^^^^^^^
TypeError: int() argument must be a string, a bytes-like object or a real number, not 'NoneType'
26/08/2026 - [11:19:16][ERROR]: Aconteceu um erro inesperado ao tentar consultar dados do banco de dados: 'NoneType' object has no attribute 'execute'
Traceback (most recent call last):
  File "/home/jeremias/Documentos/pasta_de_projetos/Automatizacao _pagamentos_internacionais/manipulacao_dados/banco_dados.py", line 65, in clientes_pendentes
    self.cursor.execute(
    ^^^^^^^^^^^^^^^^^^^
AttributeError: 'NoneType' object has no attribute 'execute'
26/08/2026 - [11:19:16][ERROR]: Houve um erro inesperado ao tentar fechar conexão com o banco: 'NoneType' object has no attribute 'close'
Traceback (most recent call last):
  File "/home/jeremias/Documentos/pasta_de_projetos/Automatizacao _pagamentos_internacionais/manipulacao_dados/banco_dados.py", line 54, in desconectar_banco
    self.cursor.close()
    ^^^^^^^^^^^^^^^^^
AttributeError: 'NoneType' object has no attribute 'close'
26/08/2026 - [11:21:24][ERROR]: Houve um erro inesperado ao tentar se conectar ao banco de dados: int() argument must be a string, a bytes-like object or a real number, not 'NoneType'
Traceback (most recent call last):
  File "/home/jeremias/Documentos/pasta_de_projetos/Automatizacao _pagamentos_internacionais/manipulacao_dados/banco_dados.py", line 27, in conectar_banco
    self.conexao = mysql.connector.connect(
                   ^^^^^^^^^^^^^^^^^^^^^^^^
  File "/home/jeremias/Documentos/pasta_de_projetos/Automatizacao _pagamentos_internacionais/.venv/lib/python3.12/site-packages/mysql/connector/pooling.py", line 323, in connect
    return MySQLConnection(*args, **kwargs)
           ^^^^^^^^^^^^^^^^^^^^^^^^^^^^^^^^
  File "/home/jeremias/Documentos/pasta_de_projetos/Automatizacao _pagamentos_internacionais/.venv/lib/python3.12/site-packages/mysql/connector/connection.py", line 185, in __init__
    self.connect(**kwargs)
  File "/home/jeremias/Documentos/pasta_de_projetos/Automatizacao _pagamentos_internacionais/.venv/lib/python3.12/site-packages/mysql/connector/abstracts.py", line 1601, in connect
    self.config(**kwargs)
  File "/home/jeremias/Documentos/pasta_de_projetos/Automatizacao _pagamentos_internacionais/.venv/lib/python3.12/site-packages/mysql/connector/abstracts.py", line 705, in config
    self._port = int(config["port"])
                 ^^^^^^^^^^^^^^^^^^^
TypeError: int() argument must be a string, a bytes-like object or a real number, not 'NoneType'
26/08/2026 - [11:21:24][ERROR]: Aconteceu um erro inesperado ao tentar consultar dados do banco de dados: 'NoneType' object has no attribute 'execute'
Traceback (most recent call last):
  File "/home/jeremias/Documentos/pasta_de_projetos/Automatizacao _pagamentos_internacionais/manipulacao_dados/banco_dados.py", line 65, in clientes_pendentes
    self.cursor.execute(
    ^^^^^^^^^^^^^^^^^^^
AttributeError: 'NoneType' object has no attribute 'execute'
26/08/2026 - [11:21:24][ERROR]: Houve um erro inesperado ao tentar fechar conexão com o banco: 'NoneType' object has no attribute 'close'
Traceback (most recent call last):
  File "/home/jeremias/Documentos/pasta_de_projetos/Automatizacao _pagamentos_internacionais/manipulacao_dados/banco_dados.py", line 54, in desconectar_banco
    self.cursor.close()
    ^^^^^^^^^^^^^^^^^
AttributeError: 'NoneType' object has no attribute 'close'
26/08/2026 - [11:21:56][ERROR]: Houve um erro inesperado ao tentar se conectar ao banco de dados: int() argument must be a string, a bytes-like object or a real number, not 'NoneType'
Traceback (most recent call last):
  File "/home/jeremias/Documentos/pasta_de_projetos/Automatizacao _pagamentos_internacionais/manipulacao_dados/banco_dados.py", line 27, in conectar_banco
    self.conexao = mysql.connector.connect(
                   ^^^^^^^^^^^^^^^^^^^^^^^^
  File "/home/jeremias/Documentos/pasta_de_projetos/Automatizacao _pagamentos_internacionais/.venv/lib/python3.12/site-packages/mysql/connector/pooling.py", line 323, in connect
    return MySQLConnection(*args, **kwargs)
           ^^^^^^^^^^^^^^^^^^^^^^^^^^^^^^^^
  File "/home/jeremias/Documentos/pasta_de_projetos/Automatizacao _pagamentos_internacionais/.venv/lib/python3.12/site-packages/mysql/connector/connection.py", line 185, in __init__
    self.connect(**kwargs)
  File "/home/jeremias/Documentos/pasta_de_projetos/Automatizacao _pagamentos_internacionais/.venv/lib/python3.12/site-packages/mysql/connector/abstracts.py", line 1601, in connect
    self.config(**kwargs)
  File "/home/jeremias/Documentos/pasta_de_projetos/Automatizacao _pagamentos_internacionais/.venv/lib/python3.12/site-packages/mysql/connector/abstracts.py", line 705, in config
    self._port = int(config["port"])
                 ^^^^^^^^^^^^^^^^^^^
TypeError: int() argument must be a string, a bytes-like object or a real number, not 'NoneType'
26/08/2026 - [11:21:56][ERROR]: Houve um erro inesperado ao tentar se conectar ao banco de dados: int() argument must be a string, a bytes-like object or a real number, not 'NoneType'
Traceback (most recent call last):
  File "/home/jeremias/Documentos/pasta_de_projetos/Automatizacao _pagamentos_internacionais/manipulacao_dados/banco_dados.py", line 27, in conectar_banco
    self.conexao = mysql.connector.connect(
                   ^^^^^^^^^^^^^^^^^^^^^^^^
  File "/home/jeremias/Documentos/pasta_de_projetos/Automatizacao _pagamentos_internacionais/.venv/lib/python3.12/site-packages/mysql/connector/pooling.py", line 323, in connect
    return MySQLConnection(*args, **kwargs)
           ^^^^^^^^^^^^^^^^^^^^^^^^^^^^^^^^
  File "/home/jeremias/Documentos/pasta_de_projetos/Automatizacao _pagamentos_internacionais/.venv/lib/python3.12/site-packages/mysql/connector/connection.py", line 185, in __init__
    self.connect(**kwargs)
  File "/home/jeremias/Documentos/pasta_de_projetos/Automatizacao _pagamentos_internacionais/.venv/lib/python3.12/site-packages/mysql/connector/abstracts.py", line 1601, in connect
    self.config(**kwargs)
  File "/home/jeremias/Documentos/pasta_de_projetos/Automatizacao _pagamentos_internacionais/.venv/lib/python3.12/site-packages/mysql/connector/abstracts.py", line 705, in config
    self._port = int(config["port"])
                 ^^^^^^^^^^^^^^^^^^^
TypeError: int() argument must be a string, a bytes-like object or a real number, not 'NoneType'
26/08/2026 - [11:21:56][ERROR]: Aconteceu um erro inesperado ao tentar consultar dados do banco de dados: 'NoneType' object has no attribute 'execute'
Traceback (most recent call last):
  File "/home/jeremias/Documentos/pasta_de_projetos/Automatizacao _pagamentos_internacionais/manipulacao_dados/banco_dados.py", line 66, in clientes_pendentes
    self.cursor.execute(
    ^^^^^^^^^^^^^^^^^^^
AttributeError: 'NoneType' object has no attribute 'execute'
26/08/2026 - [11:21:56][ERROR]: Houve um erro inesperado ao tentar fechar conexão com o banco: 'NoneType' object has no attribute 'close'
Traceback (most recent call last):
  File "/home/jeremias/Documentos/pasta_de_projetos/Automatizacao _pagamentos_internacionais/manipulacao_dados/banco_dados.py", line 54, in desconectar_banco
    self.cursor.close()
    ^^^^^^^^^^^^^^^^^
AttributeError: 'NoneType' object has no attribute 'close'
26/08/2026 - [11:22:24][ERROR]: Houve um erro inesperado ao tentar se conectar ao banco de dados: int() argument must be a string, a bytes-like object or a real number, not 'NoneType'
Traceback (most recent call last):
  File "/home/jeremias/Documentos/pasta_de_projetos/Automatizacao _pagamentos_internacionais/manipulacao_dados/banco_dados.py", line 27, in conectar_banco
    self.conexao = mysql.connector.connect(
                   ^^^^^^^^^^^^^^^^^^^^^^^^
  File "/home/jeremias/Documentos/pasta_de_projetos/Automatizacao _pagamentos_internacionais/.venv/lib/python3.12/site-packages/mysql/connector/pooling.py", line 323, in connect
    return MySQLConnection(*args, **kwargs)
           ^^^^^^^^^^^^^^^^^^^^^^^^^^^^^^^^
  File "/home/jeremias/Documentos/pasta_de_projetos/Automatizacao _pagamentos_internacionais/.venv/lib/python3.12/site-packages/mysql/connector/connection.py", line 185, in __init__
    self.connect(**kwargs)
  File "/home/jeremias/Documentos/pasta_de_projetos/Automatizacao _pagamentos_internacionais/.venv/lib/python3.12/site-packages/mysql/connector/abstracts.py", line 1601, in connect
    self.config(**kwargs)
  File "/home/jeremias/Documentos/pasta_de_projetos/Automatizacao _pagamentos_internacionais/.venv/lib/python3.12/site-packages/mysql/connector/abstracts.py", line 705, in config
    self._port = int(config["port"])
                 ^^^^^^^^^^^^^^^^^^^
TypeError: int() argument must be a string, a bytes-like object or a real number, not 'NoneType'
26/08/2026 - [11:22:24][ERROR]: Aconteceu um erro inesperado ao tentar consultar dados do banco de dados: 'NoneType' object has no attribute 'execute'
Traceback (most recent call last):
  File "/home/jeremias/Documentos/pasta_de_projetos/Automatizacao _pagamentos_internacionais/manipulacao_dados/banco_dados.py", line 66, in clientes_pendentes
    self.cursor.execute(
    ^^^^^^^^^^^^^^^^^^^
AttributeError: 'NoneType' object has no attribute 'execute'
26/08/2026 - [11:22:24][ERROR]: Houve um erro inesperado ao tentar fechar conexão com o banco: 'NoneType' object has no attribute 'close'
Traceback (most recent call last):
  File "/home/jeremias/Documentos/pasta_de_projetos/Automatizacao _pagamentos_internacionais/manipulacao_dados/banco_dados.py", line 54, in desconectar_banco
    self.cursor.close()
    ^^^^^^^^^^^^^^^^^
AttributeError: 'NoneType' object has no attribute 'close'
26/08/2026 - [11:22:38][ERROR]: Houve um erro inesperado ao tentar se conectar ao banco de dados: int() argument must be a string, a bytes-like object or a real number, not 'NoneType'
Traceback (most recent call last):
  File "/home/jeremias/Documentos/pasta_de_projetos/Automatizacao _pagamentos_internacionais/manipulacao_dados/banco_dados.py", line 27, in conectar_banco
    self.conexao = mysql.connector.connect(
                   ^^^^^^^^^^^^^^^^^^^^^^^^
  File "/home/jeremias/Documentos/pasta_de_projetos/Automatizacao _pagamentos_internacionais/.venv/lib/python3.12/site-packages/mysql/connector/pooling.py", line 323, in connect
    return MySQLConnection(*args, **kwargs)
           ^^^^^^^^^^^^^^^^^^^^^^^^^^^^^^^^
  File "/home/jeremias/Documentos/pasta_de_projetos/Automatizacao _pagamentos_internacionais/.venv/lib/python3.12/site-packages/mysql/connector/connection.py", line 185, in __init__
    self.connect(**kwargs)
  File "/home/jeremias/Documentos/pasta_de_projetos/Automatizacao _pagamentos_internacionais/.venv/lib/python3.12/site-packages/mysql/connector/abstracts.py", line 1601, in connect
    self.config(**kwargs)
  File "/home/jeremias/Documentos/pasta_de_projetos/Automatizacao _pagamentos_internacionais/.venv/lib/python3.12/site-packages/mysql/connector/abstracts.py", line 705, in config
    self._port = int(config["port"])
                 ^^^^^^^^^^^^^^^^^^^
TypeError: int() argument must be a string, a bytes-like object or a real number, not 'NoneType'
26/08/2026 - [11:22:38][ERROR]: Aconteceu um erro inesperado ao tentar consultar dados do banco de dados: 'NoneType' object has no attribute 'execute'
Traceback (most recent call last):
  File "/home/jeremias/Documentos/pasta_de_projetos/Automatizacao _pagamentos_internacionais/manipulacao_dados/banco_dados.py", line 66, in clientes_pendentes
    self.cursor.execute(
    ^^^^^^^^^^^^^^^^^^^
AttributeError: 'NoneType' object has no attribute 'execute'
26/08/2026 - [11:22:38][ERROR]: Houve um erro inesperado ao tentar fechar conexão com o banco: 'NoneType' object has no attribute 'close'
Traceback (most recent call last):
  File "/home/jeremias/Documentos/pasta_de_projetos/Automatizacao _pagamentos_internacionais/manipulacao_dados/banco_dados.py", line 54, in desconectar_banco
    self.cursor.close()
    ^^^^^^^^^^^^^^^^^
AttributeError: 'NoneType' object has no attribute 'close'
26/08/2026 - [11:23:12][ERROR]: Houve um erro inesperado ao tentar se conectar ao banco de dados: int() argument must be a string, a bytes-like object or a real number, not 'NoneType'
Traceback (most recent call last):
  File "/home/jeremias/Documentos/pasta_de_projetos/Automatizacao _pagamentos_internacionais/manipulacao_dados/banco_dados.py", line 27, in conectar_banco
    self.conexao = mysql.connector.connect(
                   ^^^^^^^^^^^^^^^^^^^^^^^^
  File "/home/jeremias/Documentos/pasta_de_projetos/Automatizacao _pagamentos_internacionais/.venv/lib/python3.12/site-packages/mysql/connector/pooling.py", line 323, in connect
    return MySQLConnection(*args, **kwargs)
           ^^^^^^^^^^^^^^^^^^^^^^^^^^^^^^^^
  File "/home/jeremias/Documentos/pasta_de_projetos/Automatizacao _pagamentos_internacionais/.venv/lib/python3.12/site-packages/mysql/connector/connection.py", line 185, in __init__
    self.connect(**kwargs)
  File "/home/jeremias/Documentos/pasta_de_projetos/Automatizacao _pagamentos_internacionais/.venv/lib/python3.12/site-packages/mysql/connector/abstracts.py", line 1601, in connect
    self.config(**kwargs)
  File "/home/jeremias/Documentos/pasta_de_projetos/Automatizacao _pagamentos_internacionais/.venv/lib/python3.12/site-packages/mysql/connector/abstracts.py", line 705, in config
    self._port = int(config["port"])
                 ^^^^^^^^^^^^^^^^^^^
TypeError: int() argument must be a string, a bytes-like object or a real number, not 'NoneType'
26/08/2026 - [11:23:12][ERROR]: Aconteceu um erro inesperado ao tentar consultar dados do banco de dados: 'NoneType' object has no attribute 'execute'
Traceback (most recent call last):
  File "/home/jeremias/Documentos/pasta_de_projetos/Automatizacao _pagamentos_internacionais/manipulacao_dados/banco_dados.py", line 66, in clientes_pendentes
    self.cursor.execute(
    ^^^^^^^^^^^^^^^^^^^
AttributeError: 'NoneType' object has no attribute 'execute'
26/08/2026 - [11:23:12][ERROR]: Houve um erro inesperado ao tentar fechar conexão com o banco: 'NoneType' object has no attribute 'close'
Traceback (most recent call last):
  File "/home/jeremias/Documentos/pasta_de_projetos/Automatizacao _pagamentos_internacionais/manipulacao_dados/banco_dados.py", line 54, in desconectar_banco
    self.cursor.close()
    ^^^^^^^^^^^^^^^^^
AttributeError: 'NoneType' object has no attribute 'close'
26/08/2026 - [11:24:02][ERROR]: Houve um erro inesperado ao tentar se conectar ao banco de dados: int() argument must be a string, a bytes-like object or a real number, not 'NoneType'
Traceback (most recent call last):
  File "/home/jeremias/Documentos/pasta_de_projetos/Automatizacao _pagamentos_internacionais/manipulacao_dados/banco_dados.py", line 27, in conectar_banco
    self.conexao = mysql.connector.connect(
                   ^^^^^^^^^^^^^^^^^^^^^^^^
  File "/home/jeremias/Documentos/pasta_de_projetos/Automatizacao _pagamentos_internacionais/.venv/lib/python3.12/site-packages/mysql/connector/pooling.py", line 323, in connect
    return MySQLConnection(*args, **kwargs)
           ^^^^^^^^^^^^^^^^^^^^^^^^^^^^^^^^
  File "/home/jeremias/Documentos/pasta_de_projetos/Automatizacao _pagamentos_internacionais/.venv/lib/python3.12/site-packages/mysql/connector/connection.py", line 185, in __init__
    self.connect(**kwargs)
  File "/home/jeremias/Documentos/pasta_de_projetos/Automatizacao _pagamentos_internacionais/.venv/lib/python3.12/site-packages/mysql/connector/abstracts.py", line 1601, in connect
    self.config(**kwargs)
  File "/home/jeremias/Documentos/pasta_de_projetos/Automatizacao _pagamentos_internacionais/.venv/lib/python3.12/site-packages/mysql/connector/abstracts.py", line 705, in config
    self._port = int(config["port"])
                 ^^^^^^^^^^^^^^^^^^^
TypeError: int() argument must be a string, a bytes-like object or a real number, not 'NoneType'
26/08/2026 - [11:24:02][ERROR]: Aconteceu um erro inesperado ao tentar consultar dados do banco de dados: 'NoneType' object has no attribute 'execute'
Traceback (most recent call last):
  File "/home/jeremias/Documentos/pasta_de_projetos/Automatizacao _pagamentos_internacionais/manipulacao_dados/banco_dados.py", line 66, in clientes_pendentes
    self.cursor.execute(
    ^^^^^^^^^^^^^^^^^^^
AttributeError: 'NoneType' object has no attribute 'execute'
26/08/2026 - [11:24:02][ERROR]: Houve um erro inesperado ao tentar fechar conexão com o banco: 'NoneType' object has no attribute 'close'
Traceback (most recent call last):
  File "/home/jeremias/Documentos/pasta_de_projetos/Automatizacao _pagamentos_internacionais/manipulacao_dados/banco_dados.py", line 54, in desconectar_banco
    self.cursor.close()
    ^^^^^^^^^^^^^^^^^
AttributeError: 'NoneType' object has no attribute 'close'
26/08/2026 - [11:24:19][ERROR]: Houve um erro inesperado ao tentar se conectar ao banco de dados: int() argument must be a string, a bytes-like object or a real number, not 'NoneType'
Traceback (most recent call last):
  File "/home/jeremias/Documentos/pasta_de_projetos/Automatizacao _pagamentos_internacionais/manipulacao_dados/banco_dados.py", line 27, in conectar_banco
    self.conexao = mysql.connector.connect(
                   ^^^^^^^^^^^^^^^^^^^^^^^^
  File "/home/jeremias/Documentos/pasta_de_projetos/Automatizacao _pagamentos_internacionais/.venv/lib/python3.12/site-packages/mysql/connector/pooling.py", line 323, in connect
    return MySQLConnection(*args, **kwargs)
           ^^^^^^^^^^^^^^^^^^^^^^^^^^^^^^^^
  File "/home/jeremias/Documentos/pasta_de_projetos/Automatizacao _pagamentos_internacionais/.venv/lib/python3.12/site-packages/mysql/connector/connection.py", line 185, in __init__
    self.connect(**kwargs)
  File "/home/jeremias/Documentos/pasta_de_projetos/Automatizacao _pagamentos_internacionais/.venv/lib/python3.12/site-packages/mysql/connector/abstracts.py", line 1601, in connect
    self.config(**kwargs)
  File "/home/jeremias/Documentos/pasta_de_projetos/Automatizacao _pagamentos_internacionais/.venv/lib/python3.12/site-packages/mysql/connector/abstracts.py", line 705, in config
    self._port = int(config["port"])
                 ^^^^^^^^^^^^^^^^^^^
TypeError: int() argument must be a string, a bytes-like object or a real number, not 'NoneType'
26/08/2026 - [11:24:19][ERROR]: Aconteceu um erro inesperado ao tentar consultar dados do banco de dados: 'NoneType' object has no attribute 'execute'
Traceback (most recent call last):
  File "/home/jeremias/Documentos/pasta_de_projetos/Automatizacao _pagamentos_internacionais/manipulacao_dados/banco_dados.py", line 66, in clientes_pendentes
    self.cursor.execute(
    ^^^^^^^^^^^^^^^^^^^
AttributeError: 'NoneType' object has no attribute 'execute'
26/08/2026 - [11:24:19][ERROR]: Houve um erro inesperado ao tentar fechar conexão com o banco: 'NoneType' object has no attribute 'close'
Traceback (most recent call last):
  File "/home/jeremias/Documentos/pasta_de_projetos/Automatizacao _pagamentos_internacionais/manipulacao_dados/banco_dados.py", line 54, in desconectar_banco
    self.cursor.close()
    ^^^^^^^^^^^^^^^^^
AttributeError: 'NoneType' object has no attribute 'close'
26/08/2026 - [11:24:57][ERROR]: Houve um erro inesperado ao tentar se conectar ao banco de dados: int() argument must be a string, a bytes-like object or a real number, not 'NoneType'
Traceback (most recent call last):
  File "/home/jeremias/Documentos/pasta_de_projetos/Automatizacao _pagamentos_internacionais/manipulacao_dados/banco_dados.py", line 27, in conectar_banco
    self.conexao = mysql.connector.connect(
                   ^^^^^^^^^^^^^^^^^^^^^^^^
  File "/home/jeremias/Documentos/pasta_de_projetos/Automatizacao _pagamentos_internacionais/.venv/lib/python3.12/site-packages/mysql/connector/pooling.py", line 323, in connect
    return MySQLConnection(*args, **kwargs)
           ^^^^^^^^^^^^^^^^^^^^^^^^^^^^^^^^
  File "/home/jeremias/Documentos/pasta_de_projetos/Automatizacao _pagamentos_internacionais/.venv/lib/python3.12/site-packages/mysql/connector/connection.py", line 185, in __init__
    self.connect(**kwargs)
  File "/home/jeremias/Documentos/pasta_de_projetos/Automatizacao _pagamentos_internacionais/.venv/lib/python3.12/site-packages/mysql/connector/abstracts.py", line 1601, in connect
    self.config(**kwargs)
  File "/home/jeremias/Documentos/pasta_de_projetos/Automatizacao _pagamentos_internacionais/.venv/lib/python3.12/site-packages/mysql/connector/abstracts.py", line 705, in config
    self._port = int(config["port"])
                 ^^^^^^^^^^^^^^^^^^^
TypeError: int() argument must be a string, a bytes-like object or a real number, not 'NoneType'
26/08/2026 - [11:24:57][ERROR]: Aconteceu um erro inesperado ao tentar consultar dados do banco de dados: 'NoneType' object has no attribute 'execute'
Traceback (most recent call last):
  File "/home/jeremias/Documentos/pasta_de_projetos/Automatizacao _pagamentos_internacionais/manipulacao_dados/banco_dados.py", line 66, in clientes_pendentes
    self.cursor.execute(
    ^^^^^^^^^^^^^^^^^^^
AttributeError: 'NoneType' object has no attribute 'execute'
26/08/2026 - [11:24:57][ERROR]: Houve um erro inesperado ao tentar fechar conexão com o banco: 'NoneType' object has no attribute 'close'
Traceback (most recent call last):
  File "/home/jeremias/Documentos/pasta_de_projetos/Automatizacao _pagamentos_internacionais/manipulacao_dados/banco_dados.py", line 54, in desconectar_banco
    self.cursor.close()
    ^^^^^^^^^^^^^^^^^
AttributeError: 'NoneType' object has no attribute 'close'
26/08/2026 - [11:26:45][ERROR]: Houve um erro inesperado ao tentar se conectar ao banco de dados: int() argument must be a string, a bytes-like object or a real number, not 'NoneType'
Traceback (most recent call last):
  File "/home/jeremias/Documentos/pasta_de_projetos/Automatizacao _pagamentos_internacionais/manipulacao_dados/banco_dados.py", line 28, in conectar_banco
    self.conexao = mysql.connector.connect(
                   ^^^^^^^^^^^^^^^^^^^^^^^^
  File "/home/jeremias/Documentos/pasta_de_projetos/Automatizacao _pagamentos_internacionais/.venv/lib/python3.12/site-packages/mysql/connector/pooling.py", line 323, in connect
    return MySQLConnection(*args, **kwargs)
           ^^^^^^^^^^^^^^^^^^^^^^^^^^^^^^^^
  File "/home/jeremias/Documentos/pasta_de_projetos/Automatizacao _pagamentos_internacionais/.venv/lib/python3.12/site-packages/mysql/connector/connection.py", line 185, in __init__
    self.connect(**kwargs)
  File "/home/jeremias/Documentos/pasta_de_projetos/Automatizacao _pagamentos_internacionais/.venv/lib/python3.12/site-packages/mysql/connector/abstracts.py", line 1601, in connect
    self.config(**kwargs)
  File "/home/jeremias/Documentos/pasta_de_projetos/Automatizacao _pagamentos_internacionais/.venv/lib/python3.12/site-packages/mysql/connector/abstracts.py", line 705, in config
    self._port = int(config["port"])
                 ^^^^^^^^^^^^^^^^^^^
TypeError: int() argument must be a string, a bytes-like object or a real number, not 'NoneType'
26/08/2026 - [11:26:45][ERROR]: Aconteceu um erro inesperado ao tentar consultar dados do banco de dados: read_sql() missing 1 required positional argument: 'con'
Traceback (most recent call last):
  File "/home/jeremias/Documentos/pasta_de_projetos/Automatizacao _pagamentos_internacionais/manipulacao_dados/banco_dados.py", line 67, in clientes_pendentes
    sql = pd.read_sql(
          ^^^^^^^^^^^^
TypeError: read_sql() missing 1 required positional argument: 'con'
26/08/2026 - [11:26:45][ERROR]: Houve um erro inesperado ao tentar fechar conexão com o banco: 'NoneType' object has no attribute 'close'
Traceback (most recent call last):
  File "/home/jeremias/Documentos/pasta_de_projetos/Automatizacao _pagamentos_internacionais/manipulacao_dados/banco_dados.py", line 55, in desconectar_banco
    self.cursor.close()
    ^^^^^^^^^^^^^^^^^
AttributeError: 'NoneType' object has no attribute 'close'
26/08/2026 - [11:27:02][ERROR]: Houve um erro inesperado ao tentar se conectar ao banco de dados: int() argument must be a string, a bytes-like object or a real number, not 'NoneType'
Traceback (most recent call last):
  File "/home/jeremias/Documentos/pasta_de_projetos/Automatizacao _pagamentos_internacionais/manipulacao_dados/banco_dados.py", line 28, in conectar_banco
    self.conexao = mysql.connector.connect(
                   ^^^^^^^^^^^^^^^^^^^^^^^^
  File "/home/jeremias/Documentos/pasta_de_projetos/Automatizacao _pagamentos_internacionais/.venv/lib/python3.12/site-packages/mysql/connector/pooling.py", line 323, in connect
    return MySQLConnection(*args, **kwargs)
           ^^^^^^^^^^^^^^^^^^^^^^^^^^^^^^^^
  File "/home/jeremias/Documentos/pasta_de_projetos/Automatizacao _pagamentos_internacionais/.venv/lib/python3.12/site-packages/mysql/connector/connection.py", line 185, in __init__
    self.connect(**kwargs)
  File "/home/jeremias/Documentos/pasta_de_projetos/Automatizacao _pagamentos_internacionais/.venv/lib/python3.12/site-packages/mysql/connector/abstracts.py", line 1601, in connect
    self.config(**kwargs)
  File "/home/jeremias/Documentos/pasta_de_projetos/Automatizacao _pagamentos_internacionais/.venv/lib/python3.12/site-packages/mysql/connector/abstracts.py", line 705, in config
    self._port = int(config["port"])
                 ^^^^^^^^^^^^^^^^^^^
TypeError: int() argument must be a string, a bytes-like object or a real number, not 'NoneType'
26/08/2026 - [11:27:02][ERROR]: Aconteceu um erro inesperado ao tentar consultar dados do banco de dados: read_sql() missing 1 required positional argument: 'con'
Traceback (most recent call last):
  File "/home/jeremias/Documentos/pasta_de_projetos/Automatizacao _pagamentos_internacionais/manipulacao_dados/banco_dados.py", line 67, in clientes_pendentes
    sql = pd.read_sql(
          ^^^^^^^^^^^^
TypeError: read_sql() missing 1 required positional argument: 'con'
26/08/2026 - [11:27:02][ERROR]: Houve um erro inesperado ao tentar fechar conexão com o banco: 'NoneType' object has no attribute 'close'
Traceback (most recent call last):
  File "/home/jeremias/Documentos/pasta_de_projetos/Automatizacao _pagamentos_internacionais/manipulacao_dados/banco_dados.py", line 55, in desconectar_banco
    self.cursor.close()
    ^^^^^^^^^^^^^^^^^
AttributeError: 'NoneType' object has no attribute 'close'
26/08/2026 - [11:27:55][ERROR]: Houve um erro inesperado ao tentar se conectar ao banco de dados: int() argument must be a string, a bytes-like object or a real number, not 'NoneType'
Traceback (most recent call last):
  File "/home/jeremias/Documentos/pasta_de_projetos/Automatizacao _pagamentos_internacionais/manipulacao_dados/banco_dados.py", line 28, in conectar_banco
    self.conexao = mysql.connector.connect(
                   ^^^^^^^^^^^^^^^^^^^^^^^^
  File "/home/jeremias/Documentos/pasta_de_projetos/Automatizacao _pagamentos_internacionais/.venv/lib/python3.12/site-packages/mysql/connector/pooling.py", line 323, in connect
    return MySQLConnection(*args, **kwargs)
           ^^^^^^^^^^^^^^^^^^^^^^^^^^^^^^^^
  File "/home/jeremias/Documentos/pasta_de_projetos/Automatizacao _pagamentos_internacionais/.venv/lib/python3.12/site-packages/mysql/connector/connection.py", line 185, in __init__
    self.connect(**kwargs)
  File "/home/jeremias/Documentos/pasta_de_projetos/Automatizacao _pagamentos_internacionais/.venv/lib/python3.12/site-packages/mysql/connector/abstracts.py", line 1601, in connect
    self.config(**kwargs)
  File "/home/jeremias/Documentos/pasta_de_projetos/Automatizacao _pagamentos_internacionais/.venv/lib/python3.12/site-packages/mysql/connector/abstracts.py", line 705, in config
    self._port = int(config["port"])
                 ^^^^^^^^^^^^^^^^^^^
TypeError: int() argument must be a string, a bytes-like object or a real number, not 'NoneType'
26/08/2026 - [11:27:55][ERROR]: Aconteceu um erro inesperado ao tentar consultar dados do banco de dados: 'NoneType' object has no attribute 'cursor'
Traceback (most recent call last):
  File "/home/jeremias/Documentos/pasta_de_projetos/Automatizacao _pagamentos_internacionais/manipulacao_dados/banco_dados.py", line 67, in clientes_pendentes
    sql = pd.read_sql(
          ^^^^^^^^^^^^
  File "/home/jeremias/Documentos/pasta_de_projetos/Automatizacao _pagamentos_internacionais/.venv/lib/python3.12/site-packages/pandas/io/sql.py", line 702, in read_sql
    return pandas_sql.read_query(
           ^^^^^^^^^^^^^^^^^^^^^^
  File "/home/jeremias/Documentos/pasta_de_projetos/Automatizacao _pagamentos_internacionais/.venv/lib/python3.12/site-packages/pandas/io/sql.py", line 2809, in read_query
    cursor = self.execute(sql, params)
             ^^^^^^^^^^^^^^^^^^^^^^^^^
  File "/home/jeremias/Documentos/pasta_de_projetos/Automatizacao _pagamentos_internacionais/.venv/lib/python3.12/site-packages/pandas/io/sql.py", line 2743, in execute
    cur = self.con.cursor()
          ^^^^^^^^^^^^^^^
AttributeError: 'NoneType' object has no attribute 'cursor'
26/08/2026 - [11:27:55][ERROR]: Houve um erro inesperado ao tentar fechar conexão com o banco: 'NoneType' object has no attribute 'close'
Traceback (most recent call last):
  File "/home/jeremias/Documentos/pasta_de_projetos/Automatizacao _pagamentos_internacionais/manipulacao_dados/banco_dados.py", line 55, in desconectar_banco
    self.cursor.close()
    ^^^^^^^^^^^^^^^^^
AttributeError: 'NoneType' object has no attribute 'close'
26/08/2026 - [11:31:01][ERROR]: Houve um erro inesperado ao tentar se conectar ao banco de dados: int() argument must be a string, a bytes-like object or a real number, not 'NoneType'
Traceback (most recent call last):
  File "/home/jeremias/Documentos/pasta_de_projetos/Automatizacao _pagamentos_internacionais/manipulacao_dados/banco_dados.py", line 28, in conectar_banco
    self.conexao = mysql.connector.connect(
                   ^^^^^^^^^^^^^^^^^^^^^^^^
  File "/home/jeremias/Documentos/pasta_de_projetos/Automatizacao _pagamentos_internacionais/.venv/lib/python3.12/site-packages/mysql/connector/pooling.py", line 323, in connect
    return MySQLConnection(*args, **kwargs)
           ^^^^^^^^^^^^^^^^^^^^^^^^^^^^^^^^
  File "/home/jeremias/Documentos/pasta_de_projetos/Automatizacao _pagamentos_internacionais/.venv/lib/python3.12/site-packages/mysql/connector/connection.py", line 185, in __init__
    self.connect(**kwargs)
  File "/home/jeremias/Documentos/pasta_de_projetos/Automatizacao _pagamentos_internacionais/.venv/lib/python3.12/site-packages/mysql/connector/abstracts.py", line 1601, in connect
    self.config(**kwargs)
  File "/home/jeremias/Documentos/pasta_de_projetos/Automatizacao _pagamentos_internacionais/.venv/lib/python3.12/site-packages/mysql/connector/abstracts.py", line 705, in config
    self._port = int(config["port"])
                 ^^^^^^^^^^^^^^^^^^^
TypeError: int() argument must be a string, a bytes-like object or a real number, not 'NoneType'
26/08/2026 - [11:31:01][ERROR]: Aconteceu um erro inesperado ao tentar consultar dados do banco de dados: 'NoneType' object has no attribute 'cursor'
Traceback (most recent call last):
  File "/home/jeremias/Documentos/pasta_de_projetos/Automatizacao _pagamentos_internacionais/manipulacao_dados/banco_dados.py", line 67, in clientes_pendentes
    dados = self.conexao.cursor(
            ^^^^^^^^^^^^^^^^^^^
AttributeError: 'NoneType' object has no attribute 'cursor'
26/08/2026 - [11:31:01][ERROR]: Houve um erro inesperado ao tentar fechar conexão com o banco: 'NoneType' object has no attribute 'close'
Traceback (most recent call last):
  File "/home/jeremias/Documentos/pasta_de_projetos/Automatizacao _pagamentos_internacionais/manipulacao_dados/banco_dados.py", line 55, in desconectar_banco
    self.cursor.close()
    ^^^^^^^^^^^^^^^^^
AttributeError: 'NoneType' object has no attribute 'close'
26/08/2026 - [11:32:58][ERROR]: Houve um erro inesperado ao tentar se conectar ao banco de dados: int() argument must be a string, a bytes-like object or a real number, not 'NoneType'
Traceback (most recent call last):
  File "/home/jeremias/Documentos/pasta_de_projetos/Automatizacao _pagamentos_internacionais/manipulacao_dados/banco_dados.py", line 28, in conectar_banco
    self.conexao = mysql.connector.connect(
                   ^^^^^^^^^^^^^^^^^^^^^^^^
  File "/home/jeremias/Documentos/pasta_de_projetos/Automatizacao _pagamentos_internacionais/.venv/lib/python3.12/site-packages/mysql/connector/pooling.py", line 323, in connect
    return MySQLConnection(*args, **kwargs)
           ^^^^^^^^^^^^^^^^^^^^^^^^^^^^^^^^
  File "/home/jeremias/Documentos/pasta_de_projetos/Automatizacao _pagamentos_internacionais/.venv/lib/python3.12/site-packages/mysql/connector/connection.py", line 185, in __init__
    self.connect(**kwargs)
  File "/home/jeremias/Documentos/pasta_de_projetos/Automatizacao _pagamentos_internacionais/.venv/lib/python3.12/site-packages/mysql/connector/abstracts.py", line 1601, in connect
    self.config(**kwargs)
  File "/home/jeremias/Documentos/pasta_de_projetos/Automatizacao _pagamentos_internacionais/.venv/lib/python3.12/site-packages/mysql/connector/abstracts.py", line 705, in config
    self._port = int(config["port"])
                 ^^^^^^^^^^^^^^^^^^^
TypeError: int() argument must be a string, a bytes-like object or a real number, not 'NoneType'
26/08/2026 - [11:32:58][ERROR]: Aconteceu um erro inesperado ao tentar consultar dados do banco de dados: 'NoneType' object has no attribute 'cursor'
Traceback (most recent call last):
  File "/home/jeremias/Documentos/pasta_de_projetos/Automatizacao _pagamentos_internacionais/manipulacao_dados/banco_dados.py", line 67, in clientes_pendentes
    dados = self.conexao.cursor(
            ^^^^^^^^^^^^^^^^^^^
AttributeError: 'NoneType' object has no attribute 'cursor'
26/08/2026 - [11:33:09][ERROR]: Aconteceu um erro inesperado ao tentar consultar dados do banco de dados: 'NoneType' object has no attribute 'cursor'
Traceback (most recent call last):
  File "/home/jeremias/Documentos/pasta_de_projetos/Automatizacao _pagamentos_internacionais/manipulacao_dados/banco_dados.py", line 67, in clientes_pendentes
    dados = self.conexao.cursor(
            ^^^^^^^^^^^^^^^^^^^
AttributeError: 'NoneType' object has no attribute 'cursor'
26/08/2026 - [11:34:53][ERROR]: Aconteceu um erro inesperado ao tentar consultar dados do banco de dados: 'NoneType' object has no attribute 'cursor'
Traceback (most recent call last):
  File "/home/jeremias/Documentos/pasta_de_projetos/Automatizacao _pagamentos_internacionais/manipulacao_dados/banco_dados.py", line 67, in clientes_pendentes
    dados = self.conexao.cursor(
            ^^^^^^^^^^^^^^^^^^^
AttributeError: 'NoneType' object has no attribute 'cursor'
26/08/2026 - [11:37:26][ERROR]: Aconteceu um erro inesperado ao tentar consultar dados do banco de dados: 'NoneType' object is not callable
Traceback (most recent call last):
  File "/home/jeremias/Documentos/pasta_de_projetos/Automatizacao _pagamentos_internacionais/manipulacao_dados/banco_dados.py", line 67, in clientes_pendentes
    self.cursor(
TypeError: 'NoneType' object is not callable
26/08/2026 - [11:37:36][ERROR]: Houve um erro inesperado ao tentar se conectar ao banco de dados: int() argument must be a string, a bytes-like object or a real number, not 'NoneType'
Traceback (most recent call last):
  File "/home/jeremias/Documentos/pasta_de_projetos/Automatizacao _pagamentos_internacionais/manipulacao_dados/banco_dados.py", line 28, in conectar_banco
    self.conexao = mysql.connector.connect(
                   ^^^^^^^^^^^^^^^^^^^^^^^^
  File "/home/jeremias/Documentos/pasta_de_projetos/Automatizacao _pagamentos_internacionais/.venv/lib/python3.12/site-packages/mysql/connector/pooling.py", line 323, in connect
    return MySQLConnection(*args, **kwargs)
           ^^^^^^^^^^^^^^^^^^^^^^^^^^^^^^^^
  File "/home/jeremias/Documentos/pasta_de_projetos/Automatizacao _pagamentos_internacionais/.venv/lib/python3.12/site-packages/mysql/connector/connection.py", line 185, in __init__
    self.connect(**kwargs)
  File "/home/jeremias/Documentos/pasta_de_projetos/Automatizacao _pagamentos_internacionais/.venv/lib/python3.12/site-packages/mysql/connector/abstracts.py", line 1601, in connect
    self.config(**kwargs)
  File "/home/jeremias/Documentos/pasta_de_projetos/Automatizacao _pagamentos_internacionais/.venv/lib/python3.12/site-packages/mysql/connector/abstracts.py", line 705, in config
    self._port = int(config["port"])
                 ^^^^^^^^^^^^^^^^^^^
TypeError: int() argument must be a string, a bytes-like object or a real number, not 'NoneType'
26/08/2026 - [11:37:36][ERROR]: Aconteceu um erro inesperado ao tentar consultar dados do banco de dados: 'NoneType' object is not callable
Traceback (most recent call last):
  File "/home/jeremias/Documentos/pasta_de_projetos/Automatizacao _pagamentos_internacionais/manipulacao_dados/banco_dados.py", line 67, in clientes_pendentes
    self.cursor(
TypeError: 'NoneType' object is not callable
26/08/2026 - [11:37:36][ERROR]: Houve um erro inesperado ao tentar fechar conexão com o banco: 'NoneType' object has no attribute 'close'
Traceback (most recent call last):
  File "/home/jeremias/Documentos/pasta_de_projetos/Automatizacao _pagamentos_internacionais/manipulacao_dados/banco_dados.py", line 55, in desconectar_banco
    self.cursor.close()
    ^^^^^^^^^^^^^^^^^
AttributeError: 'NoneType' object has no attribute 'close'
26/08/2026 - [11:38:10][ERROR]: Houve um erro inesperado ao tentar se conectar ao banco de dados: int() argument must be a string, a bytes-like object or a real number, not 'NoneType'
Traceback (most recent call last):
  File "/home/jeremias/Documentos/pasta_de_projetos/Automatizacao _pagamentos_internacionais/manipulacao_dados/banco_dados.py", line 28, in conectar_banco
    self.conexao = mysql.connector.connect(
                   ^^^^^^^^^^^^^^^^^^^^^^^^
  File "/home/jeremias/Documentos/pasta_de_projetos/Automatizacao _pagamentos_internacionais/.venv/lib/python3.12/site-packages/mysql/connector/pooling.py", line 323, in connect
    return MySQLConnection(*args, **kwargs)
           ^^^^^^^^^^^^^^^^^^^^^^^^^^^^^^^^
  File "/home/jeremias/Documentos/pasta_de_projetos/Automatizacao _pagamentos_internacionais/.venv/lib/python3.12/site-packages/mysql/connector/connection.py", line 185, in __init__
    self.connect(**kwargs)
  File "/home/jeremias/Documentos/pasta_de_projetos/Automatizacao _pagamentos_internacionais/.venv/lib/python3.12/site-packages/mysql/connector/abstracts.py", line 1601, in connect
    self.config(**kwargs)
  File "/home/jeremias/Documentos/pasta_de_projetos/Automatizacao _pagamentos_internacionais/.venv/lib/python3.12/site-packages/mysql/connector/abstracts.py", line 705, in config
    self._port = int(config["port"])
                 ^^^^^^^^^^^^^^^^^^^
TypeError: int() argument must be a string, a bytes-like object or a real number, not 'NoneType'
26/08/2026 - [11:38:11][ERROR]: Aconteceu um erro inesperado ao tentar consultar dados do banco de dados: 'NoneType' object is not callable
Traceback (most recent call last):
  File "/home/jeremias/Documentos/pasta_de_projetos/Automatizacao _pagamentos_internacionais/manipulacao_dados/banco_dados.py", line 67, in clientes_pendentes
    self.cursor(
TypeError: 'NoneType' object is not callable
26/08/2026 - [11:38:11][ERROR]: Houve um erro inesperado ao tentar fechar conexão com o banco: 'NoneType' object has no attribute 'close'
Traceback (most recent call last):
  File "/home/jeremias/Documentos/pasta_de_projetos/Automatizacao _pagamentos_internacionais/manipulacao_dados/banco_dados.py", line 55, in desconectar_banco
    self.cursor.close()
    ^^^^^^^^^^^^^^^^^
AttributeError: 'NoneType' object has no attribute 'close'
26/08/2026 - [11:39:09][ERROR]: Houve um erro inesperado ao tentar se conectar ao banco de dados: int() argument must be a string, a bytes-like object or a real number, not 'NoneType'
Traceback (most recent call last):
  File "/home/jeremias/Documentos/pasta_de_projetos/Automatizacao _pagamentos_internacionais/manipulacao_dados/banco_dados.py", line 28, in conectar_banco
    self.conexao = mysql.connector.connect(
                   ^^^^^^^^^^^^^^^^^^^^^^^^
  File "/home/jeremias/Documentos/pasta_de_projetos/Automatizacao _pagamentos_internacionais/.venv/lib/python3.12/site-packages/mysql/connector/pooling.py", line 323, in connect
    return MySQLConnection(*args, **kwargs)
           ^^^^^^^^^^^^^^^^^^^^^^^^^^^^^^^^
  File "/home/jeremias/Documentos/pasta_de_projetos/Automatizacao _pagamentos_internacionais/.venv/lib/python3.12/site-packages/mysql/connector/connection.py", line 185, in __init__
    self.connect(**kwargs)
  File "/home/jeremias/Documentos/pasta_de_projetos/Automatizacao _pagamentos_internacionais/.venv/lib/python3.12/site-packages/mysql/connector/abstracts.py", line 1601, in connect
    self.config(**kwargs)
  File "/home/jeremias/Documentos/pasta_de_projetos/Automatizacao _pagamentos_internacionais/.venv/lib/python3.12/site-packages/mysql/connector/abstracts.py", line 705, in config
    self._port = int(config["port"])
                 ^^^^^^^^^^^^^^^^^^^
TypeError: int() argument must be a string, a bytes-like object or a real number, not 'NoneType'
26/08/2026 - [11:39:09][ERROR]: Aconteceu um erro inesperado ao tentar consultar dados do banco de dados: 'NoneType' object has no attribute 'execute'
Traceback (most recent call last):
  File "/home/jeremias/Documentos/pasta_de_projetos/Automatizacao _pagamentos_internacionais/manipulacao_dados/banco_dados.py", line 67, in clientes_pendentes
    self.cursor.execute(
    ^^^^^^^^^^^^^^^^^^^
AttributeError: 'NoneType' object has no attribute 'execute'
26/08/2026 - [11:39:09][ERROR]: Houve um erro inesperado ao tentar fechar conexão com o banco: 'NoneType' object has no attribute 'close'
Traceback (most recent call last):
  File "/home/jeremias/Documentos/pasta_de_projetos/Automatizacao _pagamentos_internacionais/manipulacao_dados/banco_dados.py", line 55, in desconectar_banco
    self.cursor.close()
    ^^^^^^^^^^^^^^^^^
AttributeError: 'NoneType' object has no attribute 'close'
26/08/2026 - [11:43:20][ERROR]: Houve um erro inesperado ao tentar se conectar ao banco de dados: int() argument must be a string, a bytes-like object or a real number, not 'NoneType'
Traceback (most recent call last):
  File "/home/jeremias/Documentos/pasta_de_projetos/Automatizacao _pagamentos_internacionais/manipulacao_dados/banco_dados.py", line 28, in conectar_banco
    self.conexao = mysql.connector.connect(
                   ^^^^^^^^^^^^^^^^^^^^^^^^
  File "/home/jeremias/Documentos/pasta_de_projetos/Automatizacao _pagamentos_internacionais/.venv/lib/python3.12/site-packages/mysql/connector/pooling.py", line 323, in connect
    return MySQLConnection(*args, **kwargs)
           ^^^^^^^^^^^^^^^^^^^^^^^^^^^^^^^^
  File "/home/jeremias/Documentos/pasta_de_projetos/Automatizacao _pagamentos_internacionais/.venv/lib/python3.12/site-packages/mysql/connector/connection.py", line 185, in __init__
    self.connect(**kwargs)
  File "/home/jeremias/Documentos/pasta_de_projetos/Automatizacao _pagamentos_internacionais/.venv/lib/python3.12/site-packages/mysql/connector/abstracts.py", line 1601, in connect
    self.config(**kwargs)
  File "/home/jeremias/Documentos/pasta_de_projetos/Automatizacao _pagamentos_internacionais/.venv/lib/python3.12/site-packages/mysql/connector/abstracts.py", line 705, in config
    self._port = int(config["port"])
                 ^^^^^^^^^^^^^^^^^^^
TypeError: int() argument must be a string, a bytes-like object or a real number, not 'NoneType'
26/08/2026 - [11:43:20][ERROR]: Aconteceu um erro inesperado ao tentar consultar dados do banco de dados: 'NoneType' object has no attribute 'execute'
Traceback (most recent call last):
  File "/home/jeremias/Documentos/pasta_de_projetos/Automatizacao _pagamentos_internacionais/manipulacao_dados/banco_dados.py", line 67, in clientes_pendentes
    self.cursor.execute(
    ^^^^^^^^^^^^^^^^^^^
AttributeError: 'NoneType' object has no attribute 'execute'
26/08/2026 - [11:43:20][ERROR]: Houve um erro inesperado ao tentar fechar conexão com o banco: 'NoneType' object has no attribute 'close'
Traceback (most recent call last):
  File "/home/jeremias/Documentos/pasta_de_projetos/Automatizacao _pagamentos_internacionais/manipulacao_dados/banco_dados.py", line 55, in desconectar_banco
    self.cursor.close()
    ^^^^^^^^^^^^^^^^^
AttributeError: 'NoneType' object has no attribute 'close'
26/08/2026 - [11:44:13][ERROR]: Houve um erro inesperado ao tentar se conectar ao banco de dados: int() argument must be a string, a bytes-like object or a real number, not 'NoneType'
Traceback (most recent call last):
  File "/home/jeremias/Documentos/pasta_de_projetos/Automatizacao _pagamentos_internacionais/manipulacao_dados/banco_dados.py", line 28, in conectar_banco
    self.conexao = mysql.connector.connect(
                   ^^^^^^^^^^^^^^^^^^^^^^^^
  File "/home/jeremias/Documentos/pasta_de_projetos/Automatizacao _pagamentos_internacionais/.venv/lib/python3.12/site-packages/mysql/connector/pooling.py", line 323, in connect
    return MySQLConnection(*args, **kwargs)
           ^^^^^^^^^^^^^^^^^^^^^^^^^^^^^^^^
  File "/home/jeremias/Documentos/pasta_de_projetos/Automatizacao _pagamentos_internacionais/.venv/lib/python3.12/site-packages/mysql/connector/connection.py", line 185, in __init__
    self.connect(**kwargs)
  File "/home/jeremias/Documentos/pasta_de_projetos/Automatizacao _pagamentos_internacionais/.venv/lib/python3.12/site-packages/mysql/connector/abstracts.py", line 1601, in connect
    self.config(**kwargs)
  File "/home/jeremias/Documentos/pasta_de_projetos/Automatizacao _pagamentos_internacionais/.venv/lib/python3.12/site-packages/mysql/connector/abstracts.py", line 705, in config
    self._port = int(config["port"])
                 ^^^^^^^^^^^^^^^^^^^
TypeError: int() argument must be a string, a bytes-like object or a real number, not 'NoneType'
26/08/2026 - [11:44:13][ERROR]: Aconteceu um erro inesperado ao tentar consultar dados do banco de dados: 'NoneType' object has no attribute 'execute'
Traceback (most recent call last):
  File "/home/jeremias/Documentos/pasta_de_projetos/Automatizacao _pagamentos_internacionais/manipulacao_dados/banco_dados.py", line 67, in clientes_pendentes
    self.cursor.execute(
    ^^^^^^^^^^^^^^^^^^^
AttributeError: 'NoneType' object has no attribute 'execute'
26/08/2026 - [11:44:13][ERROR]: Houve um erro inesperado ao tentar fechar conexão com o banco: 'NoneType' object has no attribute 'close'
Traceback (most recent call last):
  File "/home/jeremias/Documentos/pasta_de_projetos/Automatizacao _pagamentos_internacionais/manipulacao_dados/banco_dados.py", line 55, in desconectar_banco
    self.cursor.close()
    ^^^^^^^^^^^^^^^^^
AttributeError: 'NoneType' object has no attribute 'close'
26/08/2026 - [11:44:24][ERROR]: Houve um erro inesperado ao tentar se conectar ao banco de dados: int() argument must be a string, a bytes-like object or a real number, not 'NoneType'
Traceback (most recent call last):
  File "/home/jeremias/Documentos/pasta_de_projetos/Automatizacao _pagamentos_internacionais/manipulacao_dados/banco_dados.py", line 28, in conectar_banco
    self.conexao = mysql.connector.connect(
                   ^^^^^^^^^^^^^^^^^^^^^^^^
  File "/home/jeremias/Documentos/pasta_de_projetos/Automatizacao _pagamentos_internacionais/.venv/lib/python3.12/site-packages/mysql/connector/pooling.py", line 323, in connect
    return MySQLConnection(*args, **kwargs)
           ^^^^^^^^^^^^^^^^^^^^^^^^^^^^^^^^
  File "/home/jeremias/Documentos/pasta_de_projetos/Automatizacao _pagamentos_internacionais/.venv/lib/python3.12/site-packages/mysql/connector/connection.py", line 185, in __init__
    self.connect(**kwargs)
  File "/home/jeremias/Documentos/pasta_de_projetos/Automatizacao _pagamentos_internacionais/.venv/lib/python3.12/site-packages/mysql/connector/abstracts.py", line 1601, in connect
    self.config(**kwargs)
  File "/home/jeremias/Documentos/pasta_de_projetos/Automatizacao _pagamentos_internacionais/.venv/lib/python3.12/site-packages/mysql/connector/abstracts.py", line 705, in config
    self._port = int(config["port"])
                 ^^^^^^^^^^^^^^^^^^^
TypeError: int() argument must be a string, a bytes-like object or a real number, not 'NoneType'
26/08/2026 - [11:44:24][ERROR]: Aconteceu um erro inesperado ao tentar consultar dados do banco de dados: 'NoneType' object has no attribute 'execute'
Traceback (most recent call last):
  File "/home/jeremias/Documentos/pasta_de_projetos/Automatizacao _pagamentos_internacionais/manipulacao_dados/banco_dados.py", line 67, in clientes_pendentes
    self.cursor.execute(
    ^^^^^^^^^^^^^^^^^^^
AttributeError: 'NoneType' object has no attribute 'execute'
26/08/2026 - [11:44:24][ERROR]: Houve um erro inesperado ao tentar fechar conexão com o banco: 'NoneType' object has no attribute 'close'
Traceback (most recent call last):
  File "/home/jeremias/Documentos/pasta_de_projetos/Automatizacao _pagamentos_internacionais/manipulacao_dados/banco_dados.py", line 55, in desconectar_banco
    self.cursor.close()
    ^^^^^^^^^^^^^^^^^
AttributeError: 'NoneType' object has no attribute 'close'
26/08/2026 - [11:46:10][ERROR]: Houve um erro inesperado ao tentar se conectar ao banco de dados: int() argument must be a string, a bytes-like object or a real number, not 'NoneType'
Traceback (most recent call last):
  File "/home/jeremias/Documentos/pasta_de_projetos/Automatizacao _pagamentos_internacionais/manipulacao_dados/banco_dados.py", line 28, in conectar_banco
    self.conexao = mysql.connector.connect(
                   ^^^^^^^^^^^^^^^^^^^^^^^^
  File "/home/jeremias/Documentos/pasta_de_projetos/Automatizacao _pagamentos_internacionais/.venv/lib/python3.12/site-packages/mysql/connector/pooling.py", line 323, in connect
    return MySQLConnection(*args, **kwargs)
           ^^^^^^^^^^^^^^^^^^^^^^^^^^^^^^^^
  File "/home/jeremias/Documentos/pasta_de_projetos/Automatizacao _pagamentos_internacionais/.venv/lib/python3.12/site-packages/mysql/connector/connection.py", line 185, in __init__
    self.connect(**kwargs)
  File "/home/jeremias/Documentos/pasta_de_projetos/Automatizacao _pagamentos_internacionais/.venv/lib/python3.12/site-packages/mysql/connector/abstracts.py", line 1601, in connect
    self.config(**kwargs)
  File "/home/jeremias/Documentos/pasta_de_projetos/Automatizacao _pagamentos_internacionais/.venv/lib/python3.12/site-packages/mysql/connector/abstracts.py", line 705, in config
    self._port = int(config["port"])
                 ^^^^^^^^^^^^^^^^^^^
TypeError: int() argument must be a string, a bytes-like object or a real number, not 'NoneType'
26/08/2026 - [11:46:10][ERROR]: Aconteceu um erro inesperado ao tentar consultar dados do banco de dados: 'NoneType' object has no attribute 'execute'
Traceback (most recent call last):
  File "/home/jeremias/Documentos/pasta_de_projetos/Automatizacao _pagamentos_internacionais/manipulacao_dados/banco_dados.py", line 67, in clientes_pendentes
    self.cursor.execute(
    ^^^^^^^^^^^^^^^^^^^
AttributeError: 'NoneType' object has no attribute 'execute'
26/08/2026 - [11:46:10][ERROR]: Houve um erro inesperado ao tentar fechar conexão com o banco: 'NoneType' object has no attribute 'close'
Traceback (most recent call last):
  File "/home/jeremias/Documentos/pasta_de_projetos/Automatizacao _pagamentos_internacionais/manipulacao_dados/banco_dados.py", line 55, in desconectar_banco
    self.cursor.close()
    ^^^^^^^^^^^^^^^^^
AttributeError: 'NoneType' object has no attribute 'close'
26/08/2026 - [11:46:33][ERROR]: Houve um erro inesperado ao tentar se conectar ao banco de dados: int() argument must be a string, a bytes-like object or a real number, not 'NoneType'
Traceback (most recent call last):
  File "/home/jeremias/Documentos/pasta_de_projetos/Automatizacao _pagamentos_internacionais/manipulacao_dados/banco_dados.py", line 28, in conectar_banco
    self.conexao = mysql.connector.connect(
                   ^^^^^^^^^^^^^^^^^^^^^^^^
  File "/home/jeremias/Documentos/pasta_de_projetos/Automatizacao _pagamentos_internacionais/.venv/lib/python3.12/site-packages/mysql/connector/pooling.py", line 323, in connect
    return MySQLConnection(*args, **kwargs)
           ^^^^^^^^^^^^^^^^^^^^^^^^^^^^^^^^
  File "/home/jeremias/Documentos/pasta_de_projetos/Automatizacao _pagamentos_internacionais/.venv/lib/python3.12/site-packages/mysql/connector/connection.py", line 185, in __init__
    self.connect(**kwargs)
  File "/home/jeremias/Documentos/pasta_de_projetos/Automatizacao _pagamentos_internacionais/.venv/lib/python3.12/site-packages/mysql/connector/abstracts.py", line 1601, in connect
    self.config(**kwargs)
  File "/home/jeremias/Documentos/pasta_de_projetos/Automatizacao _pagamentos_internacionais/.venv/lib/python3.12/site-packages/mysql/connector/abstracts.py", line 705, in config
    self._port = int(config["port"])
                 ^^^^^^^^^^^^^^^^^^^
TypeError: int() argument must be a string, a bytes-like object or a real number, not 'NoneType'
26/08/2026 - [11:46:33][ERROR]: Aconteceu um erro inesperado ao tentar consultar dados do banco de dados: 'NoneType' object has no attribute 'execute'
Traceback (most recent call last):
  File "/home/jeremias/Documentos/pasta_de_projetos/Automatizacao _pagamentos_internacionais/manipulacao_dados/banco_dados.py", line 67, in clientes_pendentes
    self.cursor.execute(
    ^^^^^^^^^^^^^^^^^^^
AttributeError: 'NoneType' object has no attribute 'execute'
26/08/2026 - [11:48:21][ERROR]: Houve um erro inesperado ao tentar se conectar ao banco de dados: int() argument must be a string, a bytes-like object or a real number, not 'NoneType'
Traceback (most recent call last):
  File "/home/jeremias/Documentos/pasta_de_projetos/Automatizacao _pagamentos_internacionais/manipulacao_dados/banco_dados.py", line 28, in conectar_banco
    self.conexao = mysql.connector.connect(
                   ^^^^^^^^^^^^^^^^^^^^^^^^
  File "/home/jeremias/Documentos/pasta_de_projetos/Automatizacao _pagamentos_internacionais/.venv/lib/python3.12/site-packages/mysql/connector/pooling.py", line 323, in connect
    return MySQLConnection(*args, **kwargs)
           ^^^^^^^^^^^^^^^^^^^^^^^^^^^^^^^^
  File "/home/jeremias/Documentos/pasta_de_projetos/Automatizacao _pagamentos_internacionais/.venv/lib/python3.12/site-packages/mysql/connector/connection.py", line 185, in __init__
    self.connect(**kwargs)
  File "/home/jeremias/Documentos/pasta_de_projetos/Automatizacao _pagamentos_internacionais/.venv/lib/python3.12/site-packages/mysql/connector/abstracts.py", line 1601, in connect
    self.config(**kwargs)
  File "/home/jeremias/Documentos/pasta_de_projetos/Automatizacao _pagamentos_internacionais/.venv/lib/python3.12/site-packages/mysql/connector/abstracts.py", line 705, in config
    self._port = int(config["port"])
                 ^^^^^^^^^^^^^^^^^^^
TypeError: int() argument must be a string, a bytes-like object or a real number, not 'NoneType'
26/08/2026 - [11:48:21][ERROR]: Houve um erro inesperado ao tentar juntar dados: 'NoneType' object has no attribute 'cursor'
Traceback (most recent call last):
  File "/home/jeremias/Documentos/pasta_de_projetos/Automatizacao _pagamentos_internacionais/manipulacao_planilha/dados_planilha.py", line 34, in juncao_dados
    sql = pd.read_sql(
          ^^^^^^^^^^^^
  File "/home/jeremias/Documentos/pasta_de_projetos/Automatizacao _pagamentos_internacionais/.venv/lib/python3.12/site-packages/pandas/io/sql.py", line 702, in read_sql
    return pandas_sql.read_query(
           ^^^^^^^^^^^^^^^^^^^^^^
  File "/home/jeremias/Documentos/pasta_de_projetos/Automatizacao _pagamentos_internacionais/.venv/lib/python3.12/site-packages/pandas/io/sql.py", line 2809, in read_query
    cursor = self.execute(sql, params)
             ^^^^^^^^^^^^^^^^^^^^^^^^^
  File "/home/jeremias/Documentos/pasta_de_projetos/Automatizacao _pagamentos_internacionais/.venv/lib/python3.12/site-packages/pandas/io/sql.py", line 2743, in execute
    cur = self.con.cursor()
          ^^^^^^^^^^^^^^^
AttributeError: 'NoneType' object has no attribute 'cursor'
26/08/2026 - [11:49:58][ERROR]: Houve um erro inesperado ao tentar se conectar ao banco de dados: int() argument must be a string, a bytes-like object or a real number, not 'NoneType'
Traceback (most recent call last):
  File "/home/jeremias/Documentos/pasta_de_projetos/Automatizacao _pagamentos_internacionais/manipulacao_dados/banco_dados.py", line 28, in conectar_banco
    self.conexao = mysql.connector.connect(
                   ^^^^^^^^^^^^^^^^^^^^^^^^
  File "/home/jeremias/Documentos/pasta_de_projetos/Automatizacao _pagamentos_internacionais/.venv/lib/python3.12/site-packages/mysql/connector/pooling.py", line 323, in connect
    return MySQLConnection(*args, **kwargs)
           ^^^^^^^^^^^^^^^^^^^^^^^^^^^^^^^^
  File "/home/jeremias/Documentos/pasta_de_projetos/Automatizacao _pagamentos_internacionais/.venv/lib/python3.12/site-packages/mysql/connector/connection.py", line 185, in __init__
    self.connect(**kwargs)
  File "/home/jeremias/Documentos/pasta_de_projetos/Automatizacao _pagamentos_internacionais/.venv/lib/python3.12/site-packages/mysql/connector/abstracts.py", line 1601, in connect
    self.config(**kwargs)
  File "/home/jeremias/Documentos/pasta_de_projetos/Automatizacao _pagamentos_internacionais/.venv/lib/python3.12/site-packages/mysql/connector/abstracts.py", line 705, in config
    self._port = int(config["port"])
                 ^^^^^^^^^^^^^^^^^^^
TypeError: int() argument must be a string, a bytes-like object or a real number, not 'NoneType'
26/08/2026 - [11:49:58][ERROR]: Houve um erro inesperado ao tentar juntar dados: 'NoneType' object has no attribute 'execute'
Traceback (most recent call last):
  File "/home/jeremias/Documentos/pasta_de_projetos/Automatizacao _pagamentos_internacionais/manipulacao_planilha/dados_planilha.py", line 33, in juncao_dados
    sql = self.dados_db.cursor.execute(
          ^^^^^^^^^^^^^^^^^^^^^^^^^^^^
AttributeError: 'NoneType' object has no attribute 'execute'
26/08/2026 - [11:52:53][ERROR]: Houve um erro inesperado ao tentar se conectar ao banco de dados: int() argument must be a string, a bytes-like object or a real number, not 'NoneType'
Traceback (most recent call last):
  File "/home/jeremias/Documentos/pasta_de_projetos/Automatizacao _pagamentos_internacionais/manipulacao_dados/banco_dados.py", line 28, in conectar_banco
    self.conexao = mysql.connector.connect(
                   ^^^^^^^^^^^^^^^^^^^^^^^^
  File "/home/jeremias/Documentos/pasta_de_projetos/Automatizacao _pagamentos_internacionais/.venv/lib/python3.12/site-packages/mysql/connector/pooling.py", line 323, in connect
    return MySQLConnection(*args, **kwargs)
           ^^^^^^^^^^^^^^^^^^^^^^^^^^^^^^^^
  File "/home/jeremias/Documentos/pasta_de_projetos/Automatizacao _pagamentos_internacionais/.venv/lib/python3.12/site-packages/mysql/connector/connection.py", line 185, in __init__
    self.connect(**kwargs)
  File "/home/jeremias/Documentos/pasta_de_projetos/Automatizacao _pagamentos_internacionais/.venv/lib/python3.12/site-packages/mysql/connector/abstracts.py", line 1601, in connect
    self.config(**kwargs)
  File "/home/jeremias/Documentos/pasta_de_projetos/Automatizacao _pagamentos_internacionais/.venv/lib/python3.12/site-packages/mysql/connector/abstracts.py", line 705, in config
    self._port = int(config["port"])
                 ^^^^^^^^^^^^^^^^^^^
TypeError: int() argument must be a string, a bytes-like object or a real number, not 'NoneType'
26/08/2026 - [11:52:53][ERROR]: Aconteceu um erro inesperado ao tentar consultar dados do banco de dados: type object 'str' has no attribute 'execute'
Traceback (most recent call last):
  File "/home/jeremias/Documentos/pasta_de_projetos/Automatizacao _pagamentos_internacionais/manipulacao_dados/banco_dados.py", line 67, in clientes_pendentes
    self.cursor.execute(
    ^^^^^^^^^^^^^^^^^^^
AttributeError: type object 'str' has no attribute 'execute'
26/08/2026 - [11:52:53][ERROR]: Houve um erro inesperado ao tentar fechar conexão com o banco: type object 'str' has no attribute 'close'
Traceback (most recent call last):
  File "/home/jeremias/Documentos/pasta_de_projetos/Automatizacao _pagamentos_internacionais/manipulacao_dados/banco_dados.py", line 55, in desconectar_banco
    self.cursor.close()
    ^^^^^^^^^^^^^^^^^
AttributeError: type object 'str' has no attribute 'close'
26/08/2026 - [11:54:41][ERROR]: Houve um erro inesperado ao tentar se conectar ao banco de dados: int() argument must be a string, a bytes-like object or a real number, not 'NoneType'
Traceback (most recent call last):
  File "/home/jeremias/Documentos/pasta_de_projetos/Automatizacao _pagamentos_internacionais/manipulacao_dados/banco_dados.py", line 28, in conectar_banco
    self.conexao = mysql.connector.connect(
                   ^^^^^^^^^^^^^^^^^^^^^^^^
  File "/home/jeremias/Documentos/pasta_de_projetos/Automatizacao _pagamentos_internacionais/.venv/lib/python3.12/site-packages/mysql/connector/pooling.py", line 323, in connect
    return MySQLConnection(*args, **kwargs)
           ^^^^^^^^^^^^^^^^^^^^^^^^^^^^^^^^
  File "/home/jeremias/Documentos/pasta_de_projetos/Automatizacao _pagamentos_internacionais/.venv/lib/python3.12/site-packages/mysql/connector/connection.py", line 185, in __init__
    self.connect(**kwargs)
  File "/home/jeremias/Documentos/pasta_de_projetos/Automatizacao _pagamentos_internacionais/.venv/lib/python3.12/site-packages/mysql/connector/abstracts.py", line 1601, in connect
    self.config(**kwargs)
  File "/home/jeremias/Documentos/pasta_de_projetos/Automatizacao _pagamentos_internacionais/.venv/lib/python3.12/site-packages/mysql/connector/abstracts.py", line 705, in config
    self._port = int(config["port"])
                 ^^^^^^^^^^^^^^^^^^^
TypeError: int() argument must be a string, a bytes-like object or a real number, not 'NoneType'
26/08/2026 - [11:54:41][ERROR]: Aconteceu um erro inesperado ao tentar consultar dados do banco de dados: 'NoneType' object has no attribute 'execute'
Traceback (most recent call last):
  File "/home/jeremias/Documentos/pasta_de_projetos/Automatizacao _pagamentos_internacionais/manipulacao_dados/banco_dados.py", line 67, in clientes_pendentes
    self.cursor.execute(
    ^^^^^^^^^^^^^^^^^^^
AttributeError: 'NoneType' object has no attribute 'execute'
26/08/2026 - [11:54:41][ERROR]: Houve um erro inesperado ao tentar fechar conexão com o banco: 'NoneType' object has no attribute 'close'
Traceback (most recent call last):
  File "/home/jeremias/Documentos/pasta_de_projetos/Automatizacao _pagamentos_internacionais/manipulacao_dados/banco_dados.py", line 55, in desconectar_banco
    self.cursor.close()
    ^^^^^^^^^^^^^^^^^
AttributeError: 'NoneType' object has no attribute 'close'
26/08/2026 - [11:54:45][ERROR]: Houve um erro inesperado ao tentar se conectar ao banco de dados: int() argument must be a string, a bytes-like object or a real number, not 'NoneType'
Traceback (most recent call last):
  File "/home/jeremias/Documentos/pasta_de_projetos/Automatizacao _pagamentos_internacionais/manipulacao_dados/banco_dados.py", line 28, in conectar_banco
    self.conexao = mysql.connector.connect(
                   ^^^^^^^^^^^^^^^^^^^^^^^^
  File "/home/jeremias/Documentos/pasta_de_projetos/Automatizacao _pagamentos_internacionais/.venv/lib/python3.12/site-packages/mysql/connector/pooling.py", line 323, in connect
    return MySQLConnection(*args, **kwargs)
           ^^^^^^^^^^^^^^^^^^^^^^^^^^^^^^^^
  File "/home/jeremias/Documentos/pasta_de_projetos/Automatizacao _pagamentos_internacionais/.venv/lib/python3.12/site-packages/mysql/connector/connection.py", line 185, in __init__
    self.connect(**kwargs)
  File "/home/jeremias/Documentos/pasta_de_projetos/Automatizacao _pagamentos_internacionais/.venv/lib/python3.12/site-packages/mysql/connector/abstracts.py", line 1601, in connect
    self.config(**kwargs)
  File "/home/jeremias/Documentos/pasta_de_projetos/Automatizacao _pagamentos_internacionais/.venv/lib/python3.12/site-packages/mysql/connector/abstracts.py", line 705, in config
    self._port = int(config["port"])
                 ^^^^^^^^^^^^^^^^^^^
TypeError: int() argument must be a string, a bytes-like object or a real number, not 'NoneType'
26/08/2026 - [11:54:45][ERROR]: Houve um erro inesperado ao tentar juntar dados: 'NoneType' object has no attribute 'execute'
Traceback (most recent call last):
  File "/home/jeremias/Documentos/pasta_de_projetos/Automatizacao _pagamentos_internacionais/manipulacao_planilha/dados_planilha.py", line 33, in juncao_dados
    sql = self.dados_db.cursor.execute(
          ^^^^^^^^^^^^^^^^^^^^^^^^^^^^
AttributeError: 'NoneType' object has no attribute 'execute'
26/08/2026 - [11:55:18][ERROR]: Houve um erro inesperado ao tentar se conectar ao banco de dados: int() argument must be a string, a bytes-like object or a real number, not 'NoneType'
Traceback (most recent call last):
  File "/home/jeremias/Documentos/pasta_de_projetos/Automatizacao _pagamentos_internacionais/manipulacao_dados/banco_dados.py", line 28, in conectar_banco
    self.conexao = mysql.connector.connect(
                   ^^^^^^^^^^^^^^^^^^^^^^^^
  File "/home/jeremias/Documentos/pasta_de_projetos/Automatizacao _pagamentos_internacionais/.venv/lib/python3.12/site-packages/mysql/connector/pooling.py", line 323, in connect
    return MySQLConnection(*args, **kwargs)
           ^^^^^^^^^^^^^^^^^^^^^^^^^^^^^^^^
  File "/home/jeremias/Documentos/pasta_de_projetos/Automatizacao _pagamentos_internacionais/.venv/lib/python3.12/site-packages/mysql/connector/connection.py", line 185, in __init__
    self.connect(**kwargs)
  File "/home/jeremias/Documentos/pasta_de_projetos/Automatizacao _pagamentos_internacionais/.venv/lib/python3.12/site-packages/mysql/connector/abstracts.py", line 1601, in connect
    self.config(**kwargs)
  File "/home/jeremias/Documentos/pasta_de_projetos/Automatizacao _pagamentos_internacionais/.venv/lib/python3.12/site-packages/mysql/connector/abstracts.py", line 705, in config
    self._port = int(config["port"])
                 ^^^^^^^^^^^^^^^^^^^
TypeError: int() argument must be a string, a bytes-like object or a real number, not 'NoneType'
26/08/2026 - [11:55:18][ERROR]: Houve um erro inesperado ao tentar juntar dados: 'NoneType' object has no attribute 'execute'
Traceback (most recent call last):
  File "/home/jeremias/Documentos/pasta_de_projetos/Automatizacao _pagamentos_internacionais/manipulacao_planilha/dados_planilha.py", line 33, in juncao_dados
    sql = self.dados_db.cursor.execute(
          ^^^^^^^^^^^^^^^^^^^^^^^^^^^^
AttributeError: 'NoneType' object has no attribute 'execute'
26/08/2026 - [11:56:37][ERROR]: Houve um erro inesperado ao tentar se conectar ao banco de dados: int() argument must be a string, a bytes-like object or a real number, not 'NoneType'
Traceback (most recent call last):
  File "/home/jeremias/Documentos/pasta_de_projetos/Automatizacao _pagamentos_internacionais/manipulacao_dados/banco_dados.py", line 28, in conectar_banco
    self.conexao = mysql.connector.connect(
                   ^^^^^^^^^^^^^^^^^^^^^^^^
  File "/home/jeremias/Documentos/pasta_de_projetos/Automatizacao _pagamentos_internacionais/.venv/lib/python3.12/site-packages/mysql/connector/pooling.py", line 323, in connect
    return MySQLConnection(*args, **kwargs)
           ^^^^^^^^^^^^^^^^^^^^^^^^^^^^^^^^
  File "/home/jeremias/Documentos/pasta_de_projetos/Automatizacao _pagamentos_internacionais/.venv/lib/python3.12/site-packages/mysql/connector/connection.py", line 185, in __init__
    self.connect(**kwargs)
  File "/home/jeremias/Documentos/pasta_de_projetos/Automatizacao _pagamentos_internacionais/.venv/lib/python3.12/site-packages/mysql/connector/abstracts.py", line 1601, in connect
    self.config(**kwargs)
  File "/home/jeremias/Documentos/pasta_de_projetos/Automatizacao _pagamentos_internacionais/.venv/lib/python3.12/site-packages/mysql/connector/abstracts.py", line 705, in config
    self._port = int(config["port"])
                 ^^^^^^^^^^^^^^^^^^^
TypeError: int() argument must be a string, a bytes-like object or a real number, not 'NoneType'
26/08/2026 - [11:56:37][ERROR]: Houve um erro inesperado ao tentar juntar dados: 'NoneType' object has no attribute 'execute'
Traceback (most recent call last):
  File "/home/jeremias/Documentos/pasta_de_projetos/Automatizacao _pagamentos_internacionais/manipulacao_planilha/dados_planilha.py", line 33, in juncao_dados
    sql = self.dados_db.cursor.execute(
          ^^^^^^^^^^^^^^^^^^^^^^^^^^^^
AttributeError: 'NoneType' object has no attribute 'execute'
26/08/2026 - [11:56:57][ERROR]: Houve um erro inesperado ao tentar se conectar ao banco de dados: int() argument must be a string, a bytes-like object or a real number, not 'NoneType'
Traceback (most recent call last):
  File "/home/jeremias/Documentos/pasta_de_projetos/Automatizacao _pagamentos_internacionais/manipulacao_dados/banco_dados.py", line 28, in conectar_banco
    self.conexao = mysql.connector.connect(
                   ^^^^^^^^^^^^^^^^^^^^^^^^
  File "/home/jeremias/Documentos/pasta_de_projetos/Automatizacao _pagamentos_internacionais/.venv/lib/python3.12/site-packages/mysql/connector/pooling.py", line 323, in connect
    return MySQLConnection(*args, **kwargs)
           ^^^^^^^^^^^^^^^^^^^^^^^^^^^^^^^^
  File "/home/jeremias/Documentos/pasta_de_projetos/Automatizacao _pagamentos_internacionais/.venv/lib/python3.12/site-packages/mysql/connector/connection.py", line 185, in __init__
    self.connect(**kwargs)
  File "/home/jeremias/Documentos/pasta_de_projetos/Automatizacao _pagamentos_internacionais/.venv/lib/python3.12/site-packages/mysql/connector/abstracts.py", line 1601, in connect
    self.config(**kwargs)
  File "/home/jeremias/Documentos/pasta_de_projetos/Automatizacao _pagamentos_internacionais/.venv/lib/python3.12/site-packages/mysql/connector/abstracts.py", line 705, in config
    self._port = int(config["port"])
                 ^^^^^^^^^^^^^^^^^^^
TypeError: int() argument must be a string, a bytes-like object or a real number, not 'NoneType'
26/08/2026 - [11:56:57][ERROR]: Houve um erro inesperado ao tentar juntar dados: 'NoneType' object has no attribute 'execute'
Traceback (most recent call last):
  File "/home/jeremias/Documentos/pasta_de_projetos/Automatizacao _pagamentos_internacionais/manipulacao_planilha/dados_planilha.py", line 33, in juncao_dados
    sql = self.dados_db.cursor.execute(
          ^^^^^^^^^^^^^^^^^^^^^^^^^^^^
AttributeError: 'NoneType' object has no attribute 'execute'
26/08/2026 - [11:57:15][ERROR]: Houve um erro inesperado ao tentar se conectar ao banco de dados: int() argument must be a string, a bytes-like object or a real number, not 'NoneType'
Traceback (most recent call last):
  File "/home/jeremias/Documentos/pasta_de_projetos/Automatizacao _pagamentos_internacionais/manipulacao_dados/banco_dados.py", line 28, in conectar_banco
    self.conexao = mysql.connector.connect(
                   ^^^^^^^^^^^^^^^^^^^^^^^^
  File "/home/jeremias/Documentos/pasta_de_projetos/Automatizacao _pagamentos_internacionais/.venv/lib/python3.12/site-packages/mysql/connector/pooling.py", line 323, in connect
    return MySQLConnection(*args, **kwargs)
           ^^^^^^^^^^^^^^^^^^^^^^^^^^^^^^^^
  File "/home/jeremias/Documentos/pasta_de_projetos/Automatizacao _pagamentos_internacionais/.venv/lib/python3.12/site-packages/mysql/connector/connection.py", line 185, in __init__
    self.connect(**kwargs)
  File "/home/jeremias/Documentos/pasta_de_projetos/Automatizacao _pagamentos_internacionais/.venv/lib/python3.12/site-packages/mysql/connector/abstracts.py", line 1601, in connect
    self.config(**kwargs)
  File "/home/jeremias/Documentos/pasta_de_projetos/Automatizacao _pagamentos_internacionais/.venv/lib/python3.12/site-packages/mysql/connector/abstracts.py", line 705, in config
    self._port = int(config["port"])
                 ^^^^^^^^^^^^^^^^^^^
TypeError: int() argument must be a string, a bytes-like object or a real number, not 'NoneType'
26/08/2026 - [11:57:15][ERROR]: Houve um erro inesperado ao tentar juntar dados: 'NoneType' object has no attribute 'cursor'
Traceback (most recent call last):
  File "/home/jeremias/Documentos/pasta_de_projetos/Automatizacao _pagamentos_internacionais/manipulacao_planilha/dados_planilha.py", line 33, in juncao_dados
    sql = self.dados_db.conexao.cursor.execute(
          ^^^^^^^^^^^^^^^^^^^^^^^^^^^^
AttributeError: 'NoneType' object has no attribute 'cursor'
26/08/2026 - [11:58:21][ERROR]: Houve um erro inesperado ao tentar se conectar ao banco de dados: int() argument must be a string, a bytes-like object or a real number, not 'NoneType'
Traceback (most recent call last):
  File "/home/jeremias/Documentos/pasta_de_projetos/Automatizacao _pagamentos_internacionais/manipulacao_dados/banco_dados.py", line 28, in conectar_banco
    self.conexao = mysql.connector.connect(
                   ^^^^^^^^^^^^^^^^^^^^^^^^
  File "/home/jeremias/Documentos/pasta_de_projetos/Automatizacao _pagamentos_internacionais/.venv/lib/python3.12/site-packages/mysql/connector/pooling.py", line 323, in connect
    return MySQLConnection(*args, **kwargs)
           ^^^^^^^^^^^^^^^^^^^^^^^^^^^^^^^^
  File "/home/jeremias/Documentos/pasta_de_projetos/Automatizacao _pagamentos_internacionais/.venv/lib/python3.12/site-packages/mysql/connector/connection.py", line 185, in __init__
    self.connect(**kwargs)
  File "/home/jeremias/Documentos/pasta_de_projetos/Automatizacao _pagamentos_internacionais/.venv/lib/python3.12/site-packages/mysql/connector/abstracts.py", line 1601, in connect
    self.config(**kwargs)
  File "/home/jeremias/Documentos/pasta_de_projetos/Automatizacao _pagamentos_internacionais/.venv/lib/python3.12/site-packages/mysql/connector/abstracts.py", line 705, in config
    self._port = int(config["port"])
                 ^^^^^^^^^^^^^^^^^^^
TypeError: int() argument must be a string, a bytes-like object or a real number, not 'NoneType'
26/08/2026 - [11:58:21][ERROR]: Houve um erro inesperado ao tentar juntar dados: read_sql() missing 1 required positional argument: 'con'
Traceback (most recent call last):
  File "/home/jeremias/Documentos/pasta_de_projetos/Automatizacao _pagamentos_internacionais/manipulacao_planilha/dados_planilha.py", line 33, in juncao_dados
    sql = pd.read_sql(
          ^^^^^^^^^^^^
TypeError: read_sql() missing 1 required positional argument: 'con'
26/08/2026 - [11:58:36][ERROR]: Houve um erro inesperado ao tentar se conectar ao banco de dados: int() argument must be a string, a bytes-like object or a real number, not 'NoneType'
Traceback (most recent call last):
  File "/home/jeremias/Documentos/pasta_de_projetos/Automatizacao _pagamentos_internacionais/manipulacao_dados/banco_dados.py", line 28, in conectar_banco
    self.conexao = mysql.connector.connect(
                   ^^^^^^^^^^^^^^^^^^^^^^^^
  File "/home/jeremias/Documentos/pasta_de_projetos/Automatizacao _pagamentos_internacionais/.venv/lib/python3.12/site-packages/mysql/connector/pooling.py", line 323, in connect
    return MySQLConnection(*args, **kwargs)
           ^^^^^^^^^^^^^^^^^^^^^^^^^^^^^^^^
  File "/home/jeremias/Documentos/pasta_de_projetos/Automatizacao _pagamentos_internacionais/.venv/lib/python3.12/site-packages/mysql/connector/connection.py", line 185, in __init__
    self.connect(**kwargs)
  File "/home/jeremias/Documentos/pasta_de_projetos/Automatizacao _pagamentos_internacionais/.venv/lib/python3.12/site-packages/mysql/connector/abstracts.py", line 1601, in connect
    self.config(**kwargs)
  File "/home/jeremias/Documentos/pasta_de_projetos/Automatizacao _pagamentos_internacionais/.venv/lib/python3.12/site-packages/mysql/connector/abstracts.py", line 705, in config
    self._port = int(config["port"])
                 ^^^^^^^^^^^^^^^^^^^
TypeError: int() argument must be a string, a bytes-like object or a real number, not 'NoneType'
26/08/2026 - [11:58:36][ERROR]: Houve um erro inesperado ao tentar juntar dados: 'NoneType' object has no attribute 'cursor'
Traceback (most recent call last):
  File "/home/jeremias/Documentos/pasta_de_projetos/Automatizacao _pagamentos_internacionais/manipulacao_planilha/dados_planilha.py", line 33, in juncao_dados
    sql = pd.read_sql(
          ^^^^^^^^^^^^
  File "/home/jeremias/Documentos/pasta_de_projetos/Automatizacao _pagamentos_internacionais/.venv/lib/python3.12/site-packages/pandas/io/sql.py", line 702, in read_sql
    return pandas_sql.read_query(
           ^^^^^^^^^^^^^^^^^^^^^^
  File "/home/jeremias/Documentos/pasta_de_projetos/Automatizacao _pagamentos_internacionais/.venv/lib/python3.12/site-packages/pandas/io/sql.py", line 2809, in read_query
    cursor = self.execute(sql, params)
             ^^^^^^^^^^^^^^^^^^^^^^^^^
  File "/home/jeremias/Documentos/pasta_de_projetos/Automatizacao _pagamentos_internacionais/.venv/lib/python3.12/site-packages/pandas/io/sql.py", line 2743, in execute
    cur = self.con.cursor()
          ^^^^^^^^^^^^^^^
AttributeError: 'NoneType' object has no attribute 'cursor'
26/08/2026 - [12:01:32][ERROR]: Houve um erro inesperado ao tentar se conectar ao banco de dados: int() argument must be a string, a bytes-like object or a real number, not 'NoneType'
Traceback (most recent call last):
  File "/home/jeremias/Documentos/pasta_de_projetos/Automatizacao _pagamentos_internacionais/manipulacao_dados/banco_dados.py", line 28, in conectar_banco
    self.conexao = mysql.connector.connect(
                   ^^^^^^^^^^^^^^^^^^^^^^^^
  File "/home/jeremias/Documentos/pasta_de_projetos/Automatizacao _pagamentos_internacionais/.venv/lib/python3.12/site-packages/mysql/connector/pooling.py", line 323, in connect
    return MySQLConnection(*args, **kwargs)
           ^^^^^^^^^^^^^^^^^^^^^^^^^^^^^^^^
  File "/home/jeremias/Documentos/pasta_de_projetos/Automatizacao _pagamentos_internacionais/.venv/lib/python3.12/site-packages/mysql/connector/connection.py", line 185, in __init__
    self.connect(**kwargs)
  File "/home/jeremias/Documentos/pasta_de_projetos/Automatizacao _pagamentos_internacionais/.venv/lib/python3.12/site-packages/mysql/connector/abstracts.py", line 1601, in connect
    self.config(**kwargs)
  File "/home/jeremias/Documentos/pasta_de_projetos/Automatizacao _pagamentos_internacionais/.venv/lib/python3.12/site-packages/mysql/connector/abstracts.py", line 705, in config
    self._port = int(config["port"])
                 ^^^^^^^^^^^^^^^^^^^
TypeError: int() argument must be a string, a bytes-like object or a real number, not 'NoneType'
26/08/2026 - [12:01:32][ERROR]: Houve um erro inesperado ao tentar juntar dados: 'NoneType' object has no attribute 'execute'
Traceback (most recent call last):
  File "/home/jeremias/Documentos/pasta_de_projetos/Automatizacao _pagamentos_internacionais/manipulacao_planilha/dados_planilha.py", line 33, in juncao_dados
    self.dados_db.cursor.execute(
    ^^^^^^^^^^^^^^^^^^^^^^^^^^^^
AttributeError: 'NoneType' object has no attribute 'execute'
26/08/2026 - [12:04:23][ERROR]: Houve um erro inesperado ao tentar se conectar ao banco de dados: int() argument must be a string, a bytes-like object or a real number, not 'NoneType'
Traceback (most recent call last):
  File "/home/jeremias/Documentos/pasta_de_projetos/Automatizacao _pagamentos_internacionais/manipulacao_dados/banco_dados.py", line 28, in conectar_banco
    self.conexao = mysql.connector.connect(
                   ^^^^^^^^^^^^^^^^^^^^^^^^
  File "/home/jeremias/Documentos/pasta_de_projetos/Automatizacao _pagamentos_internacionais/.venv/lib/python3.12/site-packages/mysql/connector/pooling.py", line 323, in connect
    return MySQLConnection(*args, **kwargs)
           ^^^^^^^^^^^^^^^^^^^^^^^^^^^^^^^^
  File "/home/jeremias/Documentos/pasta_de_projetos/Automatizacao _pagamentos_internacionais/.venv/lib/python3.12/site-packages/mysql/connector/connection.py", line 185, in __init__
    self.connect(**kwargs)
  File "/home/jeremias/Documentos/pasta_de_projetos/Automatizacao _pagamentos_internacionais/.venv/lib/python3.12/site-packages/mysql/connector/abstracts.py", line 1601, in connect
    self.config(**kwargs)
  File "/home/jeremias/Documentos/pasta_de_projetos/Automatizacao _pagamentos_internacionais/.venv/lib/python3.12/site-packages/mysql/connector/abstracts.py", line 705, in config
    self._port = int(config["port"])
                 ^^^^^^^^^^^^^^^^^^^
TypeError: int() argument must be a string, a bytes-like object or a real number, not 'NoneType'
26/08/2026 - [12:04:23][ERROR]: Houve um erro inesperado ao tentar juntar dados: 'NoneType' object has no attribute 'cursor'
Traceback (most recent call last):
  File "/home/jeremias/Documentos/pasta_de_projetos/Automatizacao _pagamentos_internacionais/manipulacao_planilha/dados_planilha.py", line 33, in juncao_dados
    dados_db = pd.read_sql(
               ^^^^^^^^^^^^
  File "/home/jeremias/Documentos/pasta_de_projetos/Automatizacao _pagamentos_internacionais/.venv/lib/python3.12/site-packages/pandas/io/sql.py", line 702, in read_sql
    return pandas_sql.read_query(
           ^^^^^^^^^^^^^^^^^^^^^^
  File "/home/jeremias/Documentos/pasta_de_projetos/Automatizacao _pagamentos_internacionais/.venv/lib/python3.12/site-packages/pandas/io/sql.py", line 2809, in read_query
    cursor = self.execute(sql, params)
             ^^^^^^^^^^^^^^^^^^^^^^^^^
  File "/home/jeremias/Documentos/pasta_de_projetos/Automatizacao _pagamentos_internacionais/.venv/lib/python3.12/site-packages/pandas/io/sql.py", line 2743, in execute
    cur = self.con.cursor()
          ^^^^^^^^^^^^^^^
AttributeError: 'NoneType' object has no attribute 'cursor'
26/08/2026 - [12:05:53][ERROR]: Houve um erro inesperado ao tentar se conectar ao banco de dados: int() argument must be a string, a bytes-like object or a real number, not 'NoneType'
Traceback (most recent call last):
  File "/home/jeremias/Documentos/pasta_de_projetos/Automatizacao _pagamentos_internacionais/manipulacao_dados/banco_dados.py", line 28, in conectar_banco
    self.conexao = mysql.connector.connect(
                   ^^^^^^^^^^^^^^^^^^^^^^^^
  File "/home/jeremias/Documentos/pasta_de_projetos/Automatizacao _pagamentos_internacionais/.venv/lib/python3.12/site-packages/mysql/connector/pooling.py", line 323, in connect
    return MySQLConnection(*args, **kwargs)
           ^^^^^^^^^^^^^^^^^^^^^^^^^^^^^^^^
  File "/home/jeremias/Documentos/pasta_de_projetos/Automatizacao _pagamentos_internacionais/.venv/lib/python3.12/site-packages/mysql/connector/connection.py", line 185, in __init__
    self.connect(**kwargs)
  File "/home/jeremias/Documentos/pasta_de_projetos/Automatizacao _pagamentos_internacionais/.venv/lib/python3.12/site-packages/mysql/connector/abstracts.py", line 1601, in connect
    self.config(**kwargs)
  File "/home/jeremias/Documentos/pasta_de_projetos/Automatizacao _pagamentos_internacionais/.venv/lib/python3.12/site-packages/mysql/connector/abstracts.py", line 705, in config
    self._port = int(config["port"])
                 ^^^^^^^^^^^^^^^^^^^
TypeError: int() argument must be a string, a bytes-like object or a real number, not 'NoneType'
26/08/2026 - [12:05:53][ERROR]: Houve um erro inesperado ao tentar juntar dados: 'NoneType' object has no attribute 'cursor'
Traceback (most recent call last):
  File "/home/jeremias/Documentos/pasta_de_projetos/Automatizacao _pagamentos_internacionais/manipulacao_planilha/dados_planilha.py", line 33, in juncao_dados
    dados_db = pd.read_sql(
               ^^^^^^^^^^^^
  File "/home/jeremias/Documentos/pasta_de_projetos/Automatizacao _pagamentos_internacionais/.venv/lib/python3.12/site-packages/pandas/io/sql.py", line 702, in read_sql
    return pandas_sql.read_query(
           ^^^^^^^^^^^^^^^^^^^^^^
  File "/home/jeremias/Documentos/pasta_de_projetos/Automatizacao _pagamentos_internacionais/.venv/lib/python3.12/site-packages/pandas/io/sql.py", line 2809, in read_query
    cursor = self.execute(sql, params)
             ^^^^^^^^^^^^^^^^^^^^^^^^^
  File "/home/jeremias/Documentos/pasta_de_projetos/Automatizacao _pagamentos_internacionais/.venv/lib/python3.12/site-packages/pandas/io/sql.py", line 2743, in execute
    cur = self.con.cursor()
          ^^^^^^^^^^^^^^^
AttributeError: 'NoneType' object has no attribute 'cursor'
26/08/2026 - [12:06:59][ERROR]: Houve um erro inesperado ao tentar se conectar ao banco de dados: int() argument must be a string, a bytes-like object or a real number, not 'NoneType'
Traceback (most recent call last):
  File "/home/jeremias/Documentos/pasta_de_projetos/Automatizacao _pagamentos_internacionais/manipulacao_dados/banco_dados.py", line 28, in conectar_banco
    self.conexao = mysql.connector.connect(
                   ^^^^^^^^^^^^^^^^^^^^^^^^
  File "/home/jeremias/Documentos/pasta_de_projetos/Automatizacao _pagamentos_internacionais/.venv/lib/python3.12/site-packages/mysql/connector/pooling.py", line 323, in connect
    return MySQLConnection(*args, **kwargs)
           ^^^^^^^^^^^^^^^^^^^^^^^^^^^^^^^^
  File "/home/jeremias/Documentos/pasta_de_projetos/Automatizacao _pagamentos_internacionais/.venv/lib/python3.12/site-packages/mysql/connector/connection.py", line 185, in __init__
    self.connect(**kwargs)
  File "/home/jeremias/Documentos/pasta_de_projetos/Automatizacao _pagamentos_internacionais/.venv/lib/python3.12/site-packages/mysql/connector/abstracts.py", line 1601, in connect
    self.config(**kwargs)
  File "/home/jeremias/Documentos/pasta_de_projetos/Automatizacao _pagamentos_internacionais/.venv/lib/python3.12/site-packages/mysql/connector/abstracts.py", line 705, in config
    self._port = int(config["port"])
                 ^^^^^^^^^^^^^^^^^^^
TypeError: int() argument must be a string, a bytes-like object or a real number, not 'NoneType'
26/08/2026 - [12:06:59][ERROR]: Houve um erro inesperado ao tentar juntar dados: 'NoneType' object has no attribute 'cursor'
Traceback (most recent call last):
  File "/home/jeremias/Documentos/pasta_de_projetos/Automatizacao _pagamentos_internacionais/manipulacao_planilha/dados_planilha.py", line 33, in juncao_dados
    dados_db = pd.read_sql(
               ^^^^^^^^^^^^
  File "/home/jeremias/Documentos/pasta_de_projetos/Automatizacao _pagamentos_internacionais/.venv/lib/python3.12/site-packages/pandas/io/sql.py", line 702, in read_sql
    return pandas_sql.read_query(
           ^^^^^^^^^^^^^^^^^^^^^^
  File "/home/jeremias/Documentos/pasta_de_projetos/Automatizacao _pagamentos_internacionais/.venv/lib/python3.12/site-packages/pandas/io/sql.py", line 2809, in read_query
    cursor = self.execute(sql, params)
             ^^^^^^^^^^^^^^^^^^^^^^^^^
  File "/home/jeremias/Documentos/pasta_de_projetos/Automatizacao _pagamentos_internacionais/.venv/lib/python3.12/site-packages/pandas/io/sql.py", line 2743, in execute
    cur = self.con.cursor()
          ^^^^^^^^^^^^^^^
AttributeError: 'NoneType' object has no attribute 'cursor'
26/08/2026 - [12:10:27][INFO]: package: mysql.connector.plugins
26/08/2026 - [12:10:27][INFO]: plugin_name: caching_sha2_password
26/08/2026 - [12:10:27][INFO]: AUTHENTICATION_PLUGIN_CLASS: MySQLCachingSHA2PasswordAuthPlugin
26/08/2026 - [12:10:27][INFO]: package: mysql.connector.plugins
26/08/2026 - [12:10:27][INFO]: plugin_name: mysql_native_password
26/08/2026 - [12:10:27][INFO]: AUTHENTICATION_PLUGIN_CLASS: MySQLNativePasswordAuthPlugin
26/08/2026 - [12:10:27][INFO]: O banco de dados foi conectado!!!
26/08/2026 - [12:10:28][INFO]: Banco de dados desconectado
26/08/2026 - [12:10:33][INFO]: package: mysql.connector.plugins
26/08/2026 - [12:10:33][INFO]: plugin_name: caching_sha2_password
26/08/2026 - [12:10:33][INFO]: AUTHENTICATION_PLUGIN_CLASS: MySQLCachingSHA2PasswordAuthPlugin
26/08/2026 - [12:10:33][INFO]: package: mysql.connector.plugins
26/08/2026 - [12:10:33][INFO]: plugin_name: mysql_native_password
26/08/2026 - [12:10:33][INFO]: AUTHENTICATION_PLUGIN_CLASS: MySQLNativePasswordAuthPlugin
26/08/2026 - [12:10:33][INFO]: O banco de dados foi conectado!!!
26/08/2026 - [12:10:33][INFO]: Banco de dados desconectado
26/08/2026 - [12:11:12][INFO]: package: mysql.connector.plugins
26/08/2026 - [12:11:12][INFO]: plugin_name: caching_sha2_password
26/08/2026 - [12:11:12][INFO]: AUTHENTICATION_PLUGIN_CLASS: MySQLCachingSHA2PasswordAuthPlugin
26/08/2026 - [12:11:12][INFO]: package: mysql.connector.plugins
26/08/2026 - [12:11:12][INFO]: plugin_name: mysql_native_password
26/08/2026 - [12:11:12][INFO]: AUTHENTICATION_PLUGIN_CLASS: MySQLNativePasswordAuthPlugin
26/08/2026 - [12:11:12][INFO]: O banco de dados foi conectado!!!
26/08/2026 - [12:11:12][INFO]: Banco de dados desconectado
26/08/2026 - [12:11:16][INFO]: package: mysql.connector.plugins
26/08/2026 - [12:11:16][INFO]: plugin_name: caching_sha2_password
26/08/2026 - [12:11:16][INFO]: AUTHENTICATION_PLUGIN_CLASS: MySQLCachingSHA2PasswordAuthPlugin
26/08/2026 - [12:11:16][INFO]: package: mysql.connector.plugins
26/08/2026 - [12:11:16][INFO]: plugin_name: mysql_native_password
26/08/2026 - [12:11:16][INFO]: AUTHENTICATION_PLUGIN_CLASS: MySQLNativePasswordAuthPlugin
26/08/2026 - [12:11:16][INFO]: O banco de dados foi conectado!!!
26/08/2026 - [12:11:16][INFO]: Banco de dados desconectado
26/08/2026 - [12:11:29][INFO]: package: mysql.connector.plugins
26/08/2026 - [12:11:29][INFO]: plugin_name: caching_sha2_password
26/08/2026 - [12:11:29][INFO]: AUTHENTICATION_PLUGIN_CLASS: MySQLCachingSHA2PasswordAuthPlugin
26/08/2026 - [12:11:29][INFO]: package: mysql.connector.plugins
26/08/2026 - [12:11:29][INFO]: plugin_name: mysql_native_password
26/08/2026 - [12:11:29][INFO]: AUTHENTICATION_PLUGIN_CLASS: MySQLNativePasswordAuthPlugin
26/08/2026 - [12:11:29][INFO]: O banco de dados foi conectado!!!
26/08/2026 - [12:11:29][INFO]: Banco de dados desconectado
26/08/2026 - [12:12:06][INFO]: package: mysql.connector.plugins
26/08/2026 - [12:12:06][INFO]: plugin_name: caching_sha2_password
26/08/2026 - [12:12:06][INFO]: AUTHENTICATION_PLUGIN_CLASS: MySQLCachingSHA2PasswordAuthPlugin
26/08/2026 - [12:12:06][INFO]: package: mysql.connector.plugins
26/08/2026 - [12:12:06][INFO]: plugin_name: mysql_native_password
26/08/2026 - [12:12:06][INFO]: AUTHENTICATION_PLUGIN_CLASS: MySQLNativePasswordAuthPlugin
26/08/2026 - [12:12:06][INFO]: O banco de dados foi conectado!!!
26/08/2026 - [12:12:06][INFO]: Banco de dados desconectado
26/08/2026 - [12:12:55][INFO]: package: mysql.connector.plugins
26/08/2026 - [12:12:55][INFO]: plugin_name: caching_sha2_password
26/08/2026 - [12:12:55][INFO]: AUTHENTICATION_PLUGIN_CLASS: MySQLCachingSHA2PasswordAuthPlugin
26/08/2026 - [12:12:55][INFO]: package: mysql.connector.plugins
26/08/2026 - [12:12:55][INFO]: plugin_name: mysql_native_password
26/08/2026 - [12:12:55][INFO]: AUTHENTICATION_PLUGIN_CLASS: MySQLNativePasswordAuthPlugin
26/08/2026 - [12:12:55][INFO]: O banco de dados foi conectado!!!
26/08/2026 - [12:12:56][INFO]: Banco de dados desconectado
26/08/2026 - [12:14:11][INFO]: package: mysql.connector.plugins
26/08/2026 - [12:14:11][INFO]: plugin_name: caching_sha2_password
26/08/2026 - [12:14:11][INFO]: AUTHENTICATION_PLUGIN_CLASS: MySQLCachingSHA2PasswordAuthPlugin
26/08/2026 - [12:14:11][INFO]: package: mysql.connector.plugins
26/08/2026 - [12:14:11][INFO]: plugin_name: mysql_native_password
26/08/2026 - [12:14:11][INFO]: AUTHENTICATION_PLUGIN_CLASS: MySQLNativePasswordAuthPlugin
26/08/2026 - [12:14:11][INFO]: O banco de dados foi conectado!!!
26/08/2026 - [12:14:12][INFO]: Banco de dados desconectado
26/08/2026 - [12:49:53][ERROR]: Houve um erro desconhecido ao tentar cadastrar 1 | Google. Erro: 'NoneType' object has no attribute 'get'
Traceback (most recent call last):
  File "/home/jeremias/Documentos/pasta_de_projetos/Automatizacao _pagamentos_internacionais/tratamento_botweb/criacao_bot.py", line 57, in cadastro_clientes
    self.bot.get("https://forms.gle/DY7RzsjNxfdcZQM4A")
    ^^^^^^^^^^^^
AttributeError: 'NoneType' object has no attribute 'get'
26/08/2026 - [12:50:28][ERROR]: Houve um erro desconhecido ao tentar cadastrar 1 | Google. Erro: 'NoneType' object has no attribute 'get'
Traceback (most recent call last):
  File "/home/jeremias/Documentos/pasta_de_projetos/Automatizacao _pagamentos_internacionais/tratamento_botweb/criacao_bot.py", line 57, in cadastro_clientes
    self.bot.get("https://forms.gle/DY7RzsjNxfdcZQM4A")
    ^^^^^^^^^^^^
AttributeError: 'NoneType' object has no attribute 'get'
26/08/2026 - [12:52:38][ERROR]: Houve um erro desconhecido ao tentar cadastrar 1 | Google. Erro: 'NoneType' object has no attribute 'get'
Traceback (most recent call last):
  File "/home/jeremias/Documentos/pasta_de_projetos/Automatizacao _pagamentos_internacionais/tratamento_botweb/criacao_bot.py", line 57, in cadastro_clientes
    self.bot.get("https://forms.gle/DY7RzsjNxfdcZQM4A")
    ^^^^^^^^^^^^
AttributeError: 'NoneType' object has no attribute 'get'
26/08/2026 - [12:55:42][ERROR]: Houve um erro desconhecido ao tentar cadastrar 1 | Google. Erro: 'NoneType' object has no attribute 'get'
Traceback (most recent call last):
  File "/home/jeremias/Documentos/pasta_de_projetos/Automatizacao _pagamentos_internacionais/tratamento_botweb/criacao_bot.py", line 57, in cadastro_clientes
    self.bot.get("https://forms.gle/DY7RzsjNxfdcZQM4A")
    ^^^^^^^^^^^^
AttributeError: 'NoneType' object has no attribute 'get'
26/08/2026 - [12:58:05][ERROR]: Houve um erro desconhecido ao tentar cadastrar 1 | Google. Erro: 'NoneType' object has no attribute 'get'
Traceback (most recent call last):
  File "/home/jeremias/Documentos/pasta_de_projetos/Automatizacao _pagamentos_internacionais/tratamento_botweb/criacao_bot.py", line 57, in cadastro_clientes
    self.bot.get("https://forms.gle/DY7RzsjNxfdcZQM4A")
    ^^^^^^^^^^^^
AttributeError: 'NoneType' object has no attribute 'get'
26/08/2026 - [13:03:51][INFO]: Processando cadastro do proprietario: 1 | Google
26/08/2026 - [13:03:53][INFO]: package: mysql.connector.plugins
26/08/2026 - [13:03:53][INFO]: plugin_name: caching_sha2_password
26/08/2026 - [13:03:53][INFO]: AUTHENTICATION_PLUGIN_CLASS: MySQLCachingSHA2PasswordAuthPlugin
26/08/2026 - [13:03:53][INFO]: package: mysql.connector.plugins
26/08/2026 - [13:03:53][INFO]: plugin_name: mysql_native_password
26/08/2026 - [13:03:53][INFO]: AUTHENTICATION_PLUGIN_CLASS: MySQLNativePasswordAuthPlugin
26/08/2026 - [13:03:53][INFO]: O banco de dados foi conectado!!!
26/08/2026 - [13:03:53][INFO]: Status da fatura 1 atualizado para PAGO
26/08/2026 - [13:03:53][INFO]: Banco de dados desconectado
26/08/2026 - [13:03:53][INFO]: Status do cliente 1 | Google atualizado com successo!!
26/08/2026 - [13:03:53][INFO]: Cliente 1 | Google cadastrado com sucesso!!
26/08/2026 - [13:03:53][INFO]: Status do cliente 1 | Google Atualizada com sucesso!!
26/08/2026 - [13:04:01][INFO]: Processando cadastro do proprietario: 2 | Microsoft
26/08/2026 - [13:04:02][INFO]: O banco de dados foi conectado!!!
26/08/2026 - [13:04:02][INFO]: Status da fatura 2 atualizado para PAGO
26/08/2026 - [13:04:02][INFO]: Banco de dados desconectado
26/08/2026 - [13:04:02][INFO]: Status do cliente 2 | Microsoft atualizado com successo!!
26/08/2026 - [13:04:02][INFO]: Cliente 2 | Microsoft cadastrado com sucesso!!
26/08/2026 - [13:04:02][INFO]: Status do cliente 2 | Microsoft Atualizada com sucesso!!
26/08/2026 - [13:04:08][INFO]: Processando cadastro do proprietario: 3 | Amazon
26/08/2026 - [13:04:10][INFO]: O banco de dados foi conectado!!!
26/08/2026 - [13:04:10][INFO]: Status da fatura 3 atualizado para PAGO
26/08/2026 - [13:04:10][INFO]: Banco de dados desconectado
26/08/2026 - [13:04:10][INFO]: Status do cliente 3 | Amazon atualizado com successo!!
26/08/2026 - [13:04:10][INFO]: Cliente 3 | Amazon cadastrado com sucesso!!
26/08/2026 - [13:04:10][INFO]: Status do cliente 3 | Amazon Atualizada com sucesso!!
26/08/2026 - [13:04:15][INFO]: Processando cadastro do proprietario: 4 | Proprietario_teste
26/08/2026 - [13:04:17][INFO]: O banco de dados foi conectado!!!
26/08/2026 - [13:04:17][INFO]: Status da fatura 4 atualizado para PAGO
26/08/2026 - [13:04:17][INFO]: Banco de dados desconectado
26/08/2026 - [13:04:17][INFO]: Status do cliente 4 | Proprietario_teste atualizado com successo!!
26/08/2026 - [13:04:17][INFO]: Cliente 4 | Proprietario_teste cadastrado com sucesso!!
26/08/2026 - [13:04:17][INFO]: Status do cliente 4 | Proprietario_teste Atualizada com sucesso!!
26/08/2026 - [13:04:21][ERROR]: Error terminating service process.
Traceback (most recent call last):
  File "/home/jeremias/Documentos/pasta_de_projetos/Automatizacao _pagamentos_internacionais/.venv/lib/python3.12/site-packages/selenium/webdriver/common/service.py", line 182, in _terminate_process
    self.process.terminate()
  File "/usr/lib/python3.12/subprocess.py", line 2211, in terminate
    self.send_signal(signal.SIGTERM)
  File "/usr/lib/python3.12/subprocess.py", line 2203, in send_signal
    os.kill(self.pid, sig)
PermissionError: [Errno 13] Permission denied
27/08/2026 - [12:00:12][ERROR]: Houve um erro desconhecido ao tentar cadastrar 1 | Google. Erro: Message: element not interactable
  (Session info: chrome=150.0.7871.114); For documentation on this error, please visit: https://www.selenium.dev/documentation/webdriver/troubleshooting/errors#elementnotinteractableexception
Stacktrace:
#0 0x5fa4f53deaea <unknown>
#1 0x5fa4f4dd32c0 <unknown>
#2 0x5fa4f4e23631 <unknown>
#3 0x5fa4f4e2181e <unknown>
#4 0x5fa4f4e1cdf8 <unknown>
#5 0x5fa4f4e702ae <unknown>
#6 0x5fa4f4e1b5a9 <unknown>
#7 0x5fa4f4e1c3c1 <unknown>
#8 0x5fa4f53a43db <unknown>
#9 0x5fa4f53a30e4 <unknown>
#10 0x5fa4f538f784 <unknown>
#11 0x5fa4f53a3882 <unknown>
#12 0x5fa4f5379467 <unknown>
#13 0x5fa4f53cb148 <unknown>
#14 0x5fa4f53cb336 <unknown>
#15 0x5fa4f53dd657 <unknown>
#16 0x79eebda2daa4 <unknown>
#17 0x79eebdabac6c <unknown>
Traceback (most recent call last):
  File "/home/jeremias/Documentos/pasta_de_projetos/Automatizacao _pagamentos_internacionais/tratamento_botweb/criacao_bot.py", line 65, in cadastro_clientes
    nome_cliente.send_keys(dados_clientes['Proprietario'])
  File "/home/jeremias/Documentos/pasta_de_projetos/Automatizacao _pagamentos_internacionais/.venv/lib/python3.12/site-packages/selenium/webdriver/remote/webelement.py", line 276, in send_keys
    self._execute(
  File "/home/jeremias/Documentos/pasta_de_projetos/Automatizacao _pagamentos_internacionais/.venv/lib/python3.12/site-packages/selenium/webdriver/remote/webelement.py", line 508, in _execute
    return self._parent.execute(command, params)
           ^^^^^^^^^^^^^^^^^^^^^^^^^^^^^^^^^^^^^
  File "/home/jeremias/Documentos/pasta_de_projetos/Automatizacao _pagamentos_internacionais/.venv/lib/python3.12/site-packages/selenium/webdriver/remote/webdriver.py", line 504, in execute
    self.error_handler.check_response(response)
  File "/home/jeremias/Documentos/pasta_de_projetos/Automatizacao _pagamentos_internacionais/.venv/lib/python3.12/site-packages/selenium/webdriver/remote/errorhandler.py", line 232, in check_response
    raise exception_class(message, screen, stacktrace)
selenium.common.exceptions.ElementNotInteractableException: Message: element not interactable
  (Session info: chrome=150.0.7871.114); For documentation on this error, please visit: https://www.selenium.dev/documentation/webdriver/troubleshooting/errors#elementnotinteractableexception
Stacktrace:
#0 0x5fa4f53deaea <unknown>
#1 0x5fa4f4dd32c0 <unknown>
#2 0x5fa4f4e23631 <unknown>
#3 0x5fa4f4e2181e <unknown>
#4 0x5fa4f4e1cdf8 <unknown>
#5 0x5fa4f4e702ae <unknown>
#6 0x5fa4f4e1b5a9 <unknown>
#7 0x5fa4f4e1c3c1 <unknown>
#8 0x5fa4f53a43db <unknown>
#9 0x5fa4f53a30e4 <unknown>
#10 0x5fa4f538f784 <unknown>
#11 0x5fa4f53a3882 <unknown>
#12 0x5fa4f5379467 <unknown>
#13 0x5fa4f53cb148 <unknown>
#14 0x5fa4f53cb336 <unknown>
#15 0x5fa4f53dd657 <unknown>
#16 0x79eebda2daa4 <unknown>
#17 0x79eebdabac6c <unknown>

27/08/2026 - [12:00:34][INFO]: Processando cadastro do proprietario: 1 | Google
27/08/2026 - [12:00:35][INFO]: package: mysql.connector.plugins
27/08/2026 - [12:00:35][INFO]: plugin_name: caching_sha2_password
27/08/2026 - [12:00:35][INFO]: AUTHENTICATION_PLUGIN_CLASS: MySQLCachingSHA2PasswordAuthPlugin
27/08/2026 - [12:00:35][INFO]: package: mysql.connector.plugins
27/08/2026 - [12:00:35][INFO]: plugin_name: mysql_native_password
27/08/2026 - [12:00:35][INFO]: AUTHENTICATION_PLUGIN_CLASS: MySQLNativePasswordAuthPlugin
27/08/2026 - [12:00:35][INFO]: O banco de dados foi conectado!!!
27/08/2026 - [12:00:35][INFO]: Status da fatura 1 atualizado para PAGO
27/08/2026 - [12:00:35][INFO]: Banco de dados desconectado
27/08/2026 - [12:00:35][INFO]: Status do cliente 1 | Google atualizado com successo!!
27/08/2026 - [12:00:35][INFO]: Cliente 1 | Google cadastrado com sucesso!!
27/08/2026 - [12:00:35][INFO]: Status do cliente 1 | Google Atualizada com sucesso!!
27/08/2026 - [12:00:38][INFO]: Processando cadastro do proprietario: 2 | Microsoft
27/08/2026 - [12:00:39][INFO]: O banco de dados foi conectado!!!
27/08/2026 - [12:00:39][INFO]: Status da fatura 2 atualizado para PAGO
27/08/2026 - [12:00:39][INFO]: Banco de dados desconectado
27/08/2026 - [12:00:39][INFO]: Status do cliente 2 | Microsoft atualizado com successo!!
27/08/2026 - [12:00:39][INFO]: Cliente 2 | Microsoft cadastrado com sucesso!!
27/08/2026 - [12:00:39][INFO]: Status do cliente 2 | Microsoft Atualizada com sucesso!!
27/08/2026 - [12:00:42][INFO]: Processando cadastro do proprietario: 3 | Amazon
27/08/2026 - [12:00:43][INFO]: O banco de dados foi conectado!!!
27/08/2026 - [12:00:43][INFO]: Status da fatura 3 atualizado para PAGO
27/08/2026 - [12:00:43][INFO]: Banco de dados desconectado
27/08/2026 - [12:00:43][INFO]: Status do cliente 3 | Amazon atualizado com successo!!
27/08/2026 - [12:00:43][INFO]: Cliente 3 | Amazon cadastrado com sucesso!!
27/08/2026 - [12:00:43][INFO]: Status do cliente 3 | Amazon Atualizada com sucesso!!
27/08/2026 - [12:00:47][INFO]: Processando cadastro do proprietario: 4 | Proprietario_teste
27/08/2026 - [12:00:47][INFO]: O banco de dados foi conectado!!!
27/08/2026 - [12:00:47][INFO]: Status da fatura 4 atualizado para PAGO
27/08/2026 - [12:00:47][INFO]: Banco de dados desconectado
27/08/2026 - [12:00:47][INFO]: Status do cliente 4 | Proprietario_teste atualizado com successo!!
27/08/2026 - [12:00:47][INFO]: Cliente 4 | Proprietario_teste cadastrado com sucesso!!
27/08/2026 - [12:00:47][INFO]: Status do cliente 4 | Proprietario_teste Atualizada com sucesso!!
27/08/2026 - [12:02:09][ERROR]: Houve um erro desconhecido ao tentar cadastrar 1 | Google. Erro: Message: element not interactable
  (Session info: chrome=150.0.7871.114); For documentation on this error, please visit: https://www.selenium.dev/documentation/webdriver/troubleshooting/errors#elementnotinteractableexception
Stacktrace:
#0 0x64f7f2733aea <unknown>
#1 0x64f7f21282c0 <unknown>
#2 0x64f7f2178631 <unknown>
#3 0x64f7f217681e <unknown>
#4 0x64f7f2171df8 <unknown>
#5 0x64f7f21c52ae <unknown>
#6 0x64f7f21705a9 <unknown>
#7 0x64f7f21713c1 <unknown>
#8 0x64f7f26f93db <unknown>
#9 0x64f7f26f80e4 <unknown>
#10 0x64f7f26e4784 <unknown>
#11 0x64f7f26f8882 <unknown>
#12 0x64f7f26ce467 <unknown>
#13 0x64f7f2720148 <unknown>
#14 0x64f7f2720336 <unknown>
#15 0x64f7f2732657 <unknown>
#16 0x70030adadaa4 <unknown>
#17 0x70030ae3ac6c <unknown>
Traceback (most recent call last):
  File "/home/jeremias/Documentos/pasta_de_projetos/Automatizacao _pagamentos_internacionais/tratamento_botweb/criacao_bot.py", line 65, in cadastro_clientes
    nome_cliente.send_keys(dados_clientes['Proprietario'])
  File "/home/jeremias/Documentos/pasta_de_projetos/Automatizacao _pagamentos_internacionais/.venv/lib/python3.12/site-packages/selenium/webdriver/remote/webelement.py", line 276, in send_keys
    self._execute(
  File "/home/jeremias/Documentos/pasta_de_projetos/Automatizacao _pagamentos_internacionais/.venv/lib/python3.12/site-packages/selenium/webdriver/remote/webelement.py", line 508, in _execute
    return self._parent.execute(command, params)
           ^^^^^^^^^^^^^^^^^^^^^^^^^^^^^^^^^^^^^
  File "/home/jeremias/Documentos/pasta_de_projetos/Automatizacao _pagamentos_internacionais/.venv/lib/python3.12/site-packages/selenium/webdriver/remote/webdriver.py", line 504, in execute
    self.error_handler.check_response(response)
  File "/home/jeremias/Documentos/pasta_de_projetos/Automatizacao _pagamentos_internacionais/.venv/lib/python3.12/site-packages/selenium/webdriver/remote/errorhandler.py", line 232, in check_response
    raise exception_class(message, screen, stacktrace)
selenium.common.exceptions.ElementNotInteractableException: Message: element not interactable
  (Session info: chrome=150.0.7871.114); For documentation on this error, please visit: https://www.selenium.dev/documentation/webdriver/troubleshooting/errors#elementnotinteractableexception
Stacktrace:
#0 0x64f7f2733aea <unknown>
#1 0x64f7f21282c0 <unknown>
#2 0x64f7f2178631 <unknown>
#3 0x64f7f217681e <unknown>
#4 0x64f7f2171df8 <unknown>
#5 0x64f7f21c52ae <unknown>
#6 0x64f7f21705a9 <unknown>
#7 0x64f7f21713c1 <unknown>
#8 0x64f7f26f93db <unknown>
#9 0x64f7f26f80e4 <unknown>
#10 0x64f7f26e4784 <unknown>
#11 0x64f7f26f8882 <unknown>
#12 0x64f7f26ce467 <unknown>
#13 0x64f7f2720148 <unknown>
#14 0x64f7f2720336 <unknown>
#15 0x64f7f2732657 <unknown>
#16 0x70030adadaa4 <unknown>
#17 0x70030ae3ac6c <unknown>

27/08/2026 - [12:02:09][ERROR]: Error terminating service process.
Traceback (most recent call last):
  File "/home/jeremias/Documentos/pasta_de_projetos/Automatizacao _pagamentos_internacionais/.venv/lib/python3.12/site-packages/selenium/webdriver/common/service.py", line 182, in _terminate_process
    self.process.terminate()
  File "/usr/lib/python3.12/subprocess.py", line 2211, in terminate
    self.send_signal(signal.SIGTERM)
  File "/usr/lib/python3.12/subprocess.py", line 2203, in send_signal
    os.kill(self.pid, sig)
PermissionError: [Errno 13] Permission denied
27/08/2026 - [12:02:26][INFO]: Processando cadastro do proprietario: 1 | Google
27/08/2026 - [12:02:27][INFO]: package: mysql.connector.plugins
27/08/2026 - [12:02:27][INFO]: plugin_name: caching_sha2_password
27/08/2026 - [12:02:27][INFO]: AUTHENTICATION_PLUGIN_CLASS: MySQLCachingSHA2PasswordAuthPlugin
27/08/2026 - [12:02:27][INFO]: package: mysql.connector.plugins
27/08/2026 - [12:02:27][INFO]: plugin_name: mysql_native_password
27/08/2026 - [12:02:27][INFO]: AUTHENTICATION_PLUGIN_CLASS: MySQLNativePasswordAuthPlugin
27/08/2026 - [12:02:27][INFO]: O banco de dados foi conectado!!!
27/08/2026 - [12:02:27][INFO]: Status da fatura 1 atualizado para PAGO
27/08/2026 - [12:02:27][INFO]: Banco de dados desconectado
27/08/2026 - [12:02:27][INFO]: Status do cliente 1 | Google atualizado com successo!!
27/08/2026 - [12:02:27][INFO]: Cliente 1 | Google cadastrado com sucesso!!
27/08/2026 - [12:02:27][INFO]: Status do cliente 1 | Google Atualizada com sucesso!!
27/08/2026 - [12:02:30][INFO]: Processando cadastro do proprietario: 2 | Microsoft
27/08/2026 - [12:02:31][INFO]: O banco de dados foi conectado!!!
27/08/2026 - [12:02:31][INFO]: Status da fatura 2 atualizado para PAGO
27/08/2026 - [12:02:31][INFO]: Banco de dados desconectado
27/08/2026 - [12:02:31][INFO]: Status do cliente 2 | Microsoft atualizado com successo!!
27/08/2026 - [12:02:31][INFO]: Cliente 2 | Microsoft cadastrado com sucesso!!
27/08/2026 - [12:02:31][INFO]: Status do cliente 2 | Microsoft Atualizada com sucesso!!
27/08/2026 - [12:02:37][INFO]: Processando cadastro do proprietario: 3 | Amazon
27/08/2026 - [12:02:37][INFO]: O banco de dados foi conectado!!!
27/08/2026 - [12:02:37][INFO]: Status da fatura 3 atualizado para PAGO
27/08/2026 - [12:02:37][INFO]: Banco de dados desconectado
27/08/2026 - [12:02:37][INFO]: Status do cliente 3 | Amazon atualizado com successo!!
27/08/2026 - [12:02:37][INFO]: Cliente 3 | Amazon cadastrado com sucesso!!
27/08/2026 - [12:02:37][INFO]: Status do cliente 3 | Amazon Atualizada com sucesso!!
27/08/2026 - [12:02:41][INFO]: Processando cadastro do proprietario: 4 | Proprietario_teste
27/08/2026 - [12:02:42][INFO]: O banco de dados foi conectado!!!
27/08/2026 - [12:02:42][INFO]: Status da fatura 4 atualizado para PAGO
27/08/2026 - [12:02:42][INFO]: Banco de dados desconectado
27/08/2026 - [12:02:42][INFO]: Status do cliente 4 | Proprietario_teste atualizado com successo!!
27/08/2026 - [12:02:42][INFO]: Cliente 4 | Proprietario_teste cadastrado com sucesso!!
27/08/2026 - [12:02:42][INFO]: Status do cliente 4 | Proprietario_teste Atualizada com sucesso!!
27/08/2026 - [12:02:44][ERROR]: Error terminating service process.
Traceback (most recent call last):
  File "/home/jeremias/Documentos/pasta_de_projetos/Automatizacao _pagamentos_internacionais/.venv/lib/python3.12/site-packages/selenium/webdriver/common/service.py", line 182, in _terminate_process
    self.process.terminate()
  File "/usr/lib/python3.12/subprocess.py", line 2211, in terminate
    self.send_signal(signal.SIGTERM)
  File "/usr/lib/python3.12/subprocess.py", line 2203, in send_signal
    os.kill(self.pid, sig)
PermissionError: [Errno 13] Permission denied
